Timestamp,NIFTY_LTP,ATM_Strike,Expiry,Option,LTP,IV,Delta,Gamma,Theta,Vega,Rho,OI,OI_Change,Volume
2025-12-29 10:55:30,26007.85,26000,2025-12-30,CE,60.0,8.67,0.5520,0.003100,-21.3915,5.8778,0.4849,23818575,12644275,128610600
2025-12-29 10:55:30,26007.85,26000,2025-12-30,PE,42.2,8.45,-0.4468,0.003100,-20.8554,5.8753,-0.4119,25782450,10827025,228746250
2025-12-29 10:55:36,26007.7,26000,2025-12-30,CE,59.7,8.36,0.5646,0.003200,-20.5454,5.8508,0.4859,23818575,12644275,128739525
2025-12-29 10:55:36,26007.7,26000,2025-12-30,PE,42.6,8.70,-0.4378,0.003000,-21.3910,5.8565,-0.4134,25782450,10827025,228929175
2025-12-29 10:55:41,26008.9,26000,2025-12-30,CE,60.0,8.35,0.5628,0.003200,-20.5229,5.8547,0.4892,24102300,12928000,128801250
2025-12-29 10:55:41,26008.9,26000,2025-12-30,PE,42.35,8.73,-0.4398,0.003000,-21.4831,5.8608,-0.4103,26057400,11101975,229007325
2025-12-29 10:55:47,26007.75,26000,2025-12-30,CE,60.05,8.48,0.5590,0.003100,-20.8911,5.8630,0.4854,24102300,12928000,128865750
2025-12-29 10:55:47,26007.75,26000,2025-12-30,PE,42.3,8.61,-0.4418,0.003100,-21.1980,5.8648,-0.4128,26057400,11101975,229061475
2025-12-29 10:55:52,26007.75,26000,2025-12-30,CE,60.0,8.53,0.5578,0.003100,-21.0138,5.8655,0.4852,24102300,12928000,128920050
2025-12-29 10:55:52,26007.75,26000,2025-12-30,PE,42.3,8.58,-0.4425,0.003100,-21.1288,5.8662,-0.4127,26057400,11101975,229113450
2025-12-29 10:55:57,26007.0,26000,2025-12-30,CE,59.75,8.48,0.5590,0.003100,-20.8921,5.8627,0.4833,24102300,12928000,128970000
2025-12-29 10:55:57,26007.0,26000,2025-12-30,PE,42.7,8.58,-0.4416,0.003100,-21.1223,5.8641,-0.4147,26057400,11101975,229192500
2025-12-29 10:56:03,26005.3,26000,2025-12-30,CE,59.7,8.45,0.5592,0.003100,-20.8158,5.8622,0.4787,24102300,12928000,129027825
2025-12-29 10:56:03,26005.3,26000,2025-12-30,PE,42.6,8.62,-0.4419,0.003100,-21.2379,5.8646,-0.4194,26057400,11101975,229263750
2025-12-29 10:56:08,26004.5,26000,2025-12-30,CE,59.3,8.47,0.5579,0.003100,-20.8642,5.8649,0.4764,24102300,12928000,129129300
2025-12-29 10:56:08,26004.5,26000,2025-12-30,PE,43.0,8.62,-0.4431,0.003100,-21.2477,5.8670,-0.4216,26057400,11101975,229423050
2025-12-29 10:56:14,26005.35,26000,2025-12-30,CE,59.45,8.30,0.5622,0.003200,-20.4181,5.8553,0.4794,24102300,12928000,129225150
2025-12-29 10:56:14,26005.35,26000,2025-12-30,PE,42.85,8.77,-0.4410,0.003000,-21.6085,5.8626,-0.4198,26057400,11101975,229657725
2025-12-29 10:56:19,26006.6,26000,2025-12-30,CE,59.7,8.51,0.5544,0.003100,-21.0028,5.8715,0.4820,24102300,12928000,129269925
2025-12-29 10:56:19,26006.6,26000,2025-12-30,PE,42.8,8.59,-0.4460,0.003100,-21.1944,5.8725,-0.4157,26057400,11101975,229757025
2025-12-29 10:56:24,26005.55,26000,2025-12-30,CE,59.75,8.47,0.5579,0.003100,-20.8657,5.8644,0.4792,24102300,12928000,129318600
2025-12-29 10:56:24,26005.55,26000,2025-12-30,PE,42.7,8.65,-0.4433,0.003100,-21.3259,5.8670,-0.4188,26057400,11101975,229890900
2025-12-29 10:56:30,26006.45,26000,2025-12-30,CE,59.85,8.51,0.5566,0.003100,-20.9882,5.8669,0.4815,24102300,12928000,129352650
2025-12-29 10:56:30,26006.45,26000,2025-12-30,PE,42.65,8.62,-0.4441,0.003100,-21.2566,5.8683,-0.4162,26057400,11101975,229951725
2025-12-29 10:56:35,26006.5,26000,2025-12-30,CE,59.95,8.51,0.5576,0.003100,-20.9822,5.8647,0.4816,24102300,12928000,129432450
2025-12-29 10:56:35,26006.5,26000,2025-12-30,PE,42.6,8.61,-0.4430,0.003100,-21.2124,5.8659,-0.4160,26057400,11101975,230113275
2025-12-29 10:56:41,26006.35,26000,2025-12-30,CE,59.9,8.61,0.5539,0.003100,-21.2353,5.8719,0.4808,24102300,12928000,129463575
2025-12-29 10:56:41,26006.35,26000,2025-12-30,PE,42.6,8.56,-0.4458,0.003100,-21.1203,5.8714,-0.4162,26057400,11101975,230148900
2025-12-29 10:56:46,26005.3,26000,2025-12-30,CE,59.8,8.61,0.5542,0.003100,-21.2336,5.8712,0.4779,24102300,12928000,129551400
2025-12-29 10:56:46,26005.3,26000,2025-12-30,PE,42.65,8.54,-0.4454,0.003100,-21.0803,5.8705,-0.4190,26057400,11101975,230201175
2025-12-29 10:56:52,26006.0,26000,2025-12-30,CE,59.9,8.48,0.5578,0.003100,-20.9070,5.8638,0.4803,24102300,12928000,129650250
2025-12-29 10:56:52,26006.0,26000,2025-12-30,PE,42.6,8.67,-0.4434,0.003100,-21.3673,5.8663,-0.4175,26057400,11101975,230348175
2025-12-29 10:56:57,26007.45,26000,2025-12-30,CE,60.2,8.51,0.5576,0.003100,-20.9843,5.8641,0.4841,24102300,12928000,129677625
2025-12-29 10:56:57,26007.45,26000,2025-12-30,PE,42.3,8.62,-0.4431,0.003100,-21.2528,5.8655,-0.4134,26057400,11101975,230397750
2025-12-29 10:57:03,26007.55,26000,2025-12-30,CE,60.9,8.61,0.5545,0.003100,-21.2329,5.8702,0.4840,24102300,12928000,129881325
2025-12-29 10:57:03,26007.55,26000,2025-12-30,PE,41.35,8.54,-0.4451,0.003100,-21.0796,5.8694,-0.4128,26057400,11101975,230714550
2025-12-29 10:57:08,26008.6,26000,2025-12-30,CE,60.75,8.64,0.5580,0.003100,-21.2830,5.8629,0.4866,24102300,12928000,130017825
2025-12-29 10:57:08,26008.6,26000,2025-12-30,PE,41.5,8.44,-0.4407,0.003100,-20.7839,5.8600,-0.4094,26057400,11101975,230927025
2025-12-29 10:57:14,26008.6,26000,2025-12-30,CE,60.75,8.61,0.5582,0.003100,-21.2067,5.8623,0.4867,24102300,12928000,130106100
2025-12-29 10:57:14,26008.6,26000,2025-12-30,PE,41.5,8.44,-0.4407,0.003100,-20.7839,5.8600,-0.4094,26057400,11101975,231054450
2025-12-29 10:57:19,26009.85,26000,2025-12-30,CE,60.5,8.67,0.5560,0.003100,-21.3745,5.8668,0.4898,24102300,12928000,130189650
2025-12-29 10:57:19,26009.85,26000,2025-12-30,PE,41.7,8.42,-0.4425,0.003200,-20.7607,5.8635,-0.4058,26057400,11101975,231266400
2025-12-29 10:57:24,26008.8,26000,2025-12-30,CE,60.2,8.45,0.5633,0.003100,-20.7916,5.8508,0.4880,24102300,12928000,130284600
2025-12-29 10:57:24,26008.8,26000,2025-12-30,PE,42.1,8.61,-0.4378,0.003100,-21.1761,5.8533,-0.4096,26057400,11101975,231394650
2025-12-29 10:57:30,26006.95,26000,2025-12-30,CE,60.25,8.39,0.5638,0.003200,-20.6383,5.8496,0.4831,24102300,12928000,130395375
2025-12-29 10:57:30,26006.95,26000,2025-12-30,PE,42.15,8.67,-0.4382,0.003100,-21.3303,5.8541,-0.4148,26057400,11101975,231495000
2025-12-29 10:57:35,26009.75,26000,2025-12-30,CE,60.5,8.76,0.5500,0.003000,-21.6442,5.8779,0.4890,24102300,12928000,130434675
2025-12-29 10:57:35,26009.75,26000,2025-12-30,PE,41.65,8.39,-0.4480,0.003200,-20.7252,5.8739,-0.4059,26057400,11101975,231557775
2025-12-29 10:57:41,26009.2,26000,2025-12-30,CE,60.25,8.73,0.5538,0.003000,-21.5436,5.8705,0.4877,24102300,12928000,130566750
2025-12-29 10:57:41,26009.2,26000,2025-12-30,PE,42.0,8.39,-0.4442,0.003200,-20.7001,5.8663,-0.4074,26057400,11101975,231721125
2025-12-29 10:57:46,26007.15,26000,2025-12-30,CE,60.0,8.58,0.5572,0.003100,-21.1428,5.8635,0.4828,24102300,12928000,130620825
2025-12-29 10:57:46,26007.15,26000,2025-12-30,PE,42.2,8.53,-0.4425,0.003100,-21.0276,5.8628,-0.4136,26057400,11101975,231808575
2025-12-29 10:57:51,26008.35,26000,2025-12-30,CE,60.0,8.56,0.5564,0.003100,-21.1118,5.8650,0.4861,24102300,12928000,130660575
2025-12-29 10:57:51,26008.35,26000,2025-12-30,PE,42.3,8.54,-0.4435,0.003100,-21.0734,5.8648,-0.4104,26057400,11101975,231885375
2025-12-29 10:57:57,26006.6,26000,2025-12-30,CE,60.0,8.67,0.5520,0.003100,-21.4068,5.8734,0.4809,24102300,12928000,130715625
2025-12-29 10:57:57,26006.6,26000,2025-12-30,PE,42.25,8.47,-0.4468,0.003100,-20.9087,5.8711,-0.4148,26057400,11101975,231949650
2025-12-29 10:58:02,26006.5,26000,2025-12-30,CE,60.05,8.64,0.5534,0.003100,-21.3222,5.8706,0.4807,24102300,12928000,130764675
2025-12-29 10:58:02,26006.5,26000,2025-12-30,PE,42.15,8.48,-0.4457,0.003100,-20.9388,5.8687,-0.4151,26057400,11101975,232013775
2025-12-29 10:58:08,26006.3,26000,2025-12-30,CE,59.7,8.64,0.5534,0.003100,-21.3227,5.8704,0.4802,24102300,12928000,130822650
2025-12-29 10:58:08,26006.3,26000,2025-12-30,PE,42.6,8.47,-0.4456,0.003100,-20.9010,5.8684,-0.4156,26057400,11101975,232114575
2025-12-29 10:58:13,26005.25,26000,2025-12-30,CE,59.7,8.51,0.5560,0.003100,-21.0032,5.8651,0.4778,24102300,12928000,130876425
2025-12-29 10:58:13,26005.25,26000,2025-12-30,PE,42.6,8.59,-0.4445,0.003100,-21.1950,5.8661,-0.4189,26057400,11101975,232199175
2025-12-29 10:58:18,26006.7,26000,2025-12-30,CE,59.5,8.58,0.5541,0.003100,-21.1682,5.8688,0.4814,24102300,12928000,130952625
2025-12-29 10:58:18,26006.7,26000,2025-12-30,PE,42.75,8.54,-0.4457,0.003100,-21.0915,5.8684,-0.4148,26057400,11101975,232298175
2025-12-29 10:58:24,26006.65,26000,2025-12-30,CE,59.8,8.64,0.5506,0.003100,-21.3431,5.8752,0.4810,24102300,12928000,131009550
2025-12-29 10:58:24,26006.65,26000,2025-12-30,PE,42.45,8.50,-0.4486,0.003100,-20.9983,5.8737,-0.4147,26057400,11101975,232393650
2025-12-29 10:58:29,26007.05,26000,2025-12-30,CE,59.85,8.65,0.5524,0.003100,-21.3695,5.8718,0.4821,24102300,12928000,131031675
2025-12-29 10:58:29,26007.05,26000,2025-12-30,PE,42.5,8.48,-0.4466,0.003100,-20.9479,5.8698,-0.4135,26057400,11101975,232464825
2025-12-29 10:58:35,26006.35,26000,2025-12-30,CE,60.2,8.58,0.5544,0.003100,-21.1676,5.8678,0.4804,24102300,12928000,131090775
2025-12-29 10:58:35,26006.35,26000,2025-12-30,PE,42.2,8.58,-0.4456,0.003100,-21.1675,5.8678,-0.4158,26057400,11101975,232554450
2025-12-29 10:58:40,26005.95,26000,2025-12-30,CE,59.85,8.35,0.5651,0.003200,-20.5219,5.8445,0.4802,24102300,12928000,131124075
2025-12-29 10:58:40,26005.95,26000,2025-12-30,PE,42.55,8.70,-0.4375,0.003100,-21.4068,5.8505,-0.4174,26057400,11101975,232615125
2025-12-29 10:58:46,26006.3,26000,2025-12-30,CE,59.55,8.42,0.5607,0.003200,-20.7457,5.8542,0.4809,24146550,12972250,131203200
2025-12-29 10:58:46,26006.3,26000,2025-12-30,PE,42.95,8.71,-0.4412,0.003100,-21.4756,5.8585,-0.4164,25806075,10850650,232805250
2025-12-29 10:58:51,26005.8,26000,2025-12-30,CE,59.45,8.61,0.5511,0.003100,-21.2675,5.8734,0.4787,24146550,12972250,131259825
2025-12-29 10:58:51,26005.8,26000,2025-12-30,PE,43.0,8.54,-0.4485,0.003100,-21.1142,5.8728,-0.4171,25806075,10850650,232990800
2025-12-29 10:58:57,26005.6,26000,2025-12-30,CE,59.3,8.62,0.5510,0.003100,-21.3063,5.8734,0.4781,24146550,12972250,131283075
2025-12-29 10:58:57,26005.6,26000,2025-12-30,PE,43.05,8.54,-0.4485,0.003100,-21.1147,5.8726,-0.4176,25806075,10850650,233055600
2025-12-29 10:59:02,26005.3,26000,2025-12-30,CE,59.5,8.45,0.5567,0.003100,-20.8524,5.8622,0.4779,24146550,12972250,131327550
2025-12-29 10:59:02,26005.3,26000,2025-12-30,PE,42.85,8.67,-0.4446,0.003100,-21.3896,5.8650,-0.4189,25806075,10850650,233172075
2025-12-29 10:59:08,26005.5,26000,2025-12-30,CE,59.6,8.50,0.5568,0.003100,-20.9658,5.8620,0.4783,24146550,12972250,131353350
2025-12-29 10:59:08,26005.5,26000,2025-12-30,PE,43.0,8.64,-0.4441,0.003100,-21.3111,5.8639,-0.4182,25806075,10850650,233240700
2025-12-29 10:59:13,26006.15,26000,2025-12-30,CE,59.6,8.39,0.5597,0.003200,-20.6810,5.8557,0.4805,24146550,12972250,131382750
2025-12-29 10:59:13,26006.15,26000,2025-12-30,PE,42.9,8.74,-0.4426,0.003000,-21.5643,5.8607,-0.4168,25806075,10850650,233321325
2025-12-29 10:59:18,26005.45,26000,2025-12-30,CE,59.8,8.27,0.5657,0.003200,-20.3332,5.8419,0.4790,24146550,12972250,131457975
2025-12-29 10:59:18,26005.45,26000,2025-12-30,PE,42.75,8.82,-0.4383,0.003000,-21.7185,5.8513,-0.4190,25806075,10850650,233442000
2025-12-29 10:59:24,26006.3,26000,2025-12-30,CE,59.85,8.61,0.5536,0.003100,-21.2536,5.8679,0.4799,24146550,12972250,131491800
2025-12-29 10:59:24,26006.3,26000,2025-12-30,PE,42.85,8.58,-0.4462,0.003100,-21.1769,5.8675,-0.4158,25806075,10850650,233521950
2025-12-29 10:59:29,26005.9,26000,2025-12-30,CE,59.65,8.58,0.5547,0.003100,-21.1709,5.8656,0.4790,24146550,12972250,131518575
2025-12-29 10:59:29,26005.9,26000,2025-12-30,PE,43.1,8.64,-0.4456,0.003100,-21.3243,5.8663,-0.4171,25806075,10850650,233608425
2025-12-29 10:59:35,26005.45,26000,2025-12-30,CE,59.35,8.26,0.5658,0.003200,-20.2961,5.8412,0.4789,24146550,12972250,131549625
2025-12-29 10:59:35,26005.45,26000,2025-12-30,PE,43.45,8.87,-0.4386,0.003000,-21.8354,5.8516,-0.4191,25806075,10850650,233731950
2025-12-29 10:59:40,26006.9,26000,2025-12-30,CE,59.3,8.24,0.5659,0.003200,-20.2581,5.8408,0.4831,24146550,12972250,131634225
2025-12-29 10:59:40,26006.9,26000,2025-12-30,PE,43.45,8.91,-0.4389,0.003000,-21.9512,5.8521,-0.4154,25806075,10850650,233921475
2025-12-29 10:59:45,26006.1,26000,2025-12-30,CE,59.5,8.41,0.5583,0.003200,-20.7319,5.8578,0.4801,24146550,12972250,131670525
2025-12-29 10:59:45,26006.1,26000,2025-12-30,PE,43.15,8.77,-0.4440,0.003000,-21.6533,5.8628,-0.4170,25806075,10850650,234018750
2025-12-29 10:59:51,26003.4,26000,2025-12-30,CE,59.35,8.70,0.5503,0.003100,-21.5055,5.8732,0.4717,24146550,12972250,131722050
2025-12-29 10:59:51,26003.4,26000,2025-12-30,PE,43.45,8.53,-0.4487,0.003100,-21.0840,5.8714,-0.4234,25806075,10850650,234170025
2025-12-29 10:59:56,26006.3,26000,2025-12-30,CE,59.6,8.64,0.5507,0.003100,-21.3527,5.8724,0.4797,24146550,12972250,131756625
2025-12-29 10:59:56,26006.3,26000,2025-12-30,PE,43.0,8.58,-0.4490,0.003100,-21.1994,5.8718,-0.4157,25806075,10850650,234230250
2025-12-29 11:00:02,26003.65,26000,2025-12-30,CE,58.75,8.45,0.5593,0.003100,-20.8396,5.8552,0.4731,24146550,12972250,131985375
2025-12-29 11:00:02,26003.65,26000,2025-12-30,PE,43.65,8.71,-0.4424,0.003100,-21.4926,5.8589,-0.4232,25806075,10850650,234431325
2025-12-29 11:00:07,26003.05,26000,2025-12-30,CE,59.0,8.39,0.5568,0.003200,-20.7076,5.8601,0.4716,24146550,12972250,132090975
2025-12-29 11:00:07,26003.05,26000,2025-12-30,PE,43.65,8.79,-0.4456,0.003000,-21.7053,5.8652,-0.4251,25806075,10850650,234590025
2025-12-29 11:00:13,26004.2,26000,2025-12-30,CE,59.2,8.29,0.5601,0.003200,-20.4202,5.8530,0.4751,24146550,12972250,132193500
2025-12-29 11:00:13,26004.2,26000,2025-12-30,PE,43.2,8.85,-0.4436,0.003000,-21.8415,5.8610,-0.4222,25806075,10850650,234810975
2025-12-29 11:00:19,26003.15,26000,2025-12-30,CE,59.05,8.51,0.5557,0.003100,-21.0179,5.8621,0.4715,24146550,12972250,132226950
2025-12-29 11:00:19,26003.15,26000,2025-12-30,PE,43.55,8.65,-0.4451,0.003100,-21.3633,5.8639,-0.4243,25806075,10850650,234916725
2025-12-29 11:00:24,26002.3,26000,2025-12-30,CE,59.4,8.32,0.5605,0.003200,-20.4932,5.8518,0.4696,24146550,12972250,132320025
2025-12-29 11:00:24,26002.3,26000,2025-12-30,PE,43.35,8.82,-0.4428,0.003000,-21.7612,5.8591,-0.4271,25806075,10850650,235043700
2025-12-29 11:00:29,26002.5,26000,2025-12-30,CE,58.95,8.64,0.5479,0.003100,-21.3736,5.8765,0.4693,24146550,12972250,132378450
2025-12-29 11:00:29,26002.5,26000,2025-12-30,PE,43.5,8.58,-0.4518,0.003100,-21.2204,5.8759,-0.4259,25806075,10850650,235151850
2025-12-29 11:00:35,26002.85,26000,2025-12-30,CE,59.1,8.51,0.5517,0.003100,-21.0476,5.8695,0.4706,24146550,12972250,132429525
2025-12-29 11:00:35,26002.85,26000,2025-12-30,PE,43.45,8.68,-0.4493,0.003100,-21.4692,5.8714,-0.4252,25806075,10850650,235246575
2025-12-29 11:00:40,26002.6,26000,2025-12-30,CE,59.0,8.58,0.5520,0.003100,-21.1973,5.8689,0.4697,24146550,12972250,132472650
2025-12-29 11:00:40,26002.6,26000,2025-12-30,PE,43.6,8.64,-0.4484,0.003100,-21.3506,5.8696,-0.4257,25806075,10850650,235319400
2025-12-29 11:00:46,26002.3,26000,2025-12-30,CE,58.95,8.51,0.5526,0.003100,-21.0423,5.8675,0.4690,24146550,12972250,132509250
2025-12-29 11:00:46,26002.3,26000,2025-12-30,PE,43.75,8.68,-0.4484,0.003100,-21.4640,5.8694,-0.4266,25806075,10850650,235401075
2025-12-29 11:00:51,26003.35,26000,2025-12-30,CE,59.3,8.54,0.5506,0.003100,-21.1325,5.8710,0.4718,24146550,12972250,132644250
2025-12-29 11:00:51,26003.35,26000,2025-12-30,PE,43.5,8.64,-0.4499,0.003100,-21.3623,5.8720,-0.4236,25806075,10850650,235632825
2025-12-29 11:00:57,26004.0,26000,2025-12-30,CE,59.25,8.53,0.5510,0.003100,-21.0926,5.8701,0.4736,24146550,12972250,132683625
2025-12-29 11:00:57,26004.0,26000,2025-12-30,PE,43.55,8.67,-0.4498,0.003100,-21.4375,5.8716,-0.4220,25806075,10850650,235707375
2025-12-29 11:01:02,26001.85,26000,2025-12-30,CE,58.9,8.58,0.5504,0.003100,-21.2101,5.8710,0.4675,24146550,12972250,132739125
2025-12-29 11:01:02,26001.85,26000,2025-12-30,PE,43.85,8.65,-0.4500,0.003100,-21.4017,5.8719,-0.4277,25806075,10850650,235839525
2025-12-29 11:01:07,26001.2,26000,2025-12-30,CE,58.6,8.82,0.5424,0.003000,-21.8640,5.8842,0.4652,24146550,12972250,132770175
2025-12-29 11:01:07,26001.2,26000,2025-12-30,PE,44.1,8.45,-0.4558,0.003200,-20.9461,5.8814,-0.4290,25806075,10850650,236083725
2025-12-29 11:01:13,26002.65,26000,2025-12-30,CE,58.75,8.80,0.5425,0.003000,-21.8263,5.8840,0.4691,24146550,12972250,132818175
2025-12-29 11:01:13,26002.65,26000,2025-12-30,PE,43.95,8.48,-0.4560,0.003200,-21.0231,5.8815,-0.4250,25806075,10850650,236275125
2025-12-29 11:01:18,26003.3,26000,2025-12-30,CE,59.2,8.73,0.5428,0.003100,-21.6356,5.8833,0.4710,24146550,12972250,132878475
2025-12-29 11:01:18,26003.3,26000,2025-12-30,PE,43.6,8.58,-0.4564,0.003100,-21.2531,5.8821,-0.4235,25806075,10850650,236395425
2025-12-29 11:01:24,26004.2,26000,2025-12-30,CE,59.1,8.54,0.5506,0.003100,-21.1355,5.8701,0.4740,24146550,12972250,132930750
2025-12-29 11:01:24,26004.2,26000,2025-12-30,PE,43.75,8.67,-0.4501,0.003100,-21.4420,5.8714,-0.4213,25806075,10850650,236474625
2025-12-29 11:01:29,26003.35,26000,2025-12-30,CE,58.85,8.58,0.5501,0.003100,-21.2147,5.8709,0.4715,24146550,12972250,133059000
2025-12-29 11:01:29,26003.35,26000,2025-12-30,PE,44.05,8.65,-0.4503,0.003100,-21.4062,5.8717,-0.4235,25806075,10850650,236693025
2025-12-29 11:01:35,26003.7,26000,2025-12-30,CE,58.6,8.71,0.5438,0.003100,-21.5938,5.8813,0.4720,24146550,12972250,133117575
2025-12-29 11:01:35,26003.7,26000,2025-12-30,PE,44.25,8.54,-0.4554,0.003100,-21.1729,5.8800,-0.4222,25806075,10850650,236816775
2025-12-29 11:01:40,26003.95,26000,2025-12-30,CE,58.6,8.68,0.5446,0.003100,-21.5142,5.8800,0.4728,24146550,12972250,133149525
2025-12-29 11:01:40,26003.95,26000,2025-12-30,PE,44.15,8.61,-0.4550,0.003100,-21.3228,5.8793,-0.4217,25806075,10850650,237058050
2025-12-29 11:01:46,26004.05,26000,2025-12-30,CE,58.95,8.68,0.5455,0.003100,-21.5093,5.8783,0.4730,24281125,13106825,133178550
2025-12-29 11:01:46,26004.05,26000,2025-12-30,PE,43.75,8.59,-0.4540,0.003100,-21.2796,5.8776,-0.4214,26108175,11152750,237179475
2025-12-29 11:01:51,26003.5,26000,2025-12-30,CE,59.2,8.73,0.5425,0.003100,-21.6405,5.8829,0.4714,24281125,13106825,133236825
2025-12-29 11:01:51,26003.5,26000,2025-12-30,PE,43.4,8.53,-0.4565,0.003100,-21.1432,5.8814,-0.4227,26108175,11152750,237353100
2025-12-29 11:01:57,26004.6,26000,2025-12-30,CE,59.1,8.70,0.5476,0.003100,-21.5360,5.8745,0.4744,24281125,13106825,133341375
2025-12-29 11:01:57,26004.6,26000,2025-12-30,PE,43.9,8.54,-0.4516,0.003100,-21.1529,5.8730,-0.4197,26108175,11152750,237728550
2025-12-29 11:02:02,26004.65,26000,2025-12-30,CE,59.2,8.64,0.5479,0.003100,-21.3833,5.8738,0.4747,24281125,13106825,133416000
2025-12-29 11:02:02,26004.65,26000,2025-12-30,PE,43.5,8.62,-0.4520,0.003100,-21.3450,5.8736,-0.4198,26108175,11152750,237947100
2025-12-29 11:02:07,26004.95,26000,2025-12-30,CE,58.95,8.61,0.5484,0.003100,-21.3053,5.8728,0.4756,24281125,13106825,133486875
2025-12-29 11:02:07,26004.95,26000,2025-12-30,PE,43.5,8.64,-0.4518,0.003100,-21.3819,5.8731,-0.4190,26108175,11152750,238182825
2025-12-29 11:02:13,26005.15,26000,2025-12-30,CE,58.15,8.39,0.5575,0.003200,-20.7152,5.8552,0.4769,24281125,13106825,133687950
2025-12-29 11:02:13,26005.15,26000,2025-12-30,PE,44.15,8.79,-0.4450,0.003000,-21.7138,5.8604,-0.4190,26108175,11152750,238400250
2025-12-29 11:02:18,26002.85,26000,2025-12-30,CE,58.25,8.38,0.5567,0.003200,-20.6842,5.8568,0.4705,24281125,13106825,133746825
2025-12-29 11:02:18,26002.85,26000,2025-12-30,PE,44.1,8.62,-0.4536,0.003100,-21.3565,5.8756,-0.4246,26108175,11152750,238634025
2025-12-29 11:02:24,26002.35,26000,2025-12-30,CE,58.35,8.54,0.5478,0.003100,-21.1599,5.8732,0.4686,24281125,13106825,133839975
2025-12-29 11:02:24,26002.35,26000,2025-12-30,PE,44.05,8.67,-0.4529,0.003100,-21.4663,5.8744,-0.4261,26108175,11152750,238742850
2025-12-29 11:02:29,26001.4,26000,2025-12-30,CE,58.15,8.59,0.5457,0.003100,-21.2865,5.8766,0.4659,24281125,13106825,133928775
2025-12-29 11:02:29,26001.4,26000,2025-12-30,PE,44.4,8.64,-0.4546,0.003100,-21.4014,5.8770,-0.4285,26108175,11152750,238905675
2025-12-29 11:02:35,26000.35,26000,2025-12-30,CE,57.1,8.38,0.5506,0.003200,-20.7274,5.8679,0.4635,24281125,13106825,134353050
2025-12-29 11:02:35,26000.35,26000,2025-12-30,PE,45.4,8.80,-0.4517,0.003000,-21.8006,5.8722,-0.4317,26108175,11152750,239471925
2025-12-29 11:02:40,26000.45,26000,2025-12-30,CE,57.1,8.51,0.5420,0.003100,-21.1191,5.8821,0.4634,24281125,13106825,134562825
2025-12-29 11:02:40,26000.45,26000,2025-12-30,PE,45.45,8.73,-0.4590,0.003100,-21.6545,5.8836,-0.4312,26108175,11152750,239758575
2025-12-29 11:02:46,25998.8,26000,2025-12-30,CE,56.0,8.61,0.5381,0.003100,-21.3666,5.8874,0.4587,24281125,13106825,135061050
2025-12-29 11:02:46,25998.8,26000,2025-12-30,PE,46.05,8.64,-0.4620,0.003100,-21.4430,5.8876,-0.4355,26108175,11152750,240245700
2025-12-29 11:02:51,25998.9,26000,2025-12-30,CE,56.25,8.65,0.5324,0.003100,-21.5069,5.8944,0.4589,24281125,13106825,135329850
2025-12-29 11:02:51,25998.9,26000,2025-12-30,PE,46.25,8.58,-0.4674,0.003100,-21.3160,5.8941,-0.4351,26108175,11152750,240644100
2025-12-29 11:02:56,25999.15,26000,2025-12-30,CE,56.75,8.53,0.5388,0.003100,-21.1755,5.8861,0.4598,24281125,13106825,135593250
2025-12-29 11:02:56,25999.15,26000,2025-12-30,PE,45.7,8.74,-0.4621,0.003100,-21.7105,5.8874,-0.4347,26108175,11152750,241117575
2025-12-29 11:03:02,25998.0,26000,2025-12-30,CE,55.45,8.47,0.5403,0.003200,-21.0168,5.8838,0.4567,24281125,13106825,135775350
2025-12-29 11:03:02,25998.0,26000,2025-12-30,PE,46.55,8.76,-0.4610,0.003100,-21.7431,5.8857,-0.4378,26108175,11152750,241473525
2025-12-29 11:03:07,25998.55,26000,2025-12-30,CE,55.85,8.39,0.5375,0.003200,-20.8417,5.8875,0.4583,24281125,13106825,136050900
2025-12-29 11:03:07,25998.55,26000,2025-12-30,PE,46.6,8.83,-0.4643,0.003000,-21.9496,5.8899,-0.4364,26108175,11152750,241899525
2025-12-29 11:03:13,25999.15,26000,2025-12-30,CE,56.0,8.42,0.5373,0.003200,-20.9186,5.8876,0.4599,24281125,13106825,136164750
2025-12-29 11:03:13,25999.15,26000,2025-12-30,PE,46.25,8.82,-0.4642,0.003000,-21.9119,5.8897,-0.4347,26108175,11152750,242140950
2025-12-29 11:03:18,25996.4,26000,2025-12-30,CE,55.85,8.47,0.5378,0.003200,-21.0308,5.8868,0.4522,24281125,13106825,136286550
2025-12-29 11:03:18,25996.4,26000,2025-12-30,PE,46.55,8.76,-0.4634,0.003100,-21.7568,5.8885,-0.4420,26108175,11152750,242400825
2025-12-29 11:03:24,25995.25,26000,2025-12-30,CE,52.75,8.51,0.5326,0.003200,-21.1682,5.8932,0.4490,24281125,13106825,137069025
2025-12-29 11:03:24,25995.25,26000,2025-12-30,PE,50.2,8.74,-0.4682,0.003100,-21.7408,5.8941,-0.4450,26108175,11152750,244126350
2025-12-29 11:03:29,25993.6,26000,2025-12-30,CE,51.15,8.54,0.5145,0.003100,-21.2968,5.9075,0.4444,24281125,13106825,137782350
2025-12-29 11:03:29,25993.6,26000,2025-12-30,PE,52.4,8.91,-0.4860,0.003000,-22.2105,5.9078,-0.4494,26108175,11152750,245464350
2025-12-29 11:03:35,25989.25,26000,2025-12-30,CE,50.6,8.44,0.5064,0.003200,-21.0403,5.9099,0.4323,24281125,13106825,138759000
2025-12-29 11:03:35,25989.25,26000,2025-12-30,PE,52.4,9.06,-0.4939,0.003000,-22.6005,5.9100,-0.4606,26108175,11152750,247051575
2025-12-29 11:03:40,25992.35,26000,2025-12-30,CE,50.5,8.42,0.5080,0.003200,-21.0016,5.9095,0.4409,24281125,13106825,139325400
2025-12-29 11:03:40,25992.35,26000,2025-12-30,PE,52.3,8.99,-0.4924,0.003000,-22.4097,5.9096,-0.4526,26108175,11152750,248131650
2025-12-29 11:03:45,25993.3,26000,2025-12-30,CE,51.75,8.61,0.5025,0.003100,-21.4612,5.9100,0.4435,24281125,13106825,139709550
2025-12-29 11:03:45,25993.3,26000,2025-12-30,PE,51.25,8.79,-0.4975,0.003100,-21.9178,5.9100,-0.4501,26108175,11152750,248951400
2025-12-29 11:03:51,25991.7,26000,2025-12-30,CE,51.8,8.80,0.5010,0.003100,-21.9563,5.9099,0.4393,24281125,13106825,139960875
2025-12-29 11:03:51,25991.7,26000,2025-12-30,PE,51.3,8.61,-0.4990,0.003100,-21.4616,5.9099,-0.4545,26108175,11152750,249405600
2025-12-29 11:03:56,25993.45,26000,2025-12-30,CE,52.25,8.59,0.5079,0.003100,-21.4218,5.9091,0.4439,24281125,13106825,140265600
2025-12-29 11:03:56,25993.45,26000,2025-12-30,PE,51.05,8.87,-0.4923,0.003000,-22.1069,5.9092,-0.4497,26108175,11152750,249810900
2025-12-29 11:04:01,25992.25,26000,2025-12-30,CE,53.15,8.74,0.5056,0.003100,-21.8049,5.9092,0.4407,24281125,13106825,140822025
2025-12-29 11:04:01,25992.25,26000,2025-12-30,PE,50.2,8.71,-0.4944,0.003100,-21.7287,5.9092,-0.4529,26108175,11152750,250699875
2025-12-29 11:04:07,25993.85,26000,2025-12-30,CE,53.0,8.74,0.5108,0.003100,-21.8009,5.9079,0.4449,24281125,13106825,141017925
2025-12-29 11:04:07,25993.85,26000,2025-12-30,PE,50.2,8.67,-0.4891,0.003100,-21.6105,5.9078,-0.4486,26108175,11152750,251226000
2025-12-29 11:04:13,25990.8,26000,2025-12-30,CE,52.3,8.50,0.5187,0.003200,-21.1792,5.9039,0.4365,24281125,13106825,141287250
2025-12-29 11:04:13,25990.8,26000,2025-12-30,PE,51.4,8.96,-0.4822,0.003000,-22.3220,5.9045,-0.4565,26108175,11152750,251676600
2025-12-29 11:04:18,25992.45,26000,2025-12-30,CE,52.55,8.64,0.5088,0.003100,-21.5378,5.9082,0.4411,24281125,13106825,141452475
2025-12-29 11:04:18,25992.45,26000,2025-12-30,PE,50.95,8.90,-0.4914,0.003000,-22.1849,5.9082,-0.4522,26108175,11152750,252173625
2025-12-29 11:04:24,25991.35,26000,2025-12-30,CE,52.55,8.68,0.5078,0.003100,-21.6533,5.9083,0.4381,24281125,13106825,141589200
2025-12-29 11:04:24,25991.35,26000,2025-12-30,PE,50.85,8.85,-0.4923,0.003000,-22.0720,5.9083,-0.4551,26108175,11152750,252600225
2025-12-29 11:04:29,25988.7,26000,2025-12-30,CE,52.2,8.64,0.5103,0.003100,-21.5372,5.9074,0.4309,24281125,13106825,141770550
2025-12-29 11:04:29,25988.7,26000,2025-12-30,PE,51.3,8.83,-0.4899,0.003000,-22.0321,5.9075,-0.4621,26108175,11152750,252876450
2025-12-29 11:04:35,25988.35,26000,2025-12-30,CE,51.75,8.58,0.5098,0.003100,-21.3862,5.9075,0.4298,24281125,13106825,142003050
2025-12-29 11:04:35,25988.35,26000,2025-12-30,PE,51.85,8.94,-0.4906,0.003000,-22.2998,5.9076,-0.4629,26108175,11152750,253273425
2025-12-29 11:04:40,25989.35,26000,2025-12-30,CE,52.0,8.64,0.5066,0.003100,-21.5416,5.9081,0.4326,24281125,13106825,142158150
2025-12-29 11:04:40,25989.35,26000,2025-12-30,PE,51.5,8.88,-0.4935,0.003000,-22.1506,5.9081,-0.4603,26108175,11152750,253594200
2025-12-29 11:04:45,25989.85,26000,2025-12-30,CE,52.4,8.61,0.5082,0.003100,-21.4648,5.9076,0.4339,24549475,13375175,142287375
2025-12-29 11:04:45,25989.85,26000,2025-12-30,PE,51.15,8.88,-0.4920,0.003000,-22.1501,5.9076,-0.4590,24372675,9417250,253878675
2025-12-29 11:04:51,25989.35,26000,2025-12-30,CE,52.1,8.61,0.5091,0.003100,-21.4645,5.9072,0.4325,24549475,13375175,142440150
2025-12-29 11:04:51,25989.35,26000,2025-12-30,PE,51.3,8.93,-0.4911,0.003000,-22.2640,5.9073,-0.4602,24372675,9417250,254187225
2025-12-29 11:04:56,25990.55,26000,2025-12-30,CE,52.4,8.70,0.5063,0.003100,-21.6956,5.9077,0.4359,24549475,13375175,142535850
2025-12-29 11:04:56,25990.55,26000,2025-12-30,PE,51.2,8.80,-0.4938,0.003100,-21.9621,5.9077,-0.4572,24372675,9417250,254417025
2025-12-29 11:05:02,25990.15,26000,2025-12-30,CE,52.0,8.76,0.5041,0.003100,-21.8499,5.9077,0.4348,24549475,13375175,142815225
2025-12-29 11:05:02,25990.15,26000,2025-12-30,PE,51.7,8.77,-0.4959,0.003100,-21.8879,5.9077,-0.4582,24372675,9417250,254876475
2025-12-29 11:05:08,25990.75,26000,2025-12-30,CE,52.1,8.71,0.5041,0.003100,-21.7362,5.9075,0.4363,24549475,13375175,142989375
2025-12-29 11:05:08,25990.75,26000,2025-12-30,PE,51.65,8.83,-0.4959,0.003000,-22.0407,5.9075,-0.4565,24372675,9417250,255210825
2025-12-29 11:05:14,25990.05,26000,2025-12-30,CE,52.0,8.73,0.5041,0.003100,-21.7748,5.9074,0.4345,24549475,13375175,143161650
2025-12-29 11:05:14,25990.05,26000,2025-12-30,PE,51.75,8.82,-0.4959,0.003100,-22.0032,5.9074,-0.4584,24372675,9417250,255483000
2025-12-29 11:05:19,25989.9,26000,2025-12-30,CE,52.8,8.97,0.4950,0.003000,-22.3813,5.9064,0.4343,24549475,13375175,143355225
2025-12-29 11:05:19,25989.9,26000,2025-12-30,PE,51.3,8.59,-0.5053,0.003100,-21.4294,5.9063,-0.4590,24372675,9417250,255799350
2025-12-29 11:05:25,25989.1,26000,2025-12-30,CE,52.2,9.02,0.4983,0.003000,-22.4985,5.9069,0.4323,24549475,13375175,143490150
2025-12-29 11:05:25,25989.1,26000,2025-12-30,PE,51.7,8.61,-0.5018,0.003100,-21.4706,5.9069,-0.4612,24372675,9417250,256126800
2025-12-29 11:05:30,25988.75,26000,2025-12-30,CE,52.0,8.88,0.4992,0.003000,-22.1568,5.9069,0.4312,24549475,13375175,143584200
2025-12-29 11:05:30,25988.75,26000,2025-12-30,PE,52.1,8.70,-0.5009,0.003100,-21.7000,5.9069,-0.4620,24372675,9417250,256362450
2025-12-29 11:05:36,25988.6,26000,2025-12-30,CE,52.0,8.96,0.4956,0.003000,-22.3454,5.9061,0.4309,24549475,13375175,143708175
2025-12-29 11:05:36,25988.6,26000,2025-12-30,PE,52.1,8.67,-0.5046,0.003100,-21.6220,5.9061,-0.4624,24372675,9417250,256729350
2025-12-29 11:05:41,25989.4,26000,2025-12-30,CE,52.0,8.80,0.5010,0.003100,-21.9681,5.9067,0.4327,24549475,13375175,143869725
2025-12-29 11:05:41,25989.4,26000,2025-12-30,PE,52.4,8.82,-0.4990,0.003100,-22.0061,5.9067,-0.4600,24372675,9417250,257037300
2025-12-29 11:05:47,25989.55,26000,2025-12-30,CE,51.9,8.85,0.4980,0.003000,-22.0823,5.9061,0.4331,24549475,13375175,144180825
2025-12-29 11:05:47,25989.55,26000,2025-12-30,PE,51.9,8.79,-0.5021,0.003100,-21.9299,5.9061,-0.4596,24372675,9417250,257644575
2025-12-29 11:05:52,25989.7,26000,2025-12-30,CE,52.45,8.91,0.4968,0.003000,-22.2343,5.9058,0.4336,24549475,13375175,144272775
2025-12-29 11:05:52,25989.7,26000,2025-12-30,PE,51.4,8.67,-0.5034,0.003100,-21.6251,5.9058,-0.4594,24372675,9417250,257978325
2025-12-29 11:05:57,25987.85,26000,2025-12-30,CE,52.3,8.99,0.4971,0.003000,-22.4255,5.9057,0.4289,24549475,13375175,144367875
2025-12-29 11:05:57,25987.85,26000,2025-12-30,PE,51.85,8.59,-0.5031,0.003100,-21.4354,5.9057,-0.4645,24372675,9417250,258128700
2025-12-29 11:06:03,25987.2,26000,2025-12-30,CE,51.75,8.97,0.4971,0.003000,-22.3879,5.9056,0.4271,24549475,13375175,144559425
2025-12-29 11:06:03,25987.2,26000,2025-12-30,PE,52.25,8.67,-0.5031,0.003100,-21.6263,5.9056,-0.4660,24372675,9417250,258347100
2025-12-29 11:06:08,25989.95,26000,2025-12-30,CE,52.0,8.88,0.4971,0.003000,-22.1600,5.9054,0.4341,24549475,13375175,144710925
2025-12-29 11:06:08,25989.95,26000,2025-12-30,PE,51.65,8.74,-0.5030,0.003100,-21.8173,5.9054,-0.4585,24372675,9417250,258545250
2025-12-29 11:06:14,25988.35,26000,2025-12-30,CE,52.0,8.91,0.4971,0.003000,-22.2367,5.9053,0.4300,24549475,13375175,144852600
2025-12-29 11:06:14,25988.35,26000,2025-12-30,PE,51.85,8.64,-0.5031,0.003100,-21.5512,5.9053,-0.4630,24372675,9417250,258782250
2025-12-29 11:06:19,25987.7,26000,2025-12-30,CE,51.75,8.97,0.4950,0.003000,-22.3878,5.9047,0.4283,24549475,13375175,144948750
2025-12-29 11:06:19,25987.7,26000,2025-12-30,PE,52.1,8.61,-0.5053,0.003100,-21.4738,5.9046,-0.4647,24372675,9417250,259002900
2025-12-29 11:06:25,25987.5,26000,2025-12-30,CE,52.1,8.85,0.4977,0.003000,-22.0859,5.9051,0.4276,24549475,13375175,145045950
2025-12-29 11:06:25,25987.5,26000,2025-12-30,PE,51.6,8.73,-0.5024,0.003100,-21.7812,5.9051,-0.4650,24372675,9417250,259200225
2025-12-29 11:06:30,25986.85,26000,2025-12-30,CE,51.05,8.85,0.5001,0.003000,-22.0874,5.9052,0.4258,24549475,13375175,145176000
2025-12-29 11:06:30,25986.85,26000,2025-12-30,PE,52.8,8.71,-0.4999,0.003100,-21.7447,5.9052,-0.4668,24372675,9417250,259454700
2025-12-29 11:06:36,25985.55,26000,2025-12-30,CE,51.35,8.87,0.4931,0.003000,-22.1208,5.9037,0.4224,24549475,13375175,145410300
2025-12-29 11:06:36,25985.55,26000,2025-12-30,PE,52.5,8.73,-0.5070,0.003100,-21.7780,5.9036,-0.4702,24372675,9417250,259726800
2025-12-29 11:06:41,25985.1,26000,2025-12-30,CE,50.0,8.79,0.4979,0.003100,-21.9353,5.9047,0.4210,24549475,13375175,145824300
2025-12-29 11:06:41,25985.1,26000,2025-12-30,PE,54.95,8.80,-0.5021,0.003100,-21.9733,5.9047,-0.4712,24372675,9417250,260473725
2025-12-29 11:06:47,25985.25,26000,2025-12-30,CE,50.65,9.02,0.4855,0.003000,-22.4894,5.8996,0.4220,24549475,13375175,146344500
2025-12-29 11:06:47,25985.25,26000,2025-12-30,PE,54.0,8.64,-0.5152,0.003100,-21.5366,5.8992,-0.4712,24372675,9417250,261476550
2025-12-29 11:06:52,25986.85,26000,2025-12-30,CE,51.8,8.67,0.4976,0.003100,-21.6320,5.9042,0.4254,24549475,13375175,146542575
2025-12-29 11:06:52,25986.85,26000,2025-12-30,PE,52.45,9.05,-0.5022,0.003000,-22.5842,5.9042,-0.4660,24372675,9417250,261946200
2025-12-29 11:06:57,25986.9,26000,2025-12-30,CE,51.6,8.77,0.5010,0.003100,-21.9004,5.9044,0.4257,24549475,13375175,146642175
2025-12-29 11:06:57,25986.9,26000,2025-12-30,PE,52.85,8.88,-0.4990,0.003000,-22.1670,5.9044,-0.4662,24372675,9417250,262138650
2025-12-29 11:07:03,25984.9,26000,2025-12-30,CE,51.0,8.47,0.5108,0.003200,-21.1340,5.9028,0.4195,24549475,13375175,146772000
2025-12-29 11:07:03,25984.9,26000,2025-12-30,PE,53.7,9.22,-0.4899,0.002900,-23.0009,5.9031,-0.4706,24372675,9417250,262487925
2025-12-29 11:07:08,25983.8,26000,2025-12-30,CE,51.15,8.77,0.4964,0.003100,-21.8994,5.9036,0.4174,24549475,13375175,146955750
2025-12-29 11:07:08,25983.8,26000,2025-12-30,PE,53.5,8.97,-0.5035,0.003000,-22.3945,5.9036,-0.4740,24372675,9417250,262752375
2025-12-29 11:07:14,25983.55,26000,2025-12-30,CE,50.95,8.70,0.4991,0.003100,-21.7111,5.9039,0.4165,24549475,13375175,147071700
2025-12-29 11:07:14,25983.55,26000,2025-12-30,PE,54.0,8.99,-0.5008,0.003000,-22.4348,5.9039,-0.4746,24372675,9417250,263021025
2025-12-29 11:07:19,25982.3,26000,2025-12-30,CE,49.55,8.67,0.4985,0.003100,-21.6352,5.9036,0.4130,24549475,13375175,147704250
2025-12-29 11:07:19,25982.3,26000,2025-12-30,PE,56.5,9.08,-0.5013,0.003000,-22.6636,5.9036,-0.4775,24372675,9417250,264357825
2025-12-29 11:07:25,25981.85,26000,2025-12-30,CE,49.7,8.65,0.4913,0.003100,-21.5907,5.9016,0.4117,24549475,13375175,148023000
2025-12-29 11:07:25,25981.85,26000,2025-12-30,PE,56.25,9.31,-0.5079,0.002900,-23.2290,5.9019,-0.4779,24372675,9417250,265030725
2025-12-29 11:07:30,25980.95,26000,2025-12-30,CE,49.05,9.08,0.4773,0.003000,-22.6218,5.8922,0.4109,24549475,13375175,148271400
2025-12-29 11:07:30,25980.95,26000,2025-12-30,PE,57.45,8.83,-0.5234,0.003000,-22.0113,5.8916,-0.4819,24372675,9417250,265580850
2025-12-29 11:07:35,25981.6,26000,2025-12-30,CE,49.55,8.76,0.4856,0.003100,-21.8477,5.8984,0.4114,24549475,13375175,148559250
2025-12-29 11:07:35,25981.6,26000,2025-12-30,PE,56.55,9.31,-0.5134,0.002900,-23.2199,5.8990,-0.4785,24372675,9417250,266068875
2025-12-29 11:07:41,25980.25,26000,2025-12-30,CE,49.0,9.16,0.4743,0.002900,-22.8016,5.8889,0.4094,24549475,13375175,148794000
2025-12-29 11:07:41,25980.25,26000,2025-12-30,PE,57.8,8.82,-0.5268,0.003100,-21.9616,5.8879,-0.4837,24372675,9417250,266541750
2025-12-29 11:07:46,25980.95,26000,2025-12-30,CE,49.1,9.16,0.4704,0.002900,-22.7858,5.8846,0.4111,25661050,14486750,149044050
2025-12-29 11:07:46,25980.95,26000,2025-12-30,PE,57.6,8.88,-0.5305,0.003000,-22.0981,5.8835,-0.4816,23008350,8052925,266885175
2025-12-29 11:07:52,25981.45,26000,2025-12-30,CE,50.25,8.90,0.4795,0.003000,-22.1752,5.8936,0.4115,25661050,14486750,149401425
2025-12-29 11:07:52,25981.45,26000,2025-12-30,PE,56.0,9.14,-0.5199,0.002900,-22.7855,5.8941,-0.4793,23008350,8052925,267566925
2025-12-29 11:07:57,25981.85,26000,2025-12-30,CE,50.55,9.12,0.4780,0.003000,-22.7417,5.8920,0.4132,25661050,14486750,149787300
2025-12-29 11:07:57,25981.85,26000,2025-12-30,PE,55.6,8.85,-0.5228,0.003000,-22.0548,5.8913,-0.4793,23008350,8052925,268248225
2025-12-29 11:08:03,25981.5,26000,2025-12-30,CE,50.0,9.12,0.4807,0.003000,-22.7509,5.8941,0.4123,25661050,14486750,149959275
2025-12-29 11:08:03,25981.5,26000,2025-12-30,PE,56.9,8.82,-0.5201,0.003100,-21.9879,5.8935,-0.4803,23008350,8052925,268633875
2025-12-29 11:08:08,25980.9,26000,2025-12-30,CE,50.0,9.20,0.4750,0.002900,-22.9217,5.8888,0.4111,25661050,14486750,150197325
2025-12-29 11:08:08,25980.9,26000,2025-12-30,PE,57.15,8.85,-0.5261,0.003000,-22.0435,5.8878,-0.4818,23008350,8052925,269074575
2025-12-29 11:08:13,25983.1,26000,2025-12-30,CE,50.85,8.76,0.4884,0.003100,-21.8576,5.8988,0.4152,25661050,14486750,150361425
2025-12-29 11:08:13,25983.1,26000,2025-12-30,PE,55.8,9.43,-0.5107,0.002900,-23.5347,5.8992,-0.4742,23008350,8052925,269447850
2025-12-29 11:08:19,25983.55,26000,2025-12-30,CE,50.85,9.23,0.4780,0.002900,-23.0100,5.8913,0.4178,25661050,14486750,150813375
2025-12-29 11:08:19,25983.55,26000,2025-12-30,PE,55.6,8.80,-0.5232,0.003100,-21.9414,5.8904,-0.4749,23008350,8052925,270214125
2025-12-29 11:08:24,25983.8,26000,2025-12-30,CE,50.35,8.64,0.5010,0.003100,-21.5665,5.9020,0.4167,25661050,14486750,150944475
2025-12-29 11:08:24,25983.8,26000,2025-12-30,PE,56.1,9.38,-0.4989,0.002900,-23.4336,5.9020,-0.4726,23008350,8052925,270440775
2025-12-29 11:08:30,25984.3,26000,2025-12-30,CE,51.0,9.16,0.4784,0.002900,-22.8223,5.8914,0.4195,25661050,14486750,151074675
2025-12-29 11:08:30,25984.3,26000,2025-12-30,PE,55.25,8.87,-0.5224,0.003000,-22.0972,5.8908,-0.4727,23008350,8052925,270645225
2025-12-29 11:08:35,25985.0,26000,2025-12-30,CE,50.5,8.76,0.4976,0.003100,-21.8712,5.9013,0.4202,25661050,14486750,151275975
2025-12-29 11:08:35,25985.0,26000,2025-12-30,PE,56.0,9.23,-0.5022,0.002900,-23.0524,5.9014,-0.4699,23008350,8052925,271109025
2025-12-29 11:08:41,25985.05,26000,2025-12-30,CE,50.85,8.64,0.4972,0.003100,-21.5667,5.9011,0.4200,25661050,14486750,151451250
2025-12-29 11:08:41,25985.05,26000,2025-12-30,PE,55.2,9.38,-0.5024,0.002900,-23.4339,5.9012,-0.4694,23008350,8052925,271491600
2025-12-29 11:08:46,25984.0,26000,2025-12-30,CE,50.6,8.99,0.4866,0.003000,-22.4284,5.8970,0.4182,25661050,14486750,151626075
2025-12-29 11:08:46,25984.0,26000,2025-12-30,PE,55.5,8.97,-0.5134,0.003000,-22.3902,5.8970,-0.4731,23008350,8052925,271626450
2025-12-29 11:08:51,25984.75,26000,2025-12-30,CE,50.35,8.97,0.4866,0.003000,-22.3908,5.8969,0.4200,25661050,14486750,151717350
2025-12-29 11:08:51,25984.75,26000,2025-12-30,PE,55.9,9.05,-0.5133,0.003000,-22.5814,5.8969,-0.4709,23008350,8052925,271837800
2025-12-29 11:08:57,25983.2,26000,2025-12-30,CE,50.1,8.73,0.4951,0.003100,-21.7957,5.9001,0.4152,25661050,14486750,151966200
2025-12-29 11:08:57,25983.2,26000,2025-12-30,PE,56.1,9.25,-0.5045,0.002900,-23.0915,5.9002,-0.4743,23008350,8052925,272333925
2025-12-29 11:09:02,25983.4,26000,2025-12-30,CE,50.2,9.09,0.4812,0.003000,-22.6830,5.8927,0.4168,25661050,14486750,152078700
2025-12-29 11:09:02,25983.4,26000,2025-12-30,PE,56.15,8.91,-0.5193,0.003000,-22.2251,5.8925,-0.4748,23008350,8052925,272476950
2025-12-29 11:09:08,25983.95,26000,2025-12-30,CE,50.35,9.06,0.4814,0.003000,-22.6081,5.8928,0.4182,25661050,14486750,152382675
2025-12-29 11:09:08,25983.95,26000,2025-12-30,PE,55.75,8.91,-0.5190,0.003000,-22.2266,5.8925,-0.4733,23008350,8052925,272664150
2025-12-29 11:09:13,25985.2,26000,2025-12-30,CE,50.35,9.08,0.4817,0.003000,-22.6477,5.8929,0.4214,25661050,14486750,152489250
2025-12-29 11:09:13,25985.2,26000,2025-12-30,PE,55.95,8.87,-0.5188,0.003000,-22.1135,5.8926,-0.4701,23008350,8052925,272789475
2025-12-29 11:09:19,25984.95,26000,2025-12-30,CE,50.6,8.59,0.5000,0.003100,-21.4578,5.9003,0.4194,25661050,14486750,152582475
2025-12-29 11:09:19,25984.95,26000,2025-12-30,PE,55.2,9.45,-0.4998,0.002900,-23.5921,5.9003,-0.4693,23008350,8052925,273033525
2025-12-29 11:09:24,25986.85,26000,2025-12-30,CE,51.3,9.16,0.4813,0.002900,-22.8378,5.8923,0.4257,25661050,14486750,152847900
2025-12-29 11:09:24,25986.85,26000,2025-12-30,PE,54.4,8.79,-0.5196,0.003100,-21.9220,5.8917,-0.4659,23008350,8052925,273280050
2025-12-29 11:09:29,25986.0,26000,2025-12-30,CE,51.1,9.20,0.4826,0.002900,-22.9562,5.8931,0.4236,25661050,14486750,153217350
2025-12-29 11:09:29,25986.0,26000,2025-12-30,PE,54.6,8.71,-0.5185,0.003100,-21.7353,5.8923,-0.4683,23008350,8052925,273603600
2025-12-29 11:09:35,25986.85,26000,2025-12-30,CE,50.75,8.76,0.4976,0.003100,-21.8776,5.8996,0.4249,25661050,14486750,153817800
2025-12-29 11:09:35,25986.85,26000,2025-12-30,PE,54.95,9.16,-0.5022,0.002900,-22.8686,5.8996,-0.4651,23008350,8052925,273848475
2025-12-29 11:09:40,25987.25,26000,2025-12-30,CE,51.0,8.99,0.4863,0.003000,-22.4338,5.8952,0.4264,25661050,14486750,153954000
2025-12-29 11:09:40,25987.25,26000,2025-12-30,PE,54.65,8.91,-0.5138,0.003000,-22.2430,5.8952,-0.4645,23008350,8052925,273976350
2025-12-29 11:09:46,25985.9,26000,2025-12-30,CE,51.15,9.09,0.4850,0.003000,-22.6978,5.8943,0.4231,25661050,14486750,154279200
2025-12-29 11:09:46,25985.9,26000,2025-12-30,PE,54.35,8.83,-0.5155,0.003100,-22.0493,5.8940,-0.4682,23008350,8052925,274139100
2025-12-29 11:09:51,25986.95,26000,2025-12-30,CE,51.0,9.05,0.4861,0.003000,-22.5868,5.8948,0.4257,25661050,14486750,154591575
2025-12-29 11:09:51,25986.95,26000,2025-12-30,PE,54.8,8.85,-0.5142,0.003000,-22.0909,5.8947,-0.4654,23008350,8052925,274293375
2025-12-29 11:09:56,25986.55,26000,2025-12-30,CE,50.9,8.65,0.5010,0.003100,-21.6141,5.8994,0.4237,25661050,14486750,154711950
2025-12-29 11:09:56,25986.55,26000,2025-12-30,PE,55.0,9.25,-0.4990,0.002900,-23.1008,5.8994,-0.4656,23008350,8052925,274409625
2025-12-29 11:10:02,25983.75,26000,2025-12-30,CE,50.8,8.88,0.4916,0.003000,-22.1790,5.8972,0.4169,25661050,14486750,154775325
2025-12-29 11:10:02,25983.75,26000,2025-12-30,PE,54.85,9.05,-0.5082,0.003000,-22.5984,5.8973,-0.4732,23008350,8052925,274553025
2025-12-29 11:10:07,25984.0,26000,2025-12-30,CE,50.75,8.83,0.4921,0.003100,-22.0665,5.8972,0.4174,25661050,14486750,154971525
2025-12-29 11:10:07,25984.0,26000,2025-12-30,PE,54.7,9.06,-0.5076,0.003000,-22.6385,5.8972,-0.4725,23008350,8052925,274920525
2025-12-29 11:10:13,25983.75,26000,2025-12-30,CE,50.65,8.99,0.4863,0.003000,-22.4376,5.8942,0.4172,25661050,14486750,155092350
2025-12-29 11:10:13,25983.75,26000,2025-12-30,PE,54.85,8.88,-0.5139,0.003000,-22.1705,5.8942,-0.4737,23008350,8052925,275036175
2025-12-29 11:10:18,25983.45,26000,2025-12-30,CE,50.45,9.00,0.4860,0.003000,-22.4756,5.8939,0.4164,25661050,14486750,155214525
2025-12-29 11:10:18,25983.45,26000,2025-12-30,PE,55.0,8.90,-0.5142,0.003000,-22.2085,5.8938,-0.4744,23008350,8052925,275230875
2025-12-29 11:10:24,25981.6,26000,2025-12-30,CE,50.45,8.77,0.4936,0.003100,-21.9176,5.8972,0.4108,25661050,14486750,155316525
2025-12-29 11:10:24,25981.6,26000,2025-12-30,PE,55.3,9.14,-0.5060,0.003000,-22.8326,5.8973,-0.4783,23008350,8052925,275369400
2025-12-29 11:10:29,25983.3,26000,2025-12-30,CE,50.05,8.76,0.4936,0.003100,-21.8799,5.8971,0.4152,25661050,14486750,155577675
2025-12-29 11:10:29,25983.3,26000,2025-12-30,PE,55.6,9.11,-0.5061,0.003000,-22.7569,5.8972,-0.4741,23008350,8052925,275649525
2025-12-29 11:10:34,25983.5,26000,2025-12-30,CE,50.25,8.97,0.4842,0.003000,-22.3966,5.8923,0.4164,25661050,14486750,155702775
2025-12-29 11:10:34,25983.5,26000,2025-12-30,PE,54.7,8.97,-0.5158,0.003000,-22.3966,5.8924,-0.4739,23008350,8052925,275861550
2025-12-29 11:10:40,25983.95,26000,2025-12-30,CE,50.45,8.54,0.4991,0.003200,-21.3515,5.8980,0.4162,25661050,14486750,155929275
2025-12-29 11:10:40,25983.95,26000,2025-12-30,PE,54.85,9.40,-0.5007,0.002900,-23.4867,5.8980,-0.4716,23008350,8052925,275995650
2025-12-29 11:10:45,25985.3,26000,2025-12-30,CE,50.9,9.11,0.4815,0.003000,-22.7331,5.8901,0.4213,27094700,15920400,156170775
2025-12-29 11:10:45,25985.3,26000,2025-12-30,PE,54.55,8.76,-0.5193,0.003100,-21.8551,5.8895,-0.4698,23116350,8160925,276308925
2025-12-29 11:10:50,25985.45,26000,2025-12-30,CE,50.05,8.90,0.4919,0.003000,-22.2230,5.8959,0.4212,27094700,15920400,156571800
2025-12-29 11:10:50,25985.45,26000,2025-12-30,PE,55.1,8.97,-0.5080,0.003000,-22.4137,5.8959,-0.4688,23116350,8160925,276479100
2025-12-29 11:10:56,25984.1,26000,2025-12-30,CE,49.75,8.54,0.4997,0.003200,-21.3533,5.8976,0.4166,27094700,15920400,156678975
2025-12-29 11:10:56,25984.1,26000,2025-12-30,PE,55.6,9.32,-0.5001,0.002900,-23.2979,5.8976,-0.4714,23116350,8160925,276589800
2025-12-29 11:11:01,25981.65,26000,2025-12-30,CE,49.8,8.74,0.4917,0.003100,-21.8426,5.8956,0.4106,27094700,15920400,156793500
2025-12-29 11:11:01,25981.65,26000,2025-12-30,PE,55.65,9.14,-0.5078,0.003000,-22.8342,5.8957,-0.4780,23116350,8160925,276789675
2025-12-29 11:11:07,25983.1,26000,2025-12-30,CE,49.6,8.70,0.4911,0.003100,-21.7278,5.8952,0.4143,27094700,15920400,156905475
2025-12-29 11:11:07,25983.1,26000,2025-12-30,PE,55.8,9.14,-0.5084,0.003000,-22.8339,5.8954,-0.4743,23116350,8160925,276916575
2025-12-29 11:11:12,25981.15,26000,2025-12-30,CE,49.9,8.48,0.4997,0.003200,-21.2023,5.8971,0.4082,27094700,15920400,157062375
2025-12-29 11:11:12,25981.15,26000,2025-12-30,PE,55.45,9.37,-0.5001,0.002900,-23.4141,5.8972,-0.4785,23116350,8160925,277038225
2025-12-29 11:11:18,25983.0,26000,2025-12-30,CE,49.9,8.61,0.4947,0.003100,-21.5052,5.8960,0.4137,27094700,15920400,157186950
2025-12-29 11:11:18,25983.0,26000,2025-12-30,PE,55.65,9.28,-0.5048,0.002900,-23.1833,5.8961,-0.4741,23116350,8160925,277218975
2025-12-29 11:11:23,25982.4,26000,2025-12-30,CE,50.3,8.61,0.4947,0.003100,-21.5057,5.8958,0.4121,27094700,15920400,157266975
2025-12-29 11:11:23,25982.4,26000,2025-12-30,PE,55.05,9.25,-0.5048,0.002900,-23.1076,5.8959,-0.4757,23116350,8160925,277344750
2025-12-29 11:11:28,25982.45,26000,2025-12-30,CE,50.0,8.61,0.4953,0.003100,-21.5069,5.8959,0.4122,27094700,15920400,157379625
2025-12-29 11:11:28,25982.45,26000,2025-12-30,PE,55.2,9.29,-0.5042,0.002900,-23.2231,5.8959,-0.4754,23116350,8160925,277485300
2025-12-29 11:11:34,25980.95,26000,2025-12-30,CE,49.85,8.62,0.4966,0.003100,-21.5466,5.8960,0.4082,27094700,15920400,157432800
2025-12-29 11:11:34,25980.95,26000,2025-12-30,PE,55.5,9.23,-0.5030,0.002900,-23.0721,5.8960,-0.4794,23116350,8160925,277576950
2025-12-29 11:11:39,25982.65,26000,2025-12-30,CE,49.7,8.61,0.4966,0.003100,-21.5089,5.8958,0.4127,27094700,15920400,157497075
2025-12-29 11:11:39,25982.65,26000,2025-12-30,PE,55.75,9.32,-0.5030,0.002900,-23.3015,5.8959,-0.4748,23116350,8160925,277677525
2025-12-29 11:11:45,25983.0,26000,2025-12-30,CE,49.75,8.59,0.4947,0.003100,-21.4697,5.8953,0.4135,27094700,15920400,157697100
2025-12-29 11:11:45,25983.0,26000,2025-12-30,PE,55.75,9.28,-0.5048,0.002900,-23.1861,5.8954,-0.4740,23116350,8160925,277926975
2025-12-29 11:11:50,25981.9,26000,2025-12-30,CE,49.35,8.51,0.4984,0.003200,-21.2823,5.8959,0.4102,27094700,15920400,158288850
2025-12-29 11:11:50,25981.9,26000,2025-12-30,PE,55.5,9.38,-0.5012,0.002900,-23.4563,5.8959,-0.4764,23116350,8160925,278048175
2025-12-29 11:11:55,25983.4,26000,2025-12-30,CE,50.0,8.50,0.4956,0.003200,-21.2428,5.8952,0.4143,27094700,15920400,158416725
2025-12-29 11:11:55,25983.4,26000,2025-12-30,PE,55.3,9.28,-0.5039,0.002900,-23.1881,5.8953,-0.4730,23116350,8160925,278138925
2025-12-29 11:12:01,25980.85,26000,2025-12-30,CE,49.7,8.56,0.4953,0.003200,-21.3956,5.8950,0.4075,27094700,15920400,158530725
2025-12-29 11:12:01,25980.85,26000,2025-12-30,PE,55.35,9.28,-0.5042,0.002900,-23.1884,5.8951,-0.4793,23116350,8160925,278246250
2025-12-29 11:12:06,25984.85,26000,2025-12-30,CE,49.8,8.53,0.4984,0.003200,-21.3220,5.8954,0.4183,27094700,15920400,158735250
2025-12-29 11:12:06,25984.85,26000,2025-12-30,PE,55.1,9.31,-0.5013,0.002900,-23.2673,5.8954,-0.4692,23116350,8160925,278361300
2025-12-29 11:12:11,25984.3,26000,2025-12-30,CE,49.9,8.56,0.4966,0.003200,-21.3977,5.8950,0.4169,27094700,15920400,158900850
2025-12-29 11:12:11,25984.3,26000,2025-12-30,PE,55.0,9.23,-0.5030,0.002900,-23.0761,5.8950,-0.4708,23116350,8160925,278536875
2025-12-29 11:12:17,25984.6,26000,2025-12-30,CE,50.3,8.62,0.4960,0.003100,-21.5503,5.8947,0.4178,27094700,15920400,159005550
2025-12-29 11:12:17,25984.6,26000,2025-12-30,PE,54.55,9.17,-0.5037,0.002900,-22.9236,5.8948,-0.4701,23116350,8160925,278641500
2025-12-29 11:12:22,25983.55,26000,2025-12-30,CE,50.35,8.67,0.4960,0.003100,-21.6658,5.8944,0.4151,27094700,15920400,159179775
2025-12-29 11:12:22,25983.55,26000,2025-12-30,PE,54.65,9.12,-0.5037,0.003000,-22.8102,5.8945,-0.4729,23116350,8160925,278856000
2025-12-29 11:12:28,25983.05,26000,2025-12-30,CE,49.75,8.62,0.4957,0.003100,-21.5516,5.8942,0.4136,27094700,15920400,159278850
2025-12-29 11:12:28,25983.05,26000,2025-12-30,PE,55.05,9.19,-0.5040,0.002900,-22.9632,5.8943,-0.4740,23116350,8160925,278958975
2025-12-29 11:12:33,25983.65,26000,2025-12-30,CE,49.4,8.64,0.4957,0.003100,-21.5903,5.8940,0.4153,27094700,15920400,159396525
2025-12-29 11:12:33,25983.65,26000,2025-12-30,PE,55.8,9.14,-0.5040,0.003000,-22.8493,5.8941,-0.4726,23116350,8160925,279099375
2025-12-29 11:12:38,25982.0,26000,2025-12-30,CE,49.05,8.58,0.4947,0.003100,-21.4374,5.8937,0.4106,27094700,15920400,159619725
2025-12-29 11:12:38,25982.0,26000,2025-12-30,PE,56.05,9.23,-0.5048,0.002900,-23.0779,5.8938,-0.4765,23116350,8160925,279424875
2025-12-29 11:12:44,25983.05,26000,2025-12-30,CE,49.55,8.47,0.4959,0.003200,-21.1719,5.8938,0.4130,27094700,15920400,159752325
2025-12-29 11:12:44,25983.05,26000,2025-12-30,PE,55.35,9.34,-0.5036,0.002900,-23.3466,5.8939,-0.4735,23116350,8160925,279622275
2025-12-29 11:12:50,25983.2,26000,2025-12-30,CE,49.95,8.47,0.4949,0.003200,-21.1716,5.8934,0.4134,27094700,15920400,159858450
2025-12-29 11:12:50,25983.2,26000,2025-12-30,PE,55.1,9.37,-0.5044,0.002900,-23.4227,5.8936,-0.4730,23116350,8160925,279765900
2025-12-29 11:12:56,25984.2,26000,2025-12-30,CE,49.7,8.54,0.4956,0.003200,-21.3635,5.8935,0.4163,27094700,15920400,159930975
2025-12-29 11:12:56,25984.2,26000,2025-12-30,PE,55.15,9.25,-0.5039,0.002900,-23.1186,5.8935,-0.4708,23116350,8160925,279900075
2025-12-29 11:13:01,25982.25,26000,2025-12-30,CE,49.8,8.48,0.4984,0.003200,-21.2133,5.8938,0.4108,27094700,15920400,159990075
2025-12-29 11:13:01,25982.25,26000,2025-12-30,PE,55.1,9.31,-0.5013,0.002900,-23.2736,5.8939,-0.4755,23116350,8160925,279997200
2025-12-29 11:13:07,25983.95,26000,2025-12-30,CE,49.85,8.61,0.4950,0.003100,-21.5166,5.8930,0.4158,27094700,15920400,160057950
2025-12-29 11:13:07,25983.95,26000,2025-12-30,PE,55.15,9.19,-0.5045,0.002900,-22.9666,5.8931,-0.4715,23116350,8160925,280069500
2025-12-29 11:13:12,25986.3,26000,2025-12-30,CE,49.85,8.61,0.4950,0.003100,-21.5171,5.8929,0.4222,27094700,15920400,160119900
2025-12-29 11:13:12,25986.3,26000,2025-12-30,PE,55.25,9.17,-0.5046,0.002900,-22.9290,5.8930,-0.4656,23116350,8160925,280133475
2025-12-29 11:13:17,25986.25,26000,2025-12-30,CE,50.25,8.68,0.4957,0.003100,-21.7095,5.8928,0.4222,27094700,15920400,160323975
2025-12-29 11:13:17,25986.25,26000,2025-12-30,PE,54.4,9.11,-0.5040,0.003000,-22.7780,5.8928,-0.4658,23116350,8160925,280537725
2025-12-29 11:13:23,25984.15,26000,2025-12-30,CE,49.85,8.70,0.4948,0.003100,-21.7474,5.8924,0.4166,27094700,15920400,160432350
2025-12-29 11:13:23,25984.15,26000,2025-12-30,PE,54.9,9.03,-0.5050,0.003000,-22.5869,5.8924,-0.4714,23116350,8160925,280685700
2025-12-29 11:13:28,25984.2,26000,2025-12-30,CE,49.75,8.50,0.5010,0.003200,-21.2553,5.8932,0.4161,27094700,15920400,160486575
2025-12-29 11:13:28,25984.2,26000,2025-12-30,PE,55.05,9.28,-0.4989,0.002900,-23.2014,5.8932,-0.4706,23116350,8160925,280757775
2025-12-29 11:13:34,25985.45,26000,2025-12-30,CE,49.7,8.45,0.5010,0.003200,-21.1413,5.8930,0.4193,27094700,15920400,160531275
2025-12-29 11:13:34,25985.45,26000,2025-12-30,PE,55.0,9.32,-0.4989,0.002900,-23.3165,5.8930,-0.4673,23116350,8160925,280811850
2025-12-29 11:13:39,25985.4,26000,2025-12-30,CE,49.7,8.64,0.4947,0.003100,-21.5963,5.8919,0.4197,27094700,15920400,160603875
2025-12-29 11:13:39,25985.4,26000,2025-12-30,PE,54.9,9.12,-0.5049,0.003000,-22.8176,5.8920,-0.4679,23116350,8160925,280891950
2025-12-29 11:13:45,25986.85,26000,2025-12-30,CE,49.8,8.61,0.4947,0.003100,-21.5205,5.8918,0.4235,28620825,17446525,160653450
2025-12-29 11:13:45,25986.85,26000,2025-12-30,PE,54.7,9.19,-0.5048,0.002900,-22.9708,5.8919,-0.4640,22666425,7711000,280959750
2025-12-29 11:13:50,25984.5,26000,2025-12-30,CE,49.8,8.44,0.5006,0.003200,-21.1047,5.8926,0.4166,28620825,17446525,160726050
2025-12-29 11:13:50,25984.5,26000,2025-12-30,PE,55.0,9.32,-0.4992,0.002900,-23.3182,5.8926,-0.4696,22666425,7711000,281034225
2025-12-29 11:13:55,25986.35,26000,2025-12-30,CE,49.65,8.64,0.4947,0.003100,-21.5979,5.8915,0.4222,28620825,17446525,160810575
2025-12-29 11:13:55,25986.35,26000,2025-12-30,PE,54.75,9.09,-0.5049,0.003000,-22.7429,5.8916,-0.4655,22666425,7711000,281117250
2025-12-29 11:14:01,25984.05,26000,2025-12-30,CE,49.6,8.44,0.5006,0.003200,-21.1057,5.8923,0.4153,28620825,17446525,160891350
2025-12-29 11:14:01,25984.05,26000,2025-12-30,PE,54.85,9.31,-0.4992,0.002900,-23.2811,5.8923,-0.4707,22666425,7711000,281176725
2025-12-29 11:14:06,25985.55,26000,2025-12-30,CE,49.6,8.79,0.4872,0.003100,-21.9690,5.8881,0.4204,28620825,17446525,160991250
2025-12-29 11:14:06,25985.55,26000,2025-12-30,PE,54.85,8.91,-0.5126,0.003000,-22.2744,5.8882,-0.4679,22666425,7711000,281253900
2025-12-29 11:14:12,25986.65,26000,2025-12-30,CE,49.85,8.48,0.4981,0.003200,-21.2204,5.8918,0.4226,28620825,17446525,161060025
2025-12-29 11:14:12,25986.65,26000,2025-12-30,PE,54.75,9.25,-0.5016,0.002900,-23.1288,5.8918,-0.4643,22666425,7711000,281320350
2025-12-29 11:14:17,25984.2,26000,2025-12-30,CE,49.6,8.61,0.4941,0.003100,-21.5231,5.8907,0.4162,28620825,17446525,161134575
2025-12-29 11:14:17,25984.2,26000,2025-12-30,PE,55.0,9.12,-0.5055,0.003000,-22.8209,5.8908,-0.4708,22666425,7711000,281422950
2025-12-29 11:14:22,25983.15,26000,2025-12-30,CE,49.05,8.59,0.4944,0.003100,-21.4858,5.8907,0.4133,28620825,17446525,161300250
2025-12-29 11:14:22,25983.15,26000,2025-12-30,PE,55.45,9.16,-0.5052,0.003000,-22.8981,5.8908,-0.4733,22666425,7711000,281540175
2025-12-29 11:14:28,25984.15,26000,2025-12-30,CE,49.1,8.61,0.4909,0.003100,-21.5206,5.8892,0.4160,28620825,17446525,161561925
2025-12-29 11:14:28,25984.15,26000,2025-12-30,PE,55.55,9.16,-0.5084,0.003000,-22.8951,5.8894,-0.4708,22666425,7711000,281706300
2025-12-29 11:14:33,25983.0,26000,2025-12-30,CE,48.8,8.65,0.4891,0.003100,-21.6327,5.8883,0.4130,28620825,17446525,161709075
2025-12-29 11:14:33,25983.0,26000,2025-12-30,PE,55.85,9.12,-0.5102,0.003000,-22.8164,5.8885,-0.4738,22666425,7711000,281847750
2025-12-29 11:14:39,25983.5,26000,2025-12-30,CE,49.35,8.42,0.4961,0.003200,-21.0696,5.8905,0.4136,28620825,17446525,161807025
2025-12-29 11:14:39,25983.5,26000,2025-12-30,PE,55.3,9.37,-0.5033,0.002900,-23.4364,5.8906,-0.4718,22666425,7711000,281948700
2025-12-29 11:14:44,25982.65,26000,2025-12-30,CE,49.35,8.64,0.4878,0.003100,-21.5933,5.8873,0.4120,28620825,17446525,161883075
2025-12-29 11:14:44,25982.65,26000,2025-12-30,PE,55.1,9.11,-0.5114,0.003000,-22.7771,5.8877,-0.4747,22666425,7711000,282053925
2025-12-29 11:14:49,25982.45,26000,2025-12-30,CE,49.15,8.47,0.4978,0.003200,-21.1862,5.8906,0.4109,28620825,17446525,161943900
2025-12-29 11:14:49,25982.45,26000,2025-12-30,PE,55.25,9.28,-0.5019,0.002900,-23.2095,5.8906,-0.4746,22666425,7711000,282149625
2025-12-29 11:14:55,25984.0,26000,2025-12-30,CE,49.6,8.59,0.4931,0.003100,-21.4881,5.8893,0.4155,28620825,17446525,161982525
2025-12-29 11:14:55,25984.0,26000,2025-12-30,PE,54.8,9.14,-0.5064,0.003000,-22.8625,5.8894,-0.4711,22666425,7711000,282244575
2025-12-29 11:15:00,25983.9,26000,2025-12-30,CE,49.3,8.53,0.4946,0.003200,-21.3375,5.8896,0.4150,28620825,17446525,162041250
2025-12-29 11:15:00,25983.9,26000,2025-12-30,PE,54.85,9.20,-0.5048,0.002900,-23.0174,5.8897,-0.4712,22666425,7711000,282325350
2025-12-29 11:15:06,25983.2,26000,2025-12-30,CE,48.95,8.71,0.4901,0.003100,-21.7902,5.8879,0.4137,28620825,17446525,162153525
2025-12-29 11:15:06,25983.2,26000,2025-12-30,PE,55.15,9.00,-0.5095,0.003000,-22.5157,5.8880,-0.4735,22666425,7711000,282416850
2025-12-29 11:15:11,25981.9,26000,2025-12-30,CE,48.9,8.93,0.4792,0.003000,-22.2984,5.8807,0.4109,28620825,17446525,162250875
2025-12-29 11:15:11,25981.9,26000,2025-12-30,PE,55.4,8.74,-0.5213,0.003100,-21.8396,5.8803,-0.4778,22666425,7711000,282510075
2025-12-29 11:15:17,25981.6,26000,2025-12-30,CE,48.9,8.65,0.4879,0.003100,-21.6346,5.8865,0.4091,28620825,17446525,162325425
2025-12-29 11:15:17,25981.6,26000,2025-12-30,PE,55.3,9.06,-0.5115,0.003000,-22.6659,5.8868,-0.4774,22666425,7711000,282571275
2025-12-29 11:15:22,25981.3,26000,2025-12-30,CE,49.15,8.67,0.4885,0.003100,-21.6745,5.8867,0.4084,28620825,17446525,162388350
2025-12-29 11:15:22,25981.3,26000,2025-12-30,PE,55.45,9.03,-0.5109,0.003000,-22.5912,5.8869,-0.4782,22666425,7711000,282662400
2025-12-29 11:15:27,25983.1,26000,2025-12-30,CE,49.2,9.05,0.4751,0.003000,-22.5901,5.8764,0.4144,28620825,17446525,162435000
2025-12-29 11:15:27,25983.1,26000,2025-12-30,PE,55.35,8.64,-0.5262,0.003100,-21.5571,5.8752,-0.4748,22666425,7711000,282769875
2025-12-29 11:15:33,25982.8,26000,2025-12-30,CE,48.85,8.99,0.4782,0.003000,-22.4501,5.8790,0.4134,28620825,17446525,162538575
2025-12-29 11:15:33,25982.8,26000,2025-12-30,PE,55.7,8.71,-0.5226,0.003100,-21.7617,5.8784,-0.4754,22666425,7711000,282952425
2025-12-29 11:15:38,25982.1,26000,2025-12-30,CE,49.1,8.94,0.4799,0.003000,-22.3418,5.8803,0.4114,28620825,17446525,162627300
2025-12-29 11:15:38,25982.1,26000,2025-12-30,PE,55.35,8.82,-0.5204,0.003100,-22.0359,5.8801,-0.4768,22666425,7711000,283083600
2025-12-29 11:15:43,25981.55,26000,2025-12-30,CE,48.7,8.64,0.4878,0.003100,-21.5996,5.8856,0.4088,28620825,17446525,162679275
2025-12-29 11:15:43,25981.55,26000,2025-12-30,PE,55.8,9.12,-0.5114,0.003000,-22.8221,5.8859,-0.4772,22666425,7711000,283172325
2025-12-29 11:15:49,25982.9,26000,2025-12-30,CE,48.8,8.87,0.4797,0.003000,-22.1517,5.8799,0.4132,28620825,17446525,162844500
2025-12-29 11:15:49,25982.9,26000,2025-12-30,PE,55.45,8.87,-0.5203,0.003000,-22.1517,5.8799,-0.4745,22666425,7711000,283250700
2025-12-29 11:15:54,25982.2,26000,2025-12-30,CE,48.75,8.90,0.4785,0.003000,-22.2248,5.8788,0.4114,28620825,17446525,162978975
2025-12-29 11:15:54,25982.2,26000,2025-12-30,PE,55.45,8.82,-0.5217,0.003100,-22.0336,5.8786,-0.4765,22666425,7711000,283323675
2025-12-29 11:16:00,25982.0,26000,2025-12-30,CE,48.9,8.73,0.4855,0.003100,-21.8252,5.8838,0.4103,28620825,17446525,163077225
2025-12-29 11:16:00,25982.0,26000,2025-12-30,PE,55.3,9.00,-0.5140,0.003000,-22.5130,5.8841,-0.4764,22666425,7711000,283391100
2025-12-29 11:16:05,25983.0,26000,2025-12-30,CE,48.75,8.83,0.4811,0.003100,-22.0814,5.8806,0.4133,28620825,17446525,163189725
2025-12-29 11:16:05,25983.0,26000,2025-12-30,PE,55.7,8.87,-0.5188,0.003000,-22.1579,5.8807,-0.4742,22666425,7711000,283455000
2025-12-29 11:16:11,25982.4,26000,2025-12-30,CE,48.5,8.97,0.4754,0.003000,-22.4061,5.8755,0.4121,28620825,17446525,163347525
2025-12-29 11:16:11,25982.4,26000,2025-12-30,PE,55.65,8.73,-0.5253,0.003100,-21.7938,5.8748,-0.4762,22666425,7711000,283509825
2025-12-29 11:16:16,25981.1,26000,2025-12-30,CE,48.65,8.99,0.4749,0.003000,-22.4426,5.8748,0.4088,28620825,17446525,163464000
2025-12-29 11:16:16,25981.1,26000,2025-12-30,PE,55.6,8.70,-0.5260,0.003100,-21.7154,5.8739,-0.4798,22666425,7711000,283605900
2025-12-29 11:16:21,25981.7,26000,2025-12-30,CE,48.65,8.99,0.4749,0.003000,-22.4431,5.8746,0.4104,28620825,17446525,163555875
2025-12-29 11:16:21,25981.7,26000,2025-12-30,PE,55.55,8.71,-0.5260,0.003100,-21.7542,5.8738,-0.4781,22666425,7711000,283690575
2025-12-29 11:16:27,25982.85,26000,2025-12-30,CE,49.15,8.79,0.4813,0.003100,-21.9698,5.8802,0.4127,28620825,17446525,163671150
2025-12-29 11:16:27,25982.85,26000,2025-12-30,PE,54.95,8.90,-0.5184,0.003000,-22.2374,5.8804,-0.4744,22666425,7711000,283949775
2025-12-29 11:16:32,25982.7,26000,2025-12-30,CE,49.55,9.00,0.4779,0.003000,-22.4934,5.8772,0.4129,28620825,17446525,163767225
2025-12-29 11:16:32,25982.7,26000,2025-12-30,PE,54.45,8.65,-0.5231,0.003100,-21.6135,5.8764,-0.4756,22666425,7711000,284091975
2025-12-29 11:16:38,25982.15,26000,2025-12-30,CE,49.5,8.71,0.4883,0.003100,-21.7966,5.8844,0.4105,28620825,17446525,163900725
2025-12-29 11:16:38,25982.15,26000,2025-12-30,PE,54.3,8.97,-0.5113,0.003000,-22.4461,5.8845,-0.4759,22666425,7711000,284370450
2025-12-29 11:16:43,25982.8,26000,2025-12-30,CE,48.45,8.59,0.4915,0.003100,-21.4976,5.8855,0.4118,29633250,18458950,164092275
2025-12-29 11:16:43,25982.8,26000,2025-12-30,PE,55.5,9.03,-0.5080,0.003000,-22.6055,5.8857,-0.4741,22688400,7732975,284642775
2025-12-29 11:16:48,25982.75,26000,2025-12-30,CE,48.95,8.90,0.4767,0.003000,-22.2252,5.8754,0.4127,29633250,18458950,164201475
2025-12-29 11:16:48,25982.75,26000,2025-12-30,PE,54.6,8.71,-0.5238,0.003100,-21.7659,5.8750,-0.4752,22688400,7732975,284737425
2025-12-29 11:16:54,25981.7,26000,2025-12-30,CE,48.85,8.94,0.4789,0.003000,-22.3476,5.8773,0.4100,29633250,18458950,164280000
2025-12-29 11:16:54,25981.7,26000,2025-12-30,PE,55.0,8.62,-0.5219,0.003100,-21.5443,5.8766,-0.4783,22688400,7732975,284808900
2025-12-29 11:16:59,25981.0,26000,2025-12-30,CE,48.7,8.94,0.4789,0.003000,-22.3476,5.8773,0.4082,29633250,18458950,164322975
2025-12-29 11:16:59,25981.0,26000,2025-12-30,PE,55.05,8.62,-0.5219,0.003100,-21.5443,5.8766,-0.4802,22688400,7732975,284857050
2025-12-29 11:17:04,25981.55,26000,2025-12-30,CE,48.55,8.83,0.4814,0.003100,-22.0888,5.8791,0.4092,29633250,18458950,164387550
2025-12-29 11:17:04,25981.55,26000,2025-12-30,PE,55.2,8.82,-0.5186,0.003100,-22.0506,5.8791,-0.4779,22688400,7732975,284917950
2025-12-29 11:17:10,25981.35,26000,2025-12-30,CE,48.8,8.91,0.4767,0.003000,-22.2651,5.8750,0.4090,29633250,18458950,164432325
2025-12-29 11:17:10,25981.35,26000,2025-12-30,PE,55.0,8.67,-0.5240,0.003100,-21.6528,5.8744,-0.4790,22688400,7732975,284970825
2025-12-29 11:17:15,25981.5,26000,2025-12-30,CE,48.55,8.97,0.4772,0.003000,-22.4197,5.8753,0.4095,29633250,18458950,164487525
2025-12-29 11:17:15,25981.5,26000,2025-12-30,PE,55.1,8.59,-0.5239,0.003100,-21.4630,5.8743,-0.4789,22688400,7732975,285028800
2025-12-29 11:17:21,25980.7,26000,2025-12-30,CE,48.6,8.94,0.4759,0.003000,-22.3394,5.8739,0.4073,29633250,18458950,164563275
2025-12-29 11:17:21,25980.7,26000,2025-12-30,PE,55.2,8.67,-0.5249,0.003100,-21.6504,5.8732,-0.4807,22688400,7732975,285078225
2025-12-29 11:17:26,25980.4,26000,2025-12-30,CE,48.25,8.80,0.4807,0.003100,-22.0127,5.8780,0.4060,29633250,18458950,164986500
2025-12-29 11:17:26,25980.4,26000,2025-12-30,PE,55.45,8.80,-0.5193,0.003100,-22.0127,5.8780,-0.4809,22688400,7732975,285284850
2025-12-29 11:17:31,25978.45,26000,2025-12-30,CE,48.2,8.85,0.4757,0.003100,-22.1109,5.8734,0.4011,29633250,18458950,165075225
2025-12-29 11:17:31,25978.45,26000,2025-12-30,PE,55.75,8.76,-0.5246,0.003100,-21.8812,5.8732,-0.4862,22688400,7732975,285374175
2025-12-29 11:17:37,25979.65,26000,2025-12-30,CE,48.0,8.76,0.4825,0.003100,-21.9043,5.8791,0.4038,29633250,18458950,165200625
2025-12-29 11:17:37,25979.65,26000,2025-12-30,PE,56.0,8.85,-0.5173,0.003100,-22.1337,5.8792,-0.4827,22688400,7732975,285737250
2025-12-29 11:17:42,25979.75,26000,2025-12-30,CE,47.85,8.94,0.4738,0.003000,-22.3335,5.8712,0.4048,29633250,18458950,165353175
2025-12-29 11:17:42,25979.75,26000,2025-12-30,PE,56.0,8.68,-0.5270,0.003100,-21.6825,5.8704,-0.4831,22688400,7732975,285952950
2025-12-29 11:17:48,25980.45,26000,2025-12-30,CE,48.35,8.74,0.4797,0.003100,-21.8591,5.8766,0.4058,29633250,18458950,165473700
2025-12-29 11:17:48,25980.45,26000,2025-12-30,PE,55.5,8.91,-0.5199,0.003000,-22.2799,5.8769,-0.4803,22688400,7732975,286130175
2025-12-29 11:17:53,25978.75,26000,2025-12-30,CE,48.0,8.94,0.4729,0.003000,-22.3320,5.8697,0.4022,29633250,18458950,165612000
2025-12-29 11:17:53,25978.75,26000,2025-12-30,PE,55.85,8.73,-0.5278,0.003100,-21.7958,5.8690,-0.4855,22688400,7732975,286337025
2025-12-29 11:17:58,25980.2,26000,2025-12-30,CE,48.05,8.77,0.4797,0.003100,-21.9378,5.8761,0.4052,29633250,18458950,165703050
2025-12-29 11:17:58,25980.2,26000,2025-12-30,PE,56.0,8.87,-0.5200,0.003000,-22.1673,5.8763,-0.4811,22688400,7732975,286415325
2025-12-29 11:18:04,25981.1,26000,2025-12-30,CE,48.25,8.77,0.4797,0.003100,-21.9378,5.8761,0.4076,29633250,18458950,165804225
2025-12-29 11:18:04,25981.1,26000,2025-12-30,PE,55.65,8.87,-0.5200,0.003000,-22.1673,5.8763,-0.4787,22688400,7732975,286568175
2025-12-29 11:18:09,25981.4,26000,2025-12-30,CE,48.35,8.71,0.4824,0.003100,-21.7939,5.8778,0.4081,29633250,18458950,165941700
2025-12-29 11:18:09,25981.4,26000,2025-12-30,PE,55.4,8.88,-0.5173,0.003000,-22.2146,5.8781,-0.4778,22688400,7732975,286717800
2025-12-29 11:18:15,25980.35,26000,2025-12-30,CE,48.1,8.61,0.4853,0.003100,-21.5344,5.8796,0.4049,29633250,18458950,166017375
2025-12-29 11:18:15,25980.35,26000,2025-12-30,PE,55.9,9.03,-0.5139,0.003000,-22.6050,5.8801,-0.4800,22688400,7732975,286807050
2025-12-29 11:18:20,25977.75,26000,2025-12-30,CE,47.15,8.61,0.4853,0.003100,-21.5344,5.8796,0.3979,29633250,18458950,166226025
2025-12-29 11:18:20,25977.75,26000,2025-12-30,PE,56.65,9.03,-0.5139,0.003000,-22.6050,5.8801,-0.4866,22688400,7732975,286980000
2025-12-29 11:18:26,25978.4,26000,2025-12-30,CE,47.05,8.53,0.4880,0.003200,-21.3496,5.8810,0.3992,29633250,18458950,166543050
2025-12-29 11:18:26,25978.4,26000,2025-12-30,PE,57.0,9.16,-0.5111,0.003000,-22.9170,5.8815,-0.4844,22688400,7732975,287305275
2025-12-29 11:18:31,25977.15,26000,2025-12-30,CE,47.3,8.73,0.4731,0.003100,-21.8028,5.8691,0.3968,29633250,18458950,166728450
2025-12-29 11:18:31,25977.15,26000,2025-12-30,PE,56.45,8.87,-0.5264,0.003000,-22.1475,5.8695,-0.4889,22688400,7732975,287580075
2025-12-29 11:18:36,25976.75,26000,2025-12-30,CE,47.45,8.82,0.4704,0.003100,-22.0204,5.8658,0.3962,29633250,18458950,166882200
2025-12-29 11:18:36,25976.75,26000,2025-12-30,PE,56.8,8.80,-0.5297,0.003100,-21.9820,5.8658,-0.4903,22688400,7732975,287680425
2025-12-29 11:18:42,25977.45,26000,2025-12-30,CE,47.0,8.90,0.4706,0.003000,-22.2125,5.8660,0.3984,29633250,18458950,167040525
2025-12-29 11:18:42,25977.45,26000,2025-12-30,PE,57.15,8.70,-0.5301,0.003100,-21.7143,5.8652,-0.4889,22688400,7732975,287822850
2025-12-29 11:18:47,25976.85,26000,2025-12-30,CE,46.7,8.83,0.4704,0.003100,-22.0597,5.8656,0.3965,29633250,18458950,167447625
2025-12-29 11:18:47,25976.85,26000,2025-12-30,PE,57.6,8.79,-0.5298,0.003100,-21.9447,5.8654,-0.4900,22688400,7732975,288373050
2025-12-29 11:18:53,25976.75,26000,2025-12-30,CE,46.85,8.70,0.4699,0.003100,-21.7154,5.8649,0.3955,29633250,18458950,167565675
2025-12-29 11:18:53,25976.75,26000,2025-12-30,PE,57.7,8.96,-0.5292,0.003000,-22.3669,5.8659,-0.4894,22688400,7732975,288612600
2025-12-29 11:18:58,25977.45,26000,2025-12-30,CE,46.6,8.50,0.4790,0.003200,-21.2548,5.8739,0.3963,29633250,18458950,167869050
2025-12-29 11:18:58,25977.45,26000,2025-12-30,PE,57.8,9.22,-0.5192,0.002900,-23.0534,5.8753,-0.4864,22688400,7732975,289075725
2025-12-29 11:19:04,25975.25,26000,2025-12-30,CE,45.3,8.73,0.4700,0.003100,-21.7936,5.8646,0.3917,29633250,18458950,168927150
2025-12-29 11:19:04,25975.25,26000,2025-12-30,PE,59.55,8.96,-0.5292,0.003000,-22.3685,5.8655,-0.4932,22688400,7732975,290472600
2025-12-29 11:19:09,25975.35,26000,2025-12-30,CE,44.9,8.61,0.4721,0.003100,-21.4981,5.8668,0.3912,29633250,18458950,169363500
2025-12-29 11:19:09,25975.35,26000,2025-12-30,PE,59.9,9.14,-0.5262,0.003000,-22.8390,5.8686,-0.4920,22688400,7732975,291123750
2025-12-29 11:19:15,25975.95,26000,2025-12-30,CE,46.35,8.56,0.4643,0.003100,-21.3492,5.8571,0.3925,29633250,18458950,169756425
2025-12-29 11:19:15,25975.95,26000,2025-12-30,PE,57.9,9.26,-0.5328,0.002900,-23.1139,5.8607,-0.4899,22688400,7732975,291623025
2025-12-29 11:19:20,25975.35,26000,2025-12-30,CE,46.6,8.74,0.4633,0.003100,-21.8006,5.8554,0.3919,29633250,18458950,169968150
2025-12-29 11:19:20,25975.35,26000,2025-12-30,PE,57.7,8.90,-0.5361,0.003000,-22.1844,5.8563,-0.4932,22688400,7732975,292033200
2025-12-29 11:19:25,25976.85,26000,2025-12-30,CE,46.5,8.68,0.4717,0.003100,-21.6887,5.8660,0.3955,29633250,18458950,170136825
2025-12-29 11:19:25,25976.85,26000,2025-12-30,PE,57.85,8.96,-0.5274,0.003000,-22.3784,5.8669,-0.4890,22688400,7732975,292250625
2025-12-29 11:19:31,25975.25,26000,2025-12-30,CE,46.5,8.96,0.4600,0.003000,-22.3153,5.8501,0.3928,29633250,18458950,170278575
2025-12-29 11:19:31,25975.25,26000,2025-12-30,PE,57.9,8.70,-0.5413,0.003100,-21.6620,5.8482,-0.4945,22688400,7732975,292482675
2025-12-29 11:19:36,25976.2,26000,2025-12-30,CE,45.95,8.99,0.4637,0.003000,-22.4131,5.8555,0.3954,29633250,18458950,170458350
2025-12-29 11:19:36,25976.2,26000,2025-12-30,PE,58.7,8.67,-0.5377,0.003100,-21.6068,5.8536,-0.4921,22688400,7732975,292657875
2025-12-29 11:19:42,25974.55,25950,2025-12-30,CE,73.95,8.47,0.6355,0.003000,-19.9775,5.5384,0.5237,5620875,4379400,42693225
2025-12-29 11:19:42,25974.55,25950,2025-12-30,PE,35.7,9.28,-0.3758,0.002800,-22.1022,5.5933,-0.3676,11022075,5340975,149483775
2025-12-29 11:19:47,25974.9,25950,2025-12-30,CE,73.4,9.19,0.6065,0.002800,-22.1787,5.6683,0.5181,5747925,4506450,42725925
2025-12-29 11:19:47,25974.9,25950,2025-12-30,PE,35.95,8.80,-0.3891,0.003000,-21.1904,5.6504,-0.3626,11109825,5428725,149563350
2025-12-29 11:19:53,25974.85,25950,2025-12-30,CE,73.25,8.85,0.6168,0.002900,-21.2079,5.6255,0.5209,5747925,4506450,42777675
2025-12-29 11:19:53,25974.85,25950,2025-12-30,PE,36.3,9.00,-0.3851,0.002900,-21.6051,5.6337,-0.3644,11109825,5428725,149727900
2025-12-29 11:19:58,25975.75,26000,2025-12-30,CE,46.35,9.02,0.4546,0.003000,-22.4363,5.8403,0.3943,29904625,18730325,171019725
2025-12-29 11:19:58,25975.75,26000,2025-12-30,PE,58.05,8.61,-0.5477,0.003100,-21.3970,5.8364,-0.4936,22344450,7389025,293585100
2025-12-29 11:20:04,25973.05,25950,2025-12-30,CE,73.65,8.85,0.6215,0.002900,-21.1319,5.6045,0.5162,5747925,4506450,42959325
2025-12-29 11:20:04,25973.05,25950,2025-12-30,PE,36.2,8.80,-0.3903,0.003000,-21.2098,5.6547,-0.3673,11109825,5428725,150171075
2025-12-29 11:20:09,25972.8,25950,2025-12-30,CE,73.25,8.85,0.6215,0.002900,-21.1319,5.6045,0.5156,5747925,4506450,43056750
2025-12-29 11:20:09,25972.8,25950,2025-12-30,PE,36.15,9.03,-0.3808,0.002900,-21.6099,5.6151,-0.3698,11109825,5428725,150396675
2025-12-29 11:20:15,25972.95,25950,2025-12-30,CE,73.35,9.06,0.6085,0.002900,-21.8570,5.6596,0.5142,5747925,4506450,43122300
2025-12-29 11:20:15,25972.95,25950,2025-12-30,PE,36.25,8.93,-0.3899,0.002900,-21.5010,5.6531,-0.3686,11109825,5428725,150520575
2025-12-29 11:20:21,25972.4,25950,2025-12-30,CE,73.15,9.31,0.6010,0.002800,-22.5612,5.6884,0.5108,5747925,4506450,43182525
2025-12-29 11:20:21,25972.4,25950,2025-12-30,PE,36.5,8.80,-0.3935,0.003000,-21.2603,5.6670,-0.3689,11109825,5428725,150656475
2025-12-29 11:20:26,25973.5,25950,2025-12-30,CE,73.4,9.06,0.6085,0.002900,-21.8580,5.6593,0.5155,5747925,4506450,43215375
2025-12-29 11:20:26,25973.5,25950,2025-12-30,PE,36.4,8.93,-0.3899,0.002900,-21.5020,5.6528,-0.3671,11109825,5428725,150762150
2025-12-29 11:20:31,25972.15,25950,2025-12-30,CE,72.8,8.94,0.6099,0.002900,-21.5420,5.6534,0.5130,5747925,4506450,43269600
2025-12-29 11:20:31,25972.15,25950,2025-12-30,PE,36.65,9.05,-0.3914,0.002900,-21.8189,5.6585,-0.3715,11109825,5428725,151078350
2025-12-29 11:20:37,25972.35,25950,2025-12-30,CE,73.05,8.94,0.6099,0.002900,-21.5420,5.6534,0.5135,5747925,4506450,43302975
2025-12-29 11:20:37,25972.35,25950,2025-12-30,PE,36.5,9.05,-0.3914,0.002900,-21.8189,5.6585,-0.3710,11109825,5428725,151291500
2025-12-29 11:20:42,25970.85,25950,2025-12-30,CE,73.25,9.34,0.5987,0.002800,-22.6704,5.6962,0.5067,5747925,4506450,43369050
2025-12-29 11:20:42,25970.85,25950,2025-12-30,PE,36.5,8.80,-0.3956,0.003000,-21.2924,5.6745,-0.3728,11109825,5428725,151535625
2025-12-29 11:20:48,25973.55,25950,2025-12-30,CE,72.75,8.74,0.6200,0.003000,-20.9057,5.6100,0.5183,5747925,4506450,43424700
2025-12-29 11:20:48,25973.55,25950,2025-12-30,PE,36.85,9.17,-0.3854,0.002800,-22.0191,5.6335,-0.3689,11109825,5428725,151861575
2025-12-29 11:20:53,25972.1,25950,2025-12-30,CE,73.1,9.14,0.6016,0.002900,-22.1482,5.6849,0.5112,5747925,4506450,43578000
2025-12-29 11:20:53,25972.1,25950,2025-12-30,PE,36.55,8.91,-0.3959,0.002900,-21.5572,5.6753,-0.3705,11109825,5428725,152451150
2025-12-29 11:20:59,25973.15,25950,2025-12-30,CE,73.75,8.87,0.6158,0.002900,-21.2685,5.6280,0.5161,5747925,4506450,43637550
2025-12-29 11:20:59,25973.15,25950,2025-12-30,PE,36.15,9.09,-0.3870,0.002900,-21.8639,5.6399,-0.3692,11109825,5428725,152713425
2025-12-29 11:21:04,25973.35,25950,2025-12-30,CE,73.5,8.87,0.6158,0.002900,-21.2685,5.6280,0.5165,5747925,4506450,43720200
2025-12-29 11:21:04,25973.35,25950,2025-12-30,PE,36.2,9.09,-0.3870,0.002900,-21.8639,5.6399,-0.3687,11109825,5428725,153040050
2025-12-29 11:21:10,25973.05,25950,2025-12-30,CE,73.7,8.73,0.6223,0.003000,-20.8338,5.5991,0.5169,5747925,4506450,43749750
2025-12-29 11:21:10,25973.05,25950,2025-12-30,PE,36.0,9.14,-0.3830,0.002800,-21.9091,5.6227,-0.3698,11109825,5428725,153149775
2025-12-29 11:21:16,25974.9,25950,2025-12-30,CE,74.3,9.28,0.6036,0.002800,-22.4547,5.6771,0.5169,5747925,4506450,43786575
2025-12-29 11:21:16,25974.9,25950,2025-12-30,PE,35.8,8.80,-0.3911,0.003000,-21.2305,5.6560,-0.3622,11109825,5428725,153314400
2025-12-29 11:21:22,25974.4,25950,2025-12-30,CE,74.2,8.88,0.6191,0.002900,-21.2529,5.6131,0.5191,5747925,4506450,43858350
2025-12-29 11:21:22,25974.4,25950,2025-12-30,PE,35.75,9.06,-0.3832,0.002900,-21.7303,5.6232,-0.3658,11109825,5428725,153422925
2025-12-29 11:21:27,25971.7,25950,2025-12-30,CE,73.5,9.22,0.6056,0.002800,-22.2766,5.6688,0.5095,5747925,4506450,43896750
2025-12-29 11:21:27,25971.7,25950,2025-12-30,PE,36.2,8.85,-0.3902,0.002900,-21.3279,5.6520,-0.3709,11109825,5428725,153503400
2025-12-29 11:21:33,25972.4,25950,2025-12-30,CE,73.3,9.19,0.6060,0.002800,-22.1981,5.6674,0.5114,5747925,4506450,43927875
2025-12-29 11:21:33,25972.4,25950,2025-12-30,PE,36.6,8.87,-0.3904,0.002900,-21.3679,5.6526,-0.3692,11109825,5428725,153624750
2025-12-29 11:21:38,25971.35,25950,2025-12-30,CE,73.8,9.29,0.6012,0.002800,-22.5296,5.6856,0.5081,5747925,4506450,43974150
2025-12-29 11:21:38,25971.35,25950,2025-12-30,PE,36.1,8.85,-0.3940,0.003000,-21.3861,5.6669,-0.3717,11109825,5428725,153731550
2025-12-29 11:21:43,25971.35,25950,2025-12-30,CE,73.15,9.12,0.6067,0.002900,-22.0416,5.6642,0.5093,5747925,4506450,44041125
2025-12-29 11:21:43,25971.35,25950,2025-12-30,PE,36.65,8.91,-0.3909,0.002900,-21.4881,5.6544,-0.3722,11109825,5428725,153985425
2025-12-29 11:21:49,25971.3,25950,2025-12-30,CE,73.2,9.06,0.6074,0.002900,-21.8840,5.6613,0.5096,5747925,4506450,44063550
2025-12-29 11:21:49,25971.3,25950,2025-12-30,PE,36.65,8.97,-0.3916,0.002900,-21.6468,5.6571,-0.3728,11109825,5428725,154075050
2025-12-29 11:21:54,25970.75,25950,2025-12-30,CE,72.8,8.64,0.6241,0.003000,-20.5883,5.5893,0.5115,5747925,4506450,44084400
2025-12-29 11:21:54,25970.75,25950,2025-12-30,PE,36.8,9.23,-0.3835,0.002800,-22.1427,5.6238,-0.3761,11109825,5428725,154174950
2025-12-29 11:22:00,25971.4,25950,2025-12-30,CE,73.15,9.02,0.6079,0.002900,-21.7664,5.6589,0.5101,5747925,4506450,44139525
2025-12-29 11:22:00,25971.4,25950,2025-12-30,PE,36.65,8.99,-0.3918,0.002900,-21.6874,5.6575,-0.3726,11109825,5428725,154250025
2025-12-29 11:22:05,25972.35,25950,2025-12-30,CE,72.95,8.73,0.6199,0.003000,-20.8783,5.6080,0.5149,5747925,4506450,44175225
2025-12-29 11:22:05,25972.35,25950,2025-12-30,PE,36.6,9.19,-0.3858,0.002800,-22.0715,5.6331,-0.3718,11109825,5428725,154340850
2025-12-29 11:22:10,25973.1,25950,2025-12-30,CE,73.0,9.03,0.6077,0.002900,-21.8070,5.6593,0.5143,5747925,4506450,44215800
2025-12-29 11:22:10,25973.1,25950,2025-12-30,PE,36.55,8.96,-0.3914,0.002900,-21.6093,5.6558,-0.3680,11109825,5428725,154450500
2025-12-29 11:22:16,25971.0,25950,2025-12-30,CE,74.0,8.85,0.6175,0.002900,-21.2123,5.6186,0.5103,5747925,4506450,44255925
2025-12-29 11:22:16,25971.0,25950,2025-12-30,PE,35.8,9.09,-0.3855,0.002900,-21.8482,5.6317,-0.3743,11109825,5428725,154629150
2025-12-29 11:22:21,25972.95,25950,2025-12-30,CE,74.1,8.99,0.6140,0.002900,-21.5987,5.6333,0.5142,5747925,4506450,44288850
2025-12-29 11:22:21,25972.95,25950,2025-12-30,PE,36.0,9.02,-0.3863,0.002900,-21.6781,5.6348,-0.3689,11109825,5428725,154748925
2025-12-29 11:22:27,25973.85,25950,2025-12-30,CE,74.1,9.19,0.6063,0.002800,-22.1993,5.6646,0.5148,5747925,4506450,44321550
2025-12-29 11:22:27,25973.85,25950,2025-12-30,PE,35.8,8.85,-0.3898,0.002900,-21.3292,5.6490,-0.3651,11109825,5428725,154857975
2025-12-29 11:22:32,25972.6,25950,2025-12-30,CE,74.45,9.26,0.6069,0.002800,-22.3757,5.6623,0.5111,5747925,4506450,44387325
2025-12-29 11:22:32,25972.6,25950,2025-12-30,PE,35.6,8.80,-0.3878,0.003000,-21.1881,5.6406,-0.3679,11109825,5428725,155037225
2025-12-29 11:22:37,25972.8,25950,2025-12-30,CE,74.35,9.22,0.6062,0.002800,-22.2750,5.6645,0.5119,5747925,4506450,44450925
2025-12-29 11:22:37,25972.8,25950,2025-12-30,PE,35.65,8.82,-0.3892,0.003000,-21.2465,5.6460,-0.3675,11109825,5428725,155115450
2025-12-29 11:22:43,25973.1,25950,2025-12-30,CE,74.3,9.08,0.6130,0.002900,-21.8387,5.6373,0.5137,5747925,4506450,44472000
2025-12-29 11:22:43,25973.1,25950,2025-12-30,PE,35.7,8.93,-0.3852,0.002900,-21.4418,5.6295,-0.3677,11109825,5428725,155192250
2025-12-29 11:22:48,25973.35,25950,2025-12-30,CE,74.45,9.26,0.6063,0.002800,-22.3858,5.6641,0.5129,5747925,4506450,44499000
2025-12-29 11:22:48,25973.35,25950,2025-12-30,PE,35.6,8.80,-0.3884,0.003000,-21.1986,5.6426,-0.3659,11109825,5428725,155255625
2025-12-29 11:22:54,25971.65,25950,2025-12-30,CE,73.95,8.94,0.6140,0.002900,-21.4922,5.6323,0.5111,6077025,4835550,44577675
2025-12-29 11:22:54,25971.65,25950,2025-12-30,PE,35.9,9.02,-0.3869,0.002900,-21.6907,5.6362,-0.3720,10940025,5258925,155425200
2025-12-29 11:22:59,25972.15,25950,2025-12-30,CE,73.9,9.12,0.6096,0.002900,-22.0050,5.6506,0.5110,6077025,4835550,44601300
2025-12-29 11:22:59,25972.15,25950,2025-12-30,PE,35.95,8.91,-0.3879,0.002900,-21.4503,5.6402,-0.3699,10940025,5258925,155476200
2025-12-29 11:23:04,25971.55,25950,2025-12-30,CE,73.6,8.88,0.6154,0.002900,-21.3250,5.6263,0.5113,6077025,4835550,44631525
2025-12-29 11:23:04,25971.55,25950,2025-12-30,PE,36.2,9.05,-0.3867,0.002900,-21.7619,5.6350,-0.3725,10940025,5258925,155556675
2025-12-29 11:23:10,25971.6,25950,2025-12-30,CE,73.1,8.93,0.6148,0.002900,-21.4447,5.6286,0.5110,6077025,4835550,44684550
2025-12-29 11:23:10,25971.6,25950,2025-12-30,PE,36.45,9.02,-0.3863,0.002900,-21.6830,5.6333,-0.3721,10940025,5258925,155648325
2025-12-29 11:23:15,25971.05,25950,2025-12-30,CE,73.15,9.26,0.6004,0.002800,-22.4777,5.6856,0.5071,6077025,4835550,44716200
2025-12-29 11:23:15,25971.05,25950,2025-12-30,PE,36.45,8.82,-0.3948,0.003000,-21.3342,5.6671,-0.3719,10940025,5258925,155732700
2025-12-29 11:23:21,25969.2,25950,2025-12-30,CE,72.95,9.26,0.6010,0.002800,-22.4700,5.6834,0.5025,6077025,4835550,44790600
2025-12-29 11:23:21,25969.2,25950,2025-12-30,PE,36.8,8.85,-0.3945,0.003000,-21.4051,5.6660,-0.3769,10940025,5258925,155864325
2025-12-29 11:23:26,25970.5,25950,2025-12-30,CE,73.15,9.11,0.6046,0.002900,-22.0468,5.6694,0.5068,6077025,4835550,44832300
2025-12-29 11:23:26,25970.5,25950,2025-12-30,PE,36.65,8.97,-0.3939,0.002900,-21.6913,5.6634,-0.3744,10940025,5258925,155984700
2025-12-29 11:23:32,25968.95,25950,2025-12-30,CE,73.2,8.96,0.6115,0.002900,-21.5722,5.6416,0.5039,6077025,4835550,44869425
2025-12-29 11:23:32,25968.95,25950,2025-12-30,PE,36.6,9.06,-0.3897,0.002900,-21.8496,5.6468,-0.3790,10940025,5258925,156068100
2025-12-29 11:23:38,25967.6,25950,2025-12-30,CE,72.55,8.97,0.6114,0.002900,-21.6123,5.6422,0.5004,6077025,4835550,44924100
2025-12-29 11:23:38,25967.6,25950,2025-12-30,PE,37.1,9.03,-0.3894,0.002900,-21.7709,5.6452,-0.3822,10940025,5258925,156315300
2025-12-29 11:23:43,25967.7,25950,2025-12-30,CE,72.8,8.91,0.6121,0.002900,-21.4542,5.6390,0.5010,6077025,4835550,44980200
2025-12-29 11:23:43,25967.7,25950,2025-12-30,PE,36.9,9.09,-0.3901,0.002900,-21.9299,5.6480,-0.3823,10940025,5258925,156476100
2025-12-29 11:23:48,25968.4,25950,2025-12-30,CE,72.7,9.09,0.6042,0.002900,-22.0178,5.6704,0.5015,6077025,4835550,45012675
2025-12-29 11:23:48,25968.4,25950,2025-12-30,PE,36.95,8.97,-0.3944,0.002900,-21.7019,5.6651,-0.3797,10940025,5258925,156635475
2025-12-29 11:23:54,25967.65,25950,2025-12-30,CE,72.9,9.26,0.5979,0.002800,-22.5184,5.6936,0.4985,6077025,4835550,45111075
2025-12-29 11:23:54,25967.65,25950,2025-12-30,PE,36.8,8.85,-0.3978,0.003000,-21.4553,5.6774,-0.3808,10940025,5258925,156870450
2025-12-29 11:23:59,25966.8,25950,2025-12-30,CE,72.65,8.85,0.6143,0.002900,-21.2743,5.6292,0.4990,6077025,4835550,45173475
2025-12-29 11:23:59,25966.8,25950,2025-12-30,PE,36.85,9.11,-0.3888,0.002900,-21.9489,5.6423,-0.3847,10940025,5258925,156994725
2025-12-29 11:24:05,25966.25,25950,2025-12-30,CE,71.95,9.14,0.5994,0.002900,-22.2006,5.6877,0.4957,6077025,4835550,45444450
2025-12-29 11:24:05,25966.25,25950,2025-12-30,PE,37.15,8.93,-0.3983,0.002900,-21.6492,5.6791,-0.3849,10940025,5258925,157318275
2025-12-29 11:24:10,25968.4,25950,2025-12-30,CE,72.1,9.11,0.6009,0.002900,-22.1060,5.6821,0.5013,6077025,4835550,45533625
2025-12-29 11:24:10,25968.4,25950,2025-12-30,PE,37.0,8.91,-0.3970,0.002900,-21.5935,5.6739,-0.3792,10940025,5258925,157504275
2025-12-29 11:24:16,25967.4,25950,2025-12-30,CE,72.8,9.19,0.6001,0.002900,-22.3035,5.6850,0.4982,6077025,4835550,45589650
2025-12-29 11:24:16,25967.4,25950,2025-12-30,PE,36.6,8.87,-0.3965,0.003000,-21.4756,5.6718,-0.3815,10940025,5258925,157688325
2025-12-29 11:24:21,25969.15,25950,2025-12-30,CE,72.9,8.88,0.6137,0.002900,-21.3603,5.6314,0.5048,6077025,4835550,45655500
2025-12-29 11:24:21,25969.15,25950,2025-12-30,PE,36.55,9.05,-0.3884,0.002900,-21.7969,5.6399,-0.3783,10940025,5258925,158023725
2025-12-29 11:24:27,25968.5,25950,2025-12-30,CE,73.0,9.28,0.5994,0.002800,-22.5367,5.6872,0.5003,6077025,4835550,45717975
2025-12-29 11:24:27,25968.5,25950,2025-12-30,PE,36.45,8.82,-0.3956,0.003000,-21.3539,5.6684,-0.3783,10940025,5258925,158166450
2025-12-29 11:24:32,25968.95,25950,2025-12-30,CE,73.35,9.26,0.6001,0.002800,-22.4896,5.6844,0.5016,6077025,4835550,45772350
2025-12-29 11:24:32,25968.95,25950,2025-12-30,PE,36.25,8.82,-0.3950,0.003000,-21.3459,5.6660,-0.3771,10940025,5258925,158360400
2025-12-29 11:24:37,25967.55,25950,2025-12-30,CE,73.05,9.26,0.6016,0.002800,-22.4695,5.6790,0.4981,6077025,4835550,45841425
2025-12-29 11:24:37,25967.55,25950,2025-12-30,PE,36.55,8.80,-0.3934,0.003000,-21.2852,5.6594,-0.3805,10940025,5258925,158722575
2025-12-29 11:24:43,25968.35,25950,2025-12-30,CE,73.35,9.26,0.6016,0.002800,-22.4700,5.6789,0.5000,6077025,4835550,45867075
2025-12-29 11:24:43,25968.35,25950,2025-12-30,PE,36.6,8.85,-0.3939,0.003000,-21.4043,5.6613,-0.3788,10940025,5258925,158828100
2025-12-29 11:24:48,25969.75,25950,2025-12-30,CE,73.25,8.96,0.6130,0.002900,-21.5566,5.6334,0.5056,6077025,4835550,45905550
2025-12-29 11:24:48,25969.75,25950,2025-12-30,PE,36.65,9.05,-0.3881,0.002900,-21.7948,5.6380,-0.3766,10940025,5258925,158900925
2025-12-29 11:24:54,25969.8,25950,2025-12-30,CE,73.75,8.94,0.6132,0.002900,-21.5174,5.6325,0.5059,6077025,4835550,45940500
2025-12-29 11:24:54,25969.8,25950,2025-12-30,PE,36.2,9.05,-0.3881,0.002900,-21.7952,5.6378,-0.3765,10940025,5258925,159189600
2025-12-29 11:24:59,25970.05,25950,2025-12-30,CE,72.4,9.25,0.6023,0.002800,-22.4243,5.6756,0.5042,6077025,4835550,46107075
2025-12-29 11:24:59,25970.05,25950,2025-12-30,PE,37.0,8.85,-0.3933,0.003000,-21.3975,5.6584,-0.3743,10940025,5258925,159620400
2025-12-29 11:25:05,25969.05,25950,2025-12-30,CE,72.7,8.82,0.6133,0.002900,-21.2243,5.6318,0.5048,6077025,4835550,46152225
2025-12-29 11:25:05,25969.05,25950,2025-12-30,PE,36.7,9.11,-0.3902,0.002900,-21.9780,5.6462,-0.3788,10940025,5258925,159984000
2025-12-29 11:25:10,25966.85,25950,2025-12-30,CE,72.45,8.87,0.6148,0.002900,-21.3114,5.6254,0.4987,6077025,4835550,46203450
2025-12-29 11:25:10,25966.85,25950,2025-12-30,PE,37.1,9.08,-0.3878,0.002900,-21.8674,5.6364,-0.3841,10940025,5258925,160064325
2025-12-29 11:25:15,25967.45,25950,2025-12-30,CE,72.45,8.79,0.6154,0.003000,-21.1178,5.6224,0.5008,6077025,4835550,46251150
2025-12-29 11:25:15,25967.45,25950,2025-12-30,PE,37.0,9.16,-0.3890,0.002800,-22.0709,5.6411,-0.3831,10940025,5258925,160196775
2025-12-29 11:25:21,25968.4,25950,2025-12-30,CE,72.4,9.22,0.5987,0.002900,-22.4052,5.6884,0.5002,6077025,4835550,46290900
2025-12-29 11:25:21,25968.4,25950,2025-12-30,PE,37.1,8.88,-0.3978,0.003000,-21.5384,5.6750,-0.3787,10940025,5258925,160321350
2025-12-29 11:25:27,25968.05,25950,2025-12-30,CE,72.65,9.29,0.5965,0.002800,-22.6224,5.6961,0.4989,6077025,4835550,46318725
2025-12-29 11:25:27,25968.05,25950,2025-12-30,PE,36.9,8.83,-0.3987,0.003000,-21.4414,5.6784,-0.3793,10940025,5258925,160466025
2025-12-29 11:25:33,25967.35,25950,2025-12-30,CE,72.8,8.83,0.6151,0.002900,-21.2338,5.6232,0.5002,6077025,4835550,46339575
2025-12-29 11:25:33,25967.35,25950,2025-12-30,PE,36.85,9.16,-0.3887,0.002800,-22.0678,5.6395,-0.3833,10940025,5258925,160565100
2025-12-29 11:25:38,25968.7,25950,2025-12-30,CE,72.75,8.85,0.6138,0.002900,-21.2928,5.6288,0.5035,6077025,4835550,46355700
2025-12-29 11:25:38,25968.7,25950,2025-12-30,PE,36.55,9.11,-0.3893,0.002900,-21.9675,5.6418,-0.3795,10940025,5258925,160713225
2025-12-29 11:25:44,25968.55,25950,2025-12-30,CE,73.15,9.37,0.5968,0.002800,-22.8053,5.6942,0.4995,6077025,4835550,46442025
2025-12-29 11:25:44,25968.55,25950,2025-12-30,PE,36.45,8.77,-0.3969,0.003000,-21.2689,5.6708,-0.3775,10940025,5258925,160901850
2025-12-29 11:25:49,25969.15,25950,2025-12-30,CE,73.45,8.94,0.6133,0.002900,-21.5233,5.6306,0.5039,6836850,5595375,46489500
2025-12-29 11:25:49,25969.15,25950,2025-12-30,PE,36.25,9.06,-0.3882,0.002900,-21.8409,5.6368,-0.3780,10998900,5317800,161010750
2025-12-29 11:25:55,25970.45,25950,2025-12-30,CE,73.6,9.28,0.6009,0.002800,-22.5255,5.6793,0.5048,6836850,5595375,46522950
2025-12-29 11:25:55,25970.45,25950,2025-12-30,PE,36.25,8.82,-0.3941,0.003000,-21.3412,5.6600,-0.3729,10998900,5317800,161128950
2025-12-29 11:26:01,25971.85,25950,2025-12-30,CE,73.5,8.96,0.6140,0.002900,-21.5501,5.6275,0.5106,6836850,5595375,46589475
2025-12-29 11:26:01,25971.85,25950,2025-12-30,PE,36.15,9.03,-0.3870,0.002900,-21.7487,5.6314,-0.3709,10998900,5317800,161255400
2025-12-29 11:26:06,25971.0,25950,2025-12-30,CE,73.65,8.94,0.6147,0.002900,-21.5015,5.6241,0.5086,6836850,5595375,46654800
2025-12-29 11:26:06,25971.0,25950,2025-12-30,PE,35.9,9.02,-0.3862,0.002900,-21.7002,5.6280,-0.3730,10998900,5317800,161497875
2025-12-29 11:26:12,25972.55,25950,2025-12-30,CE,73.8,8.96,0.6145,0.002900,-21.5417,5.6247,0.5123,6836850,5595375,46697475
2025-12-29 11:26:12,25972.55,25950,2025-12-30,PE,35.85,9.00,-0.3860,0.002900,-21.6610,5.6271,-0.3689,10998900,5317800,161631600
2025-12-29 11:26:18,25972.55,25950,2025-12-30,CE,74.1,8.79,0.6225,0.002900,-21.0071,5.5896,0.5137,6836850,5595375,46808850
2025-12-29 11:26:18,25972.55,25950,2025-12-30,PE,35.7,9.08,-0.3812,0.002900,-21.7655,5.6065,-0.3695,10998900,5317800,161895825
2025-12-29 11:26:23,25971.7,25950,2025-12-30,CE,73.65,8.79,0.6225,0.002900,-21.0075,5.5895,0.5115,6836850,5595375,46845075
2025-12-29 11:26:23,25971.7,25950,2025-12-30,PE,36.1,9.09,-0.3814,0.002800,-21.8058,5.6072,-0.3717,10998900,5317800,162034875
2025-12-29 11:26:28,25972.0,25950,2025-12-30,CE,73.9,9.19,0.6061,0.002800,-22.2281,5.6585,0.5091,6836850,5595375,46878000
2025-12-29 11:26:28,25972.0,25950,2025-12-30,PE,35.85,8.85,-0.3900,0.002900,-21.3571,5.6430,-0.3690,10998900,5317800,162104775
2025-12-29 11:26:34,25971.3,25950,2025-12-30,CE,73.75,8.74,0.6231,0.003000,-20.8890,5.5862,0.5108,6836850,5595375,46923150
2025-12-29 11:26:34,25971.3,25950,2025-12-30,PE,36.1,9.16,-0.3821,0.002800,-21.9667,5.6101,-0.3732,10998900,5317800,162256500
2025-12-29 11:26:40,25969.55,25950,2025-12-30,CE,73.15,8.73,0.6234,0.003000,-20.8495,5.5851,0.5063,6836850,5595375,46978800
2025-12-29 11:26:40,25969.55,25950,2025-12-30,PE,36.4,9.17,-0.3823,0.002800,-22.0071,5.6107,-0.3776,10998900,5317800,162380100
2025-12-29 11:26:46,25971.1,25950,2025-12-30,CE,73.4,9.14,0.6067,0.002900,-22.1115,5.6559,0.5071,6836850,5595375,47004750
2025-12-29 11:26:46,25971.1,25950,2025-12-30,PE,36.4,8.94,-0.3911,0.002900,-21.5968,5.6468,-0.3720,10998900,5317800,162481725
2025-12-29 11:26:52,25970.45,25950,2025-12-30,CE,73.55,9.12,0.6068,0.002900,-22.0724,5.6551,0.5056,6836850,5595375,47021400
2025-12-29 11:26:52,25970.45,25950,2025-12-30,PE,36.2,8.93,-0.3909,0.002900,-21.5577,5.6459,-0.3735,10998900,5317800,162529050
2025-12-29 11:26:57,25971.85,25950,2025-12-30,CE,73.55,9.26,0.6022,0.002800,-22.4757,5.6727,0.5081,6836850,5595375,47039550
2025-12-29 11:26:57,25971.85,25950,2025-12-30,PE,36.2,8.93,-0.3909,0.002900,-21.5577,5.6459,-0.3699,10998900,5317800,162610200
2025-12-29 11:27:03,25970.2,25950,2025-12-30,CE,73.5,9.12,0.6068,0.002900,-22.0735,5.6548,0.5050,6836850,5595375,47080500
2025-12-29 11:27:03,25970.2,25950,2025-12-30,PE,36.05,8.91,-0.3907,0.002900,-21.5191,5.6449,-0.3740,10998900,5317800,162750750
2025-12-29 11:27:08,25970.95,25950,2025-12-30,CE,73.7,9.17,0.6063,0.002900,-22.1927,5.6567,0.5064,6836850,5595375,47121450
2025-12-29 11:27:08,25970.95,25950,2025-12-30,PE,36.0,8.88,-0.3904,0.002900,-21.4403,5.6433,-0.3718,10998900,5317800,162844875
2025-12-29 11:27:14,25971.7,25950,2025-12-30,CE,73.7,9.25,0.6038,0.002800,-22.4167,5.6663,0.5077,6836850,5595375,47153025
2025-12-29 11:27:14,25971.7,25950,2025-12-30,PE,36.15,8.83,-0.3916,0.003000,-21.3487,5.6480,-0.3694,10998900,5317800,162893475
2025-12-29 11:27:19,25971.05,25950,2025-12-30,CE,73.9,8.76,0.6230,0.002900,-20.9332,5.5858,0.5098,6836850,5595375,47227125
2025-12-29 11:27:19,25971.05,25950,2025-12-30,PE,35.85,9.11,-0.3816,0.002800,-21.8516,5.6062,-0.3733,10998900,5317800,163076850
2025-12-29 11:27:25,25971.9,25950,2025-12-30,CE,74.15,8.76,0.6230,0.002900,-20.9337,5.5856,0.5120,6836850,5595375,47249700
2025-12-29 11:27:25,25971.9,25950,2025-12-30,PE,35.8,9.12,-0.3817,0.002800,-21.8920,5.6069,-0.3712,10998900,5317800,163173750
2025-12-29 11:27:30,25972.75,25950,2025-12-30,CE,73.9,8.83,0.6220,0.002900,-21.1340,5.5901,0.5136,6836850,5595375,47289375
2025-12-29 11:27:30,25972.75,25950,2025-12-30,PE,35.9,9.11,-0.3815,0.002800,-21.8526,5.6059,-0.3690,10998900,5317800,163243650
2025-12-29 11:27:36,25971.5,25950,2025-12-30,CE,73.8,8.83,0.6220,0.002900,-21.1345,5.5900,0.5103,6836850,5595375,47317125
2025-12-29 11:27:36,25971.5,25950,2025-12-30,PE,36.05,9.09,-0.3814,0.002900,-21.8132,5.6049,-0.3719,10998900,5317800,163385700
2025-12-29 11:27:41,25972.15,25950,2025-12-30,CE,73.85,9.08,0.6105,0.002900,-21.9097,5.6389,0.5100,6836850,5595375,47390325
2025-12-29 11:27:41,25972.15,25950,2025-12-30,PE,36.0,8.94,-0.3878,0.002900,-21.5525,5.6321,-0.3691,10998900,5317800,163434900
2025-12-29 11:27:47,25972.4,25950,2025-12-30,CE,74.0,8.79,0.6226,0.002900,-21.0155,5.5869,0.5129,6836850,5595375,47502525
2025-12-29 11:27:47,25972.4,25950,2025-12-30,PE,35.7,9.12,-0.3817,0.002800,-21.8940,5.6063,-0.3699,10998900,5317800,163506225
2025-12-29 11:27:52,25972.55,25950,2025-12-30,CE,74.2,8.79,0.6226,0.002900,-21.0160,5.5867,0.5133,6836850,5595375,47544000
2025-12-29 11:27:52,25972.55,25950,2025-12-30,PE,35.6,9.09,-0.3813,0.002900,-21.8147,5.6045,-0.3692,10998900,5317800,163661850
2025-12-29 11:27:57,25973.65,25950,2025-12-30,CE,74.2,8.82,0.6222,0.002900,-21.0964,5.5884,0.5158,6836850,5595375,47605575
2025-12-29 11:27:57,25973.65,25950,2025-12-30,PE,35.4,9.08,-0.3812,0.002900,-21.7753,5.6035,-0.3664,10998900,5317800,163905450
2025-12-29 11:28:03,25974.3,25950,2025-12-30,CE,74.6,8.58,0.6351,0.003000,-20.2871,5.5268,0.5197,6836850,5595375,47698425
2025-12-29 11:28:03,25974.3,25950,2025-12-30,PE,35.05,9.22,-0.3739,0.002800,-21.9759,5.5705,-0.3659,10998900,5317800,164089650
2025-12-29 11:28:08,25974.05,25950,2025-12-30,CE,75.3,8.73,0.6281,0.002900,-20.7755,5.5606,0.5176,6836850,5595375,47809800
2025-12-29 11:28:08,25974.05,25950,2025-12-30,PE,34.6,9.11,-0.3770,0.002800,-21.7773,5.5846,-0.3656,10998900,5317800,164494575
2025-12-29 11:28:14,25974.3,25950,2025-12-30,CE,74.9,8.79,0.6273,0.002900,-20.9365,5.5645,0.5177,6836850,5595375,47903775
2025-12-29 11:28:14,25974.3,25950,2025-12-30,PE,35.1,9.08,-0.3766,0.002800,-21.6978,5.5827,-0.3647,10998900,5317800,164651700
2025-12-29 11:28:19,25972.05,25950,2025-12-30,CE,74.6,9.16,0.6111,0.002800,-22.0895,5.6355,0.5089,6836850,5595375,47985975
2025-12-29 11:28:19,25972.05,25950,2025-12-30,PE,35.2,8.83,-0.3851,0.002900,-21.2549,5.6193,-0.3683,10998900,5317800,164803425
2025-12-29 11:28:25,25974.3,25950,2025-12-30,CE,74.45,9.16,0.6102,0.002900,-22.1036,5.6389,0.5145,6836850,5595375,48018150
2025-12-29 11:28:25,25974.3,25950,2025-12-30,PE,35.3,8.85,-0.3861,0.002900,-21.3092,5.6237,-0.3627,10998900,5317800,164851500
2025-12-29 11:28:30,25974.9,25950,2025-12-30,CE,74.7,9.25,0.6086,0.002800,-22.3510,5.6452,0.5152,6836850,5595375,48041550
2025-12-29 11:28:30,25974.9,25950,2025-12-30,PE,35.05,8.79,-0.3860,0.003000,-21.1600,5.6228,-0.3606,10998900,5317800,164932800
2025-12-29 11:28:36,25972.85,25950,2025-12-30,CE,74.25,8.73,0.6284,0.002900,-20.7731,5.5583,0.5144,6836850,5595375,48074400
2025-12-29 11:28:36,25972.85,25950,2025-12-30,PE,35.5,9.12,-0.3769,0.002800,-21.8152,5.5833,-0.3686,10998900,5317800,164994450
2025-12-29 11:28:41,25974.0,25950,2025-12-30,CE,74.3,8.61,0.6323,0.003000,-20.4147,5.5396,0.5184,6836850,5595375,48093825
2025-12-29 11:28:41,25974.0,25950,2025-12-30,PE,35.45,9.22,-0.3761,0.002800,-22.0206,5.5796,-0.3665,10998900,5317800,165030450
2025-12-29 11:28:47,25973.05,25950,2025-12-30,CE,74.7,8.59,0.6328,0.003000,-20.3695,5.5369,0.5161,6836850,5595375,48138075
2025-12-29 11:28:47,25973.05,25950,2025-12-30,PE,35.1,9.19,-0.3754,0.002800,-21.9359,5.5764,-0.3686,10998900,5317800,165076800
2025-12-29 11:28:52,25974.45,25950,2025-12-30,CE,74.75,9.20,0.6100,0.002800,-22.2206,5.6391,0.5144,6928575,5687100,48164925
2025-12-29 11:28:52,25974.45,25950,2025-12-30,PE,34.8,8.80,-0.3853,0.003000,-21.1876,5.6192,-0.3618,10687275,5006175,165164325
2025-12-29 11:28:57,25976.25,26000,2025-12-30,CE,47.0,8.99,0.4636,0.003000,-22.4753,5.8390,0.3933,31509850,20335550,182584950
2025-12-29 11:28:57,25976.25,26000,2025-12-30,PE,57.1,8.71,-0.5376,0.003100,-21.7822,5.8374,-0.4894,21183825,6228400,309086925
2025-12-29 11:29:03,25974.0,25950,2025-12-30,CE,75.1,9.22,0.6107,0.002800,-22.2478,5.6361,0.5131,6928575,5687100,48268800
2025-12-29 11:29:03,25974.0,25950,2025-12-30,PE,34.55,8.76,-0.3838,0.003000,-21.0550,5.6127,-0.3625,10687275,5006175,165368100
2025-12-29 11:29:08,25976.45,26000,2025-12-30,CE,47.0,8.65,0.4775,0.003100,-21.6967,5.8549,0.3920,31509850,20335550,182833125
2025-12-29 11:29:08,25976.45,26000,2025-12-30,PE,57.2,9.06,-0.5214,0.003000,-22.7333,5.8558,-0.4871,21183825,6228400,309391050
2025-12-29 11:29:14,25975.15,26000,2025-12-30,CE,47.2,8.61,0.4786,0.003100,-21.5861,5.8557,0.3883,31509850,20335550,182921175
2025-12-29 11:29:14,25975.15,26000,2025-12-30,PE,56.55,9.09,-0.5202,0.003000,-22.8145,5.8567,-0.4902,21183825,6228400,309512700
2025-12-29 11:29:19,25973.95,25950,2025-12-30,CE,74.95,9.22,0.6110,0.002800,-22.2453,5.6343,0.5129,6928575,5687100,48481350
2025-12-29 11:29:19,25973.95,25950,2025-12-30,PE,34.65,8.74,-0.3833,0.003000,-21.0123,5.6100,-0.3624,10687275,5006175,165705000
2025-12-29 11:29:25,25975.95,26000,2025-12-30,CE,47.1,9.00,0.4643,0.003000,-22.5203,5.8391,0.3924,31509850,20335550,183307125
2025-12-29 11:29:25,25975.95,26000,2025-12-30,PE,57.15,8.70,-0.5370,0.003100,-21.7503,5.8373,-0.4902,21183825,6228400,309872550
2025-12-29 11:29:30,25975.55,26000,2025-12-30,CE,47.2,8.59,0.4795,0.003200,-21.5527,5.8559,0.3891,31509850,20335550,183445050
2025-12-29 11:29:30,25975.55,26000,2025-12-30,PE,56.95,9.12,-0.5192,0.003000,-22.8963,5.8569,-0.4890,21183825,6228400,309997950
2025-12-29 11:29:35,25978.05,26000,2025-12-30,CE,47.3,8.85,0.4719,0.003100,-22.1759,5.8483,0.3971,31509850,20335550,183529500
2025-12-29 11:29:35,25978.05,26000,2025-12-30,PE,56.85,8.85,-0.5281,0.003100,-22.1759,5.8484,-0.4838,21183825,6228400,310058325
2025-12-29 11:29:41,25977.0,26000,2025-12-30,CE,47.1,9.00,0.4652,0.003000,-22.5267,5.8399,0.3951,31509850,20335550,183590775
2025-12-29 11:29:41,25977.0,26000,2025-12-30,PE,56.9,8.68,-0.5362,0.003100,-21.7183,5.8381,-0.4874,21183825,6228400,310115025
2025-12-29 11:29:46,25975.35,26000,2025-12-30,CE,47.25,9.02,0.4652,0.003000,-22.5658,5.8398,0.3909,31509850,20335550,183657150
2025-12-29 11:29:46,25975.35,26000,2025-12-30,PE,57.05,8.65,-0.5363,0.003100,-21.6418,5.8378,-0.4919,21183825,6228400,310181775
2025-12-29 11:29:52,25974.9,25950,2025-12-30,CE,75.0,9.14,0.6153,0.002800,-21.9939,5.6155,0.5157,6928575,5687100,48697650
2025-12-29 11:29:52,25974.9,25950,2025-12-30,PE,34.5,8.82,-0.3807,0.002900,-21.1566,5.5980,-0.3606,10687275,5006175,166087125
2025-12-29 11:29:57,25974.55,25950,2025-12-30,CE,74.85,9.12,0.6135,0.002900,-21.9874,5.6230,0.5150,6928575,5687100,48723825
2025-12-29 11:29:57,25974.55,25950,2025-12-30,PE,34.7,8.79,-0.3824,0.003000,-21.1112,5.6051,-0.3612,10687275,5006175,166132500
2025-12-29 11:30:03,25975.0,26000,2025-12-30,CE,46.8,8.90,0.4678,0.003000,-22.2748,5.8427,0.3893,31509850,20335550,183913800
2025-12-29 11:30:03,25975.0,26000,2025-12-30,PE,57.65,8.80,-0.5326,0.003100,-22.0439,5.8423,-0.4919,21183825,6228400,310390425
2025-12-29 11:30:08,25974.0,25950,2025-12-30,CE,74.7,9.03,0.6149,0.002900,-21.7450,5.6168,0.5143,6928575,5687100,48838950
2025-12-29 11:30:08,25974.0,25950,2025-12-30,PE,34.8,8.90,-0.3834,0.002900,-21.3865,5.6094,-0.3635,10687275,5006175,166314000
2025-12-29 11:30:14,25975.45,26000,2025-12-30,CE,47.15,8.99,0.4654,0.003000,-22.4932,5.8393,0.3909,31509850,20335550,184110825
2025-12-29 11:30:14,25975.45,26000,2025-12-30,PE,56.8,8.74,-0.5356,0.003100,-21.8772,5.8380,-0.4911,21183825,6228400,310525275
2025-12-29 11:30:19,25975.2,26000,2025-12-30,CE,47.1,8.62,0.4789,0.003100,-21.6324,5.8541,0.3882,31509850,20335550,184172100
2025-12-29 11:30:19,25975.2,26000,2025-12-30,PE,57.15,9.06,-0.5199,0.003000,-22.7460,5.8550,-0.4899,21183825,6228400,310583100
2025-12-29 11:30:24,25973.55,25950,2025-12-30,CE,74.45,9.16,0.6123,0.002800,-22.0838,5.6271,0.5121,6928575,5687100,48955875
2025-12-29 11:30:24,25973.55,25950,2025-12-30,PE,35.25,8.82,-0.3836,0.002900,-21.2082,5.6097,-0.3639,10687275,5006175,166527225
2025-12-29 11:30:30,25973.55,25950,2025-12-30,CE,74.15,9.20,0.6086,0.002800,-22.2532,5.6418,0.5117,6928575,5687100,49051575
2025-12-29 11:30:30,25973.55,25950,2025-12-30,PE,35.45,8.82,-0.3869,0.003000,-21.2604,5.6232,-0.3639,10687275,5006175,166683075
2025-12-29 11:30:35,25973.85,25950,2025-12-30,CE,73.95,9.16,0.6092,0.002900,-22.1347,5.6395,0.5128,6928575,5687100,49076475
2025-12-29 11:30:35,25973.85,25950,2025-12-30,PE,35.4,8.85,-0.3872,0.002900,-21.3404,5.6246,-0.3634,10687275,5006175,166749375
2025-12-29 11:30:40,25973.2,25950,2025-12-30,CE,74.05,8.83,0.6215,0.002900,-21.1620,5.5870,0.5139,6928575,5687100,49103850
2025-12-29 11:30:40,25973.2,25950,2025-12-30,PE,35.35,9.05,-0.3813,0.002900,-21.7214,5.5993,-0.3667,10687275,5006175,166820025
2025-12-29 11:30:46,25972.95,25950,2025-12-30,CE,74.5,9.22,0.6076,0.002800,-22.3077,5.6454,0.5100,6928575,5687100,49121025
2025-12-29 11:30:46,25972.95,25950,2025-12-30,PE,35.15,8.80,-0.3876,0.003000,-21.2359,5.6257,-0.3652,10687275,5006175,166922700
2025-12-29 11:30:51,25973.1,25950,2025-12-30,CE,74.25,9.00,0.6170,0.002900,-21.6412,5.6064,0.5121,6928575,5687100,49136250
2025-12-29 11:30:51,25973.1,25950,2025-12-30,PE,35.25,8.93,-0.3820,0.002900,-21.4418,5.6022,-0.3659,10687275,5006175,167007825
2025-12-29 11:30:57,25973.05,25950,2025-12-30,CE,74.35,9.19,0.6094,0.002800,-22.2072,5.6381,0.5105,6928575,5687100,49151700
2025-12-29 11:30:57,25973.05,25950,2025-12-30,PE,35.25,8.82,-0.3863,0.003000,-21.2535,5.6200,-0.3651,10687275,5006175,167044575
2025-12-29 11:31:02,25972.05,25950,2025-12-30,CE,74.4,9.14,0.6099,0.002900,-22.0886,5.6358,0.5083,6928575,5687100,49175700
2025-12-29 11:31:02,25972.05,25950,2025-12-30,PE,35.25,8.85,-0.3866,0.002900,-21.3336,5.6214,-0.3679,10687275,5006175,167110950
2025-12-29 11:31:08,25972.2,25950,2025-12-30,CE,74.4,9.20,0.6089,0.002800,-22.2523,5.6396,0.5082,6928575,5687100,49188225
2025-12-29 11:31:08,25972.2,25950,2025-12-30,PE,35.25,8.82,-0.3865,0.003000,-21.2591,5.6209,-0.3672,10687275,5006175,167191275
2025-12-29 11:31:13,25974.45,25950,2025-12-30,CE,74.45,8.85,0.6219,0.002900,-21.1949,5.5844,0.5167,6928575,5687100,49207050
2025-12-29 11:31:13,25974.45,25950,2025-12-30,PE,35.2,9.02,-0.3803,0.002900,-21.6347,5.5941,-0.3632,10687275,5006175,167237250
2025-12-29 11:31:18,25974.7,25950,2025-12-30,CE,74.65,9.12,0.6113,0.002900,-22.0323,5.6300,0.5150,6928575,5687100,49246200
2025-12-29 11:31:18,25974.7,25950,2025-12-30,PE,34.8,8.83,-0.3853,0.002900,-21.2765,5.6153,-0.3609,10687275,5006175,167310675
2025-12-29 11:31:24,25974.25,25950,2025-12-30,CE,74.8,9.20,0.6104,0.002800,-22.2314,5.6335,0.5132,6928575,5687100,49265025
2025-12-29 11:31:24,25974.25,25950,2025-12-30,PE,34.65,8.77,-0.3845,0.003000,-21.1177,5.6118,-0.3615,10687275,5006175,167391525
2025-12-29 11:31:29,25973.3,25950,2025-12-30,CE,75.35,9.20,0.6121,0.002800,-22.2050,5.6262,0.5108,6928575,5687100,49342425
2025-12-29 11:31:29,25973.3,25950,2025-12-30,PE,34.45,8.76,-0.3825,0.003000,-21.0502,5.6031,-0.3638,10687275,5006175,167537475
2025-12-29 11:31:35,25974.8,25950,2025-12-30,CE,75.45,9.22,0.6122,0.002800,-22.2407,5.6257,0.5144,6928575,5687100,49396275
2025-12-29 11:31:35,25974.8,25950,2025-12-30,PE,34.2,8.76,-0.3822,0.003000,-21.0458,5.6016,-0.3599,10687275,5006175,167638425
2025-12-29 11:31:41,25975.6,26000,2025-12-30,CE,46.85,8.94,0.4707,0.003000,-22.4138,5.8433,0.3907,31509850,20335550,185471775
2025-12-29 11:31:41,25975.6,26000,2025-12-30,PE,57.25,8.71,-0.5302,0.003100,-21.8367,5.8424,-0.4905,21183825,6228400,312003900
2025-12-29 11:31:46,25975.7,26000,2025-12-30,CE,47.0,8.88,0.4677,0.003000,-22.2478,5.8396,0.3906,31509850,20335550,185547825
2025-12-29 11:31:46,25975.7,26000,2025-12-30,PE,57.15,8.82,-0.5325,0.003100,-22.0938,5.8393,-0.4896,21183825,6228400,312043800
2025-12-29 11:31:51,25974.85,25950,2025-12-30,CE,74.7,9.02,0.6183,0.002900,-21.6629,5.5992,0.5161,7026525,5785050,49566450
2025-12-29 11:31:51,25974.85,25950,2025-12-30,PE,34.85,8.90,-0.3801,0.002900,-21.3434,5.5923,-0.3610,10858500,5177400,167978625
2025-12-29 11:31:57,25969.45,25950,2025-12-30,CE,74.5,9.14,0.6128,0.002900,-22.0485,5.6225,0.5016,7026525,5785050,49599075
2025-12-29 11:31:57,25969.45,25950,2025-12-30,PE,34.95,8.82,-0.3833,0.002900,-21.2121,5.6057,-0.3741,10858500,5177400,168057525
2025-12-29 11:32:02,25972.7,25950,2025-12-30,CE,74.2,9.22,0.6091,0.002800,-22.2931,5.6375,0.5091,7026525,5785050,49627050
2025-12-29 11:32:02,25972.7,25950,2025-12-30,PE,35.05,8.77,-0.3857,0.003000,-21.1404,5.6156,-0.3653,10858500,5177400,168131925
2025-12-29 11:32:08,25974.4,25950,2025-12-30,CE,74.75,9.12,0.6121,0.002900,-22.0236,5.6249,0.5140,7026525,5785050,49672500
2025-12-29 11:32:08,25974.4,25950,2025-12-30,PE,34.65,8.83,-0.3843,0.002900,-21.2672,5.6100,-0.3614,10858500,5177400,168192675
2025-12-29 11:32:13,25974.55,25950,2025-12-30,CE,74.7,8.73,0.6292,0.002900,-20.7824,5.5489,0.5178,7026525,5785050,49709700
2025-12-29 11:32:13,25974.55,25950,2025-12-30,PE,34.65,9.08,-0.3756,0.002800,-21.7059,5.5715,-0.3632,10858500,5177400,168240150
2025-12-29 11:32:18,25974.9,25950,2025-12-30,CE,74.5,8.70,0.6299,0.003000,-20.6971,5.5453,0.5189,7026525,5785050,49733700
2025-12-29 11:32:18,25974.9,25950,2025-12-30,PE,35.05,9.08,-0.3753,0.002800,-21.7013,5.5700,-0.3623,10858500,5177400,168266250
2025-12-29 11:32:24,25974.75,25950,2025-12-30,CE,74.25,8.70,0.6290,0.003000,-20.7133,5.5494,0.5185,7026525,5785050,49785600
2025-12-29 11:32:24,25974.75,25950,2025-12-30,PE,35.0,9.09,-0.3764,0.002800,-21.7571,5.5747,-0.3627,10858500,5177400,168310125
2025-12-29 11:32:30,25974.85,25950,2025-12-30,CE,74.25,9.08,0.6127,0.002900,-21.9067,5.6219,0.5154,7026525,5785050,49867125
2025-12-29 11:32:30,25974.85,25950,2025-12-30,PE,34.9,8.82,-0.3841,0.003000,-21.2298,5.6084,-0.3601,10858500,5177400,168400650
2025-12-29 11:32:35,25973.9,25950,2025-12-30,CE,74.25,9.17,0.6096,0.002900,-22.1777,5.6343,0.5123,7026525,5785050,49884375
2025-12-29 11:32:35,25973.9,25950,2025-12-30,PE,34.8,8.76,-0.3854,0.003000,-21.1039,5.6137,-0.3620,10858500,5177400,168430650
2025-12-29 11:32:40,25975.25,26000,2025-12-30,CE,46.55,8.85,0.4673,0.003100,-22.1754,5.8375,0.3890,31813050,20638750,186161250
2025-12-29 11:32:40,25975.25,26000,2025-12-30,PE,57.6,8.87,-0.5327,0.003100,-22.2138,5.8375,-0.4902,21287400,6331975,312681825
2025-12-29 11:32:46,25974.4,25950,2025-12-30,CE,74.25,9.08,0.6133,0.002900,-21.8990,5.6191,0.5142,7026525,5785050,49904025
2025-12-29 11:32:46,25974.4,25950,2025-12-30,PE,34.7,8.82,-0.3835,0.002900,-21.2217,5.6055,-0.3612,10858500,5177400,168484650
2025-12-29 11:32:51,25971.8,25950,2025-12-30,CE,73.9,9.19,0.6092,0.002800,-22.2234,5.6357,0.5068,7026525,5785050,49946700
2025-12-29 11:32:51,25971.8,25950,2025-12-30,PE,35.1,8.73,-0.3854,0.003000,-21.0304,5.6129,-0.3671,10858500,5177400,168550875
2025-12-29 11:32:57,25973.55,25950,2025-12-30,CE,73.8,8.80,0.6223,0.002900,-21.0898,5.5797,0.5144,7026525,5785050,49974450
2025-12-29 11:32:57,25973.55,25950,2025-12-30,PE,35.15,9.00,-0.3803,0.002900,-21.6099,5.5914,-0.3649,10858500,5177400,168584925
2025-12-29 11:33:03,25973.8,25950,2025-12-30,CE,74.15,9.14,0.6088,0.002900,-22.1187,5.6367,0.5121,7026525,5785050,50012250
2025-12-29 11:33:03,25973.8,25950,2025-12-30,PE,34.9,8.79,-0.3870,0.003000,-21.2046,5.6196,-0.3624,10858500,5177400,168640050
2025-12-29 11:33:09,25972.6,25950,2025-12-30,CE,73.9,9.22,0.6080,0.002800,-22.3176,5.6401,0.5085,7026525,5785050,50039100
2025-12-29 11:33:09,25972.6,25950,2025-12-30,PE,35.1,8.73,-0.3862,0.003000,-21.0459,5.6162,-0.3650,10858500,5177400,168667350
2025-12-29 11:33:15,25972.45,25950,2025-12-30,CE,73.4,8.93,0.6175,0.002900,-21.4650,5.6005,0.5104,7026525,5785050,50059950
2025-12-29 11:33:15,25972.45,25950,2025-12-30,PE,35.4,8.93,-0.3825,0.002900,-21.4651,5.6005,-0.3670,10858500,5177400,168721650
2025-12-29 11:33:20,25974.55,25950,2025-12-30,CE,73.6,8.77,0.6182,0.003000,-21.0861,5.5968,0.5171,7026525,5785050,50225325
2025-12-29 11:33:20,25974.55,25950,2025-12-30,PE,35.5,9.02,-0.3848,0.002900,-21.7244,5.6101,-0.3625,10858500,5177400,169029000
2025-12-29 11:33:26,25973.55,25950,2025-12-30,CE,73.6,9.25,0.6040,0.002800,-22.4556,5.6551,0.5105,7026525,5785050,50252175
2025-12-29 11:33:26,25973.55,25950,2025-12-30,PE,35.6,8.76,-0.3905,0.003000,-21.1870,5.6330,-0.3627,10858500,5177400,169095675
2025-12-29 11:33:31,25972.55,25950,2025-12-30,CE,73.85,9.25,0.6040,0.002800,-22.4561,5.6549,0.5081,7026525,5785050,50292150
2025-12-29 11:33:31,25972.55,25950,2025-12-30,PE,35.3,8.77,-0.3907,0.003000,-21.2271,5.6336,-0.3654,10858500,5177400,169206825
2025-12-29 11:33:37,25971.2,25950,2025-12-30,CE,74.0,9.20,0.6068,0.002800,-22.3031,5.6441,0.5051,7026525,5785050,50323275
2025-12-29 11:33:37,25971.2,25950,2025-12-30,PE,35.3,8.79,-0.3885,0.003000,-21.2311,5.6246,-0.3690,10858500,5177400,169253925
2025-12-29 11:33:42,25971.9,25950,2025-12-30,CE,73.7,8.99,0.6156,0.002900,-21.6466,5.6079,0.5084,7026525,5785050,50358225
2025-12-29 11:33:42,25971.9,25950,2025-12-30,PE,35.6,8.94,-0.3839,0.002900,-21.5270,5.6054,-0.3684,10858500,5177400,169325550
2025-12-29 11:33:48,25973.4,25950,2025-12-30,CE,73.85,9.00,0.6134,0.002900,-21.7199,5.6170,0.5121,7026525,5785050,50379450
2025-12-29 11:33:48,25973.4,25950,2025-12-30,PE,35.55,8.94,-0.3859,0.002900,-21.5606,5.6139,-0.3646,10858500,5177400,169387050
2025-12-29 11:33:53,25973.7,25950,2025-12-30,CE,74.4,9.03,0.6133,0.002900,-21.7953,5.6172,0.5126,7026525,5785050,50423400
2025-12-29 11:33:53,25973.7,25950,2025-12-30,PE,34.95,8.94,-0.3856,0.002900,-21.5564,5.6125,-0.3638,10858500,5177400,169507875
2025-12-29 11:33:59,25974.35,25950,2025-12-30,CE,74.2,9.08,0.6139,0.002900,-21.8967,5.6146,0.5137,7026525,5785050,50445375
2025-12-29 11:33:59,25974.35,25950,2025-12-30,PE,35.2,8.85,-0.3833,0.002900,-21.2987,5.6025,-0.3613,10858500,5177400,169586475
2025-12-29 11:34:04,25973.35,25950,2025-12-30,CE,74.55,9.02,0.6155,0.002900,-21.7237,5.6076,0.5117,7026525,5785050,50478675
2025-12-29 11:34:04,25973.35,25950,2025-12-30,PE,34.9,8.93,-0.3834,0.002900,-21.4844,5.6027,-0.3646,10858500,5177400,169636425
2025-12-29 11:34:10,25973.85,25950,2025-12-30,CE,74.2,8.61,0.6313,0.003000,-20.4659,5.5353,0.5165,7026525,5785050,50528100
2025-12-29 11:34:10,25973.85,25950,2025-12-30,PE,35.2,9.16,-0.3762,0.002800,-21.9130,5.5711,-0.3652,10858500,5177400,169742700
2025-12-29 11:34:15,25974.4,25950,2025-12-30,CE,74.25,9.19,0.6092,0.002800,-22.2320,5.6332,0.5129,7026525,5785050,50538750
2025-12-29 11:34:15,25974.4,25950,2025-12-30,PE,35.1,8.82,-0.3864,0.003000,-21.2776,5.6152,-0.3609,10858500,5177400,169787925
2025-12-29 11:34:21,25975.9,26000,2025-12-30,CE,46.65,8.79,0.4701,0.003100,-22.0466,5.8380,0.3900,31813050,20638750,187650375
2025-12-29 11:34:21,25975.9,26000,2025-12-30,PE,57.6,9.00,-0.5292,0.003000,-22.5855,5.8389,-0.4875,21287400,6331975,314085825
2025-12-29 11:34:26,25975.65,26000,2025-12-30,CE,46.55,9.05,0.4620,0.003000,-22.6560,5.8271,0.3907,31813050,20638750,187769775
2025-12-29 11:34:26,25975.65,26000,2025-12-30,PE,57.7,8.67,-0.5397,0.003100,-21.6914,5.8246,-0.4898,21287400,6331975,314202225
2025-12-29 11:34:31,25974.1,25950,2025-12-30,CE,74.4,9.16,0.6099,0.002900,-22.1496,5.6302,0.5123,7026525,5785050,50616150
2025-12-29 11:34:31,25974.1,25950,2025-12-30,PE,35.05,8.82,-0.3861,0.003000,-21.2744,5.6135,-0.3616,10858500,5177400,169950225
2025-12-29 11:34:37,25972.05,25950,2025-12-30,CE,74.2,8.80,0.6253,0.002900,-21.0487,5.5633,0.5101,7026525,5785050,50633700
2025-12-29 11:34:37,25972.05,25950,2025-12-30,PE,35.25,9.06,-0.3782,0.002900,-21.7303,5.5791,-0.3688,10858500,5177400,170016525
2025-12-29 11:34:42,25976.7,26000,2025-12-30,CE,46.6,8.80,0.4686,0.003100,-22.0802,5.8357,0.3921,31813050,20638750,187894575
2025-12-29 11:34:42,25976.7,26000,2025-12-30,PE,57.65,8.99,-0.5307,0.003000,-22.5424,5.8365,-0.4854,21287400,6331975,314313000
2025-12-29 11:34:48,25977.95,26000,2025-12-30,CE,46.85,8.87,0.4676,0.003100,-22.2291,5.8343,0.3956,31813050,20638750,187931700
2025-12-29 11:34:48,25977.95,26000,2025-12-30,PE,57.2,8.88,-0.5323,0.003100,-22.2675,5.8343,-0.4827,21287400,6331975,314352825
2025-12-29 11:34:53,25975.8,26000,2025-12-30,CE,47.0,8.67,0.4759,0.003100,-21.7667,5.8434,0.3890,32202600,21028300,188049825
2025-12-29 11:34:53,25975.8,26000,2025-12-30,PE,57.15,9.06,-0.5230,0.003000,-22.7669,5.8444,-0.4873,20943450,5988025,314462775
2025-12-29 11:34:59,25975.55,26000,2025-12-30,CE,46.95,8.90,0.4689,0.003000,-22.3130,5.8356,0.3895,32202600,21028300,188097600
2025-12-29 11:34:59,25975.55,26000,2025-12-30,PE,57.35,8.83,-0.5313,0.003100,-22.1589,5.8354,-0.4891,20943450,5988025,314528400
2025-12-29 11:35:04,25974.95,25950,2025-12-30,CE,74.8,9.00,0.6183,0.002900,-21.6465,5.5939,0.5156,7134000,5892525,50785875
2025-12-29 11:35:04,25974.95,25950,2025-12-30,PE,34.75,8.93,-0.3807,0.002900,-21.4466,5.5896,-0.3603,10989750,5308650,170287050
2025-12-29 11:35:09,25975.35,26000,2025-12-30,CE,46.85,9.03,0.4637,0.003000,-22.6319,5.8285,0.3897,32202600,21028300,188206425
2025-12-29 11:35:09,25975.35,26000,2025-12-30,PE,57.4,8.68,-0.5378,0.003100,-21.7447,5.8264,-0.4904,20943450,5988025,314606475
2025-12-29 11:35:15,25975.3,26000,2025-12-30,CE,46.5,8.93,0.4678,0.003000,-22.3859,5.8338,0.3890,32202600,21028300,188275650
2025-12-29 11:35:15,25975.3,26000,2025-12-30,PE,58.0,8.82,-0.5326,0.003100,-22.1162,5.8333,-0.4897,20943450,5988025,314736000
2025-12-29 11:35:20,25974.15,25950,2025-12-30,CE,73.55,9.12,0.6100,0.002900,-22.0798,5.6284,0.5125,7134000,5892525,50907075
2025-12-29 11:35:20,25974.15,25950,2025-12-30,PE,35.5,8.85,-0.3868,0.002900,-21.3636,5.6148,-0.3616,10989750,5308650,170578500
2025-12-29 11:35:26,25975.65,26000,2025-12-30,CE,46.3,8.76,0.4669,0.003100,-21.9622,5.8322,0.3889,32202600,21028300,188645625
2025-12-29 11:35:26,25975.65,26000,2025-12-30,PE,58.15,9.00,-0.5322,0.003000,-22.5788,5.8333,-0.4878,20943450,5988025,315058350
2025-12-29 11:35:31,25974.9,25950,2025-12-30,CE,74.25,9.14,0.6104,0.002900,-22.1115,5.6265,0.5142,7134000,5892525,50939175
2025-12-29 11:35:31,25974.9,25950,2025-12-30,PE,35.05,8.83,-0.3860,0.003000,-21.3154,5.6113,-0.3594,10989750,5308650,170684625
2025-12-29 11:35:36,25972.7,25950,2025-12-30,CE,74.7,9.17,0.6100,0.002900,-22.1915,5.6278,0.5085,7134000,5892525,50959575
2025-12-29 11:35:36,25972.7,25950,2025-12-30,PE,34.95,8.82,-0.3858,0.003000,-21.2760,5.6103,-0.3650,10989750,5308650,170717925
2025-12-29 11:35:42,25974.1,25950,2025-12-30,CE,74.7,9.22,0.6103,0.002800,-22.2976,5.6263,0.5115,7134000,5892525,50972775
2025-12-29 11:35:42,25974.1,25950,2025-12-30,PE,35.1,8.82,-0.3849,0.003000,-21.2623,5.6064,-0.3614,10989750,5308650,170749275
2025-12-29 11:35:47,25975.15,26000,2025-12-30,CE,46.8,8.99,0.4648,0.003000,-22.5271,5.8287,0.3888,32202600,21028300,188771850
2025-12-29 11:35:47,25975.15,26000,2025-12-30,PE,57.6,8.79,-0.5361,0.003100,-22.0257,5.8276,-0.4901,20943450,5988025,315232650
2025-12-29 11:35:53,25974.55,25950,2025-12-30,CE,74.6,9.25,0.6094,0.002800,-22.3872,5.6297,0.5123,7134000,5892525,51002925
2025-12-29 11:35:53,25974.55,25950,2025-12-30,PE,34.9,8.80,-0.3853,0.003000,-21.2329,5.6078,-0.3600,10989750,5308650,170803800
2025-12-29 11:35:58,25974.25,25950,2025-12-30,CE,74.75,9.22,0.6098,0.002800,-22.3082,5.6282,0.5118,7134000,5892525,51051000
2025-12-29 11:35:58,25974.25,25950,2025-12-30,PE,34.95,8.79,-0.3851,0.003000,-21.1934,5.6069,-0.3606,10989750,5308650,170835525
2025-12-29 11:36:04,25974.55,25950,2025-12-30,CE,74.6,9.25,0.6094,0.002800,-22.3882,5.6294,0.5123,7134000,5892525,51073575
2025-12-29 11:36:04,25974.55,25950,2025-12-30,PE,35.0,8.80,-0.3853,0.003000,-21.2338,5.6075,-0.3599,10989750,5308650,170869650
2025-12-29 11:36:09,25974.0,25950,2025-12-30,CE,74.35,9.23,0.6096,0.002800,-22.3490,5.6286,0.5111,7134000,5892525,51109425
2025-12-29 11:36:09,25974.0,25950,2025-12-30,PE,35.1,8.82,-0.3855,0.003000,-21.2742,5.6082,-0.3615,10989750,5308650,170907000
2025-12-29 11:36:14,25975.05,26000,2025-12-30,CE,46.7,8.94,0.4649,0.003000,-22.4158,5.8282,0.3882,32202600,21028300,188987475
2025-12-29 11:36:14,25975.05,26000,2025-12-30,PE,57.9,8.83,-0.5356,0.003100,-22.1458,5.8276,-0.4901,20943450,5988025,315396750
2025-12-29 11:36:20,25974.0,25950,2025-12-30,CE,74.35,9.06,0.6141,0.002900,-21.8708,5.6096,0.5124,7134000,5892525,51123900
2025-12-29 11:36:20,25974.0,25950,2025-12-30,PE,35.1,8.90,-0.3838,0.002900,-21.4320,5.6008,-0.3622,10989750,5308650,170962350
2025-12-29 11:36:26,25975.1,26000,2025-12-30,CE,46.8,9.06,0.4618,0.003000,-22.7062,5.8233,0.3889,32202600,21028300,189076050
2025-12-29 11:36:26,25975.1,26000,2025-12-30,PE,57.8,8.68,-0.5400,0.003100,-21.7411,5.8207,-0.4907,20943450,5988025,315484425
2025-12-29 11:36:31,25974.65,25950,2025-12-30,CE,74.65,9.28,0.6074,0.002800,-22.4976,5.6366,0.5121,7134000,5892525,51163275
2025-12-29 11:36:31,25974.65,25950,2025-12-30,PE,35.1,8.79,-0.3869,0.003000,-21.2250,5.6132,-0.3595,10989750,5308650,171045675
2025-12-29 11:36:37,25974.65,25950,2025-12-30,CE,74.25,9.28,0.6080,0.002800,-22.4892,5.6343,0.5121,7134000,5892525,51180150
2025-12-29 11:36:37,25974.65,25950,2025-12-30,PE,35.1,8.80,-0.3865,0.003000,-21.2560,5.6114,-0.3596,10989750,5308650,171070950
2025-12-29 11:36:42,25973.9,25950,2025-12-30,CE,74.35,9.19,0.6093,0.002900,-22.2469,5.6288,0.5110,7134000,5892525,51201900
2025-12-29 11:36:42,25973.9,25950,2025-12-30,PE,35.0,8.80,-0.3862,0.003000,-21.2518,5.6100,-0.3615,10989750,5308650,171086925
2025-12-29 11:36:48,25973.7,25950,2025-12-30,CE,74.4,9.23,0.6082,0.002800,-22.3755,5.6330,0.5101,7134000,5892525,51208875
2025-12-29 11:36:48,25973.7,25950,2025-12-30,PE,35.05,8.77,-0.3864,0.003000,-21.1819,5.6107,-0.3617,10989750,5308650,171124575
2025-12-29 11:36:53,25973.2,25950,2025-12-30,CE,74.25,9.23,0.6085,0.002800,-22.3716,5.6317,0.5089,7134000,5892525,51225300
2025-12-29 11:36:53,25973.2,25950,2025-12-30,PE,35.05,8.79,-0.3863,0.003000,-21.2176,5.6102,-0.3631,10989750,5308650,171157200
2025-12-29 11:36:58,25973.5,25950,2025-12-30,CE,74.4,9.23,0.6079,0.002800,-22.3810,5.6338,0.5096,7134000,5892525,51240525
2025-12-29 11:36:58,25973.5,25950,2025-12-30,PE,35.1,8.79,-0.3869,0.003000,-21.2274,5.6125,-0.3624,10989750,5308650,171185625
2025-12-29 11:37:04,25973.55,25950,2025-12-30,CE,74.6,9.14,0.6118,0.002900,-22.0977,5.6180,0.5104,7134000,5892525,51268575
2025-12-29 11:37:04,25973.55,25950,2025-12-30,PE,34.9,8.85,-0.3847,0.002900,-21.3404,5.6032,-0.3627,10989750,5308650,171217950
2025-12-29 11:37:09,25973.3,25950,2025-12-30,CE,74.25,9.25,0.6089,0.002800,-22.4040,5.6297,0.5089,7134000,5892525,51274875
2025-12-29 11:37:09,25973.3,25950,2025-12-30,PE,35.1,8.79,-0.3857,0.003000,-21.2097,5.6072,-0.3628,10989750,5308650,171246825
2025-12-29 11:37:15,25973.7,25950,2025-12-30,CE,74.05,9.08,0.6134,0.002900,-21.9255,5.6111,0.5112,7134000,5892525,51304725
2025-12-29 11:37:15,25973.7,25950,2025-12-30,PE,35.2,8.88,-0.3842,0.002900,-21.4070,5.6007,-0.3626,10989750,5308650,171287025
2025-12-29 11:37:20,25973.55,25950,2025-12-30,CE,74.1,9.26,0.6059,0.002800,-22.4894,5.6411,0.5094,7134000,5892525,51326925
2025-12-29 11:37:20,25973.55,25950,2025-12-30,PE,35.05,8.79,-0.3886,0.003000,-21.2576,5.6190,-0.3621,10989750,5308650,171377400
2025-12-29 11:37:26,25973.85,25950,2025-12-30,CE,74.0,9.06,0.6136,0.002900,-21.8872,5.6099,0.5117,7134000,5892525,51340875
2025-12-29 11:37:26,25973.85,25950,2025-12-30,PE,35.45,8.88,-0.3842,0.002900,-21.4085,5.6003,-0.3621,10989750,5308650,171414075
2025-12-29 11:37:31,25973.1,25950,2025-12-30,CE,73.9,9.03,0.6140,0.002900,-21.8079,5.6082,0.5101,7134000,5892525,51357600
2025-12-29 11:37:31,25973.1,25950,2025-12-30,PE,35.4,8.94,-0.3849,0.002900,-21.5686,5.6034,-0.3645,10989750,5308650,171496050
2025-12-29 11:37:36,25970.8,25950,2025-12-30,CE,73.85,9.03,0.6140,0.002900,-21.8084,5.6080,0.5042,7134000,5892525,51377850
2025-12-29 11:37:36,25970.8,25950,2025-12-30,PE,35.4,8.94,-0.3849,0.002900,-21.5691,5.6032,-0.3703,10989750,5308650,171555600
2025-12-29 11:37:42,25971.05,25950,2025-12-30,CE,73.5,9.22,0.6064,0.002800,-22.3725,5.6385,0.5034,7134000,5892525,51393075
2025-12-29 11:37:42,25971.05,25950,2025-12-30,PE,35.5,8.80,-0.3888,0.003000,-21.2993,5.6192,-0.3686,10989750,5308650,171594750
2025-12-29 11:37:47,25972.95,25950,2025-12-30,CE,73.8,8.96,0.6149,0.002900,-21.6100,5.6037,0.5102,7134000,5892525,51431475
2025-12-29 11:37:47,25972.95,25950,2025-12-30,PE,35.35,8.96,-0.3851,0.002900,-21.6100,5.6037,-0.3650,10989750,5308650,171678150
2025-12-29 11:37:53,25972.75,25950,2025-12-30,CE,74.3,9.00,0.6144,0.002900,-21.7301,5.6060,0.5093,7191375,5949900,51445425
2025-12-29 11:37:53,25972.75,25950,2025-12-30,PE,35.05,8.93,-0.3847,0.002900,-21.5306,5.6020,-0.3652,11024775,5343675,171794175
2025-12-29 11:37:58,25973.7,25950,2025-12-30,CE,74.3,9.09,0.6133,0.002900,-21.9699,5.6105,0.5109,7191375,5949900,51475875
2025-12-29 11:37:58,25973.7,25950,2025-12-30,PE,35.0,8.88,-0.3841,0.002900,-21.4113,5.5994,-0.3624,11024775,5343675,171855000
2025-12-29 11:38:04,25973.15,25950,2025-12-30,CE,74.3,9.09,0.6133,0.002900,-21.9704,5.6103,0.5095,7191375,5949900,51496350
2025-12-29 11:38:04,25973.15,25950,2025-12-30,PE,35.0,8.87,-0.3839,0.002900,-21.3719,5.5984,-0.3637,11024775,5343675,171901200
2025-12-29 11:38:09,25973.6,25950,2025-12-30,CE,74.0,9.19,0.6096,0.002900,-22.2511,5.6251,0.5098,7191375,5949900,51522150
2025-12-29 11:38:09,25973.6,25950,2025-12-30,PE,35.3,8.80,-0.3858,0.003000,-21.2554,5.6062,-0.3619,11024775,5343675,171952425
2025-12-29 11:38:14,25973.4,25950,2025-12-30,CE,74.2,9.05,0.6135,0.002900,-21.8565,5.6089,0.5104,7191375,5949900,51533625
2025-12-29 11:38:14,25973.4,25950,2025-12-30,PE,35.2,8.91,-0.3848,0.002900,-21.4975,5.6018,-0.3634,11024775,5343675,171989100
2025-12-29 11:38:20,25973.2,25950,2025-12-30,CE,73.9,8.97,0.6176,0.002900,-21.6050,5.5913,0.5106,7191375,5949900,51542400
2025-12-29 11:38:20,25973.2,25950,2025-12-30,PE,35.2,8.97,-0.3824,0.002900,-21.6051,5.5913,-0.3643,11024775,5343675,172014675
2025-12-29 11:38:25,25971.9,25950,2025-12-30,CE,73.85,8.91,0.6184,0.002900,-21.4461,5.5876,0.5077,7191375,5949900,51566550
2025-12-29 11:38:25,25971.9,25950,2025-12-30,PE,35.3,8.99,-0.3825,0.002900,-21.6460,5.5918,-0.3678,11024775,5343675,172051575
2025-12-29 11:38:30,25972.85,25950,2025-12-30,CE,73.7,9.06,0.6122,0.002900,-21.9169,5.6139,0.5089,7191375,5949900,51582075
2025-12-29 11:38:30,25972.85,25950,2025-12-30,PE,35.4,8.88,-0.3856,0.002900,-21.4385,5.6045,-0.3644,11024775,5343675,172074375
2025-12-29 11:38:36,25973.0,25950,2025-12-30,CE,73.4,8.97,0.6153,0.002900,-21.6453,5.6006,0.5100,7191375,5949900,51623625
2025-12-29 11:38:36,25973.0,25950,2025-12-30,PE,35.6,8.96,-0.3845,0.002900,-21.6054,5.5998,-0.3647,11024775,5343675,172173600
2025-12-29 11:38:41,25974.05,25950,2025-12-30,CE,73.75,9.11,0.6085,0.002900,-22.0873,5.6285,0.5114,7191375,5949900,51685725
2025-12-29 11:38:41,25974.05,25950,2025-12-30,PE,35.45,8.87,-0.3886,0.003000,-21.4507,5.6168,-0.3613,11024775,5343675,172318725
2025-12-29 11:38:47,25972.6,25950,2025-12-30,CE,73.85,8.96,0.6161,0.002900,-21.5968,5.5970,0.5090,7191375,5949900,51693900
2025-12-29 11:38:47,25972.6,25950,2025-12-30,PE,35.4,8.97,-0.3841,0.002900,-21.6368,5.5978,-0.3658,11024775,5343675,172357500
2025-12-29 11:38:52,25971.9,25950,2025-12-30,CE,74.0,9.05,0.6130,0.002900,-21.8698,5.6101,0.5065,7191375,5949900,51700050
2025-12-29 11:38:52,25971.9,25950,2025-12-30,PE,35.2,8.91,-0.3854,0.002900,-21.5108,5.6031,-0.3670,11024775,5343675,172402275
2025-12-29 11:38:58,25971.9,25950,2025-12-30,CE,74.05,9.25,0.6061,0.002800,-22.4596,5.6376,0.5050,7191375,5949900,51708525
2025-12-29 11:38:58,25971.9,25950,2025-12-30,PE,35.25,8.79,-0.3886,0.003000,-21.2668,5.6162,-0.3660,11024775,5343675,172446825
2025-12-29 11:39:03,25970.95,25950,2025-12-30,CE,73.9,9.25,0.6067,0.002800,-22.4514,5.6352,0.5026,7191375,5949900,51740025
2025-12-29 11:39:03,25970.95,25950,2025-12-30,PE,35.3,8.79,-0.3880,0.003000,-21.2581,5.6136,-0.3685,11024775,5343675,172461300
2025-12-29 11:39:08,25971.75,25950,2025-12-30,CE,74.05,9.03,0.6135,0.002900,-21.8268,5.6077,0.5062,7191375,5949900,51758025
2025-12-29 11:39:08,25971.75,25950,2025-12-30,PE,35.15,8.91,-0.3851,0.002900,-21.5076,5.6014,-0.3674,11024775,5343675,172486800
2025-12-29 11:39:14,25972.45,25950,2025-12-30,CE,74.15,9.28,0.6058,0.002800,-22.5406,5.6384,0.5060,7191375,5949900,51775650
2025-12-29 11:39:14,25972.45,25950,2025-12-30,PE,35.15,8.79,-0.3886,0.003000,-21.2683,5.6157,-0.3646,11024775,5343675,172516050
2025-12-29 11:39:19,25974.1,25950,2025-12-30,CE,74.4,9.23,0.6089,0.002800,-22.3821,5.6262,0.5104,7191375,5949900,51791850
2025-12-29 11:39:19,25974.1,25950,2025-12-30,PE,34.95,8.82,-0.3863,0.003000,-21.3068,5.6061,-0.3606,11024775,5343675,172615725
2025-12-29 11:39:25,25973.7,25950,2025-12-30,CE,74.5,9.28,0.6072,0.002800,-22.5197,5.6326,0.5090,7191375,5949900,51822750
2025-12-29 11:39:25,25973.7,25950,2025-12-30,PE,34.9,8.76,-0.3867,0.003000,-21.1664,5.6077,-0.3610,11024775,5343675,172659300
2025-12-29 11:39:30,25972.8,25950,2025-12-30,CE,74.15,9.22,0.6099,0.002800,-22.3299,5.6218,0.5073,7191375,5949900,51852075
2025-12-29 11:39:30,25972.8,25950,2025-12-30,PE,35.2,8.80,-0.3852,0.003000,-21.2538,5.6013,-0.3637,11024775,5343675,172720500
2025-12-29 11:39:35,25973.2,25950,2025-12-30,CE,74.0,9.00,0.6170,0.002900,-21.6977,5.5918,0.5100,7191375,5949900,51872700
2025-12-29 11:39:35,25973.2,25950,2025-12-30,PE,35.25,8.96,-0.3824,0.002900,-21.5777,5.5893,-0.3640,11024775,5343675,172789800
2025-12-29 11:39:41,25972.9,25950,2025-12-30,CE,74.4,9.23,0.6069,0.002800,-22.4158,5.6333,0.5074,7191375,5949900,51880575
2025-12-29 11:39:41,25972.9,25950,2025-12-30,PE,35.15,8.79,-0.3880,0.003000,-21.2620,5.6124,-0.3633,11024775,5343675,172822200
2025-12-29 11:39:46,25971.55,25950,2025-12-30,CE,74.2,9.29,0.6065,0.002800,-22.5708,5.6347,0.5036,7191375,5949900,51892050
2025-12-29 11:39:46,25971.55,25950,2025-12-30,PE,35.15,8.79,-0.3877,0.003000,-21.2579,5.6110,-0.3668,11024775,5343675,172856775
2025-12-29 11:39:51,25970.4,25950,2025-12-30,CE,74.2,8.58,0.6334,0.003000,-20.3888,5.5154,0.5061,7191375,5949900,51905925
2025-12-29 11:39:51,25970.4,25950,2025-12-30,PE,35.15,9.20,-0.3752,0.002800,-22.0416,5.5571,-0.3728,11024775,5343675,172887975
2025-12-29 11:39:57,25972.7,25950,2025-12-30,CE,74.35,9.26,0.6068,0.002800,-22.4924,5.6331,0.5066,7191375,5949900,51912525
2025-12-29 11:39:57,25972.7,25950,2025-12-30,PE,35.15,8.79,-0.3877,0.003000,-21.2589,5.6107,-0.3638,11024775,5343675,172928550
2025-12-29 11:40:04,25972.4,25950,2025-12-30,CE,74.05,9.28,0.6067,0.002800,-22.5327,5.6336,0.5057,7191375,5949900,51925725
2025-12-29 11:40:04,25972.4,25950,2025-12-30,PE,35.2,8.79,-0.3877,0.003000,-21.2594,5.6105,-0.3645,11024775,5343675,172948200
2025-12-29 11:40:10,25973.95,25950,2025-12-30,CE,73.9,9.22,0.6071,0.002800,-22.3787,5.6319,0.5099,7191375,5949900,51945075
2025-12-29 11:40:10,25973.95,25950,2025-12-30,PE,35.3,8.77,-0.3878,0.003000,-21.2246,5.6108,-0.3603,11024775,5343675,172999500
2025-12-29 11:40:16,25972.75,25950,2025-12-30,CE,74.4,8.73,0.6297,0.003000,-20.8219,5.5327,0.5109,7191375,5949900,52002225
2025-12-29 11:40:16,25972.75,25950,2025-12-30,PE,35.0,9.11,-0.3754,0.002800,-21.8284,5.5573,-0.3662,11024775,5343675,173218200
2025-12-29 11:40:22,25972.1,25950,2025-12-30,CE,74.0,9.19,0.6108,0.002800,-22.2467,5.6164,0.5055,7191375,5949900,52023825
2025-12-29 11:40:22,25972.1,25950,2025-12-30,PE,35.15,8.82,-0.3848,0.003000,-21.2895,5.5980,-0.3655,11024775,5343675,173279850
2025-12-29 11:40:27,25974.25,25950,2025-12-30,CE,74.05,9.22,0.6082,0.002800,-22.3630,5.6268,0.5106,7191375,5949900,52038300
2025-12-29 11:40:27,25974.25,25950,2025-12-30,PE,35.15,8.80,-0.3869,0.003000,-21.2877,5.6069,-0.3598,11024775,5343675,173312400
2025-12-29 11:40:33,25973.7,25950,2025-12-30,CE,74.15,8.56,0.6334,0.003000,-20.3574,5.5145,0.5148,7191375,5949900,52056150
2025-12-29 11:40:33,25973.7,25950,2025-12-30,PE,35.1,9.20,-0.3755,0.002800,-22.0506,5.5571,-0.3645,11024775,5343675,173366850
2025-12-29 11:40:38,25972.9,25950,2025-12-30,CE,74.0,8.61,0.6315,0.003000,-20.5008,5.5235,0.5122,7191375,5949900,52070250
2025-12-29 11:40:38,25972.9,25950,2025-12-30,PE,35.15,9.17,-0.3762,0.002800,-21.9911,5.5603,-0.3662,11024775,5343675,173393625
2025-12-29 11:40:44,25973.5,25950,2025-12-30,CE,74.35,9.22,0.6077,0.002800,-22.3735,5.6286,0.5086,7191375,5949900,52074900
2025-12-29 11:40:44,25973.5,25950,2025-12-30,PE,34.95,8.80,-0.3875,0.003000,-21.2985,5.6089,-0.3616,11024775,5343675,173427675
2025-12-29 11:40:49,25974.0,25950,2025-12-30,CE,74.15,8.61,0.6333,0.003000,-20.4692,5.5145,0.5151,7191375,5949900,52087125
2025-12-29 11:40:49,25974.0,25950,2025-12-30,PE,35.05,9.19,-0.3747,0.002800,-22.0016,5.5532,-0.3636,11024775,5343675,173470500
2025-12-29 11:40:54,25972.55,25950,2025-12-30,CE,74.15,9.14,0.6111,0.002900,-22.1348,5.6145,0.5069,7160700,5919225,52112550
2025-12-29 11:40:54,25972.55,25950,2025-12-30,PE,35.15,8.83,-0.3852,0.003000,-21.3371,5.5991,-0.3643,11275050,5593950,173507325
2025-12-29 11:41:00,25972.8,25950,2025-12-30,CE,74.05,8.64,0.6311,0.003000,-20.5834,5.5251,0.5116,7160700,5919225,52146225
2025-12-29 11:41:00,25972.8,25950,2025-12-30,PE,35.15,9.17,-0.3762,0.002800,-21.9931,5.5597,-0.3664,11275050,5593950,173546400
2025-12-29 11:41:05,25972.4,25950,2025-12-30,CE,73.6,8.50,0.6361,0.003000,-20.1651,5.5000,0.5118,7160700,5919225,52163400
2025-12-29 11:41:05,25972.4,25950,2025-12-30,PE,35.25,9.25,-0.3744,0.002800,-22.1434,5.5512,-0.3679,11275050,5593950,173587875
2025-12-29 11:41:12,25972.7,25950,2025-12-30,CE,74.1,8.73,0.6265,0.003000,-20.8848,5.5464,0.5105,7160700,5919225,52195725
2025-12-29 11:41:12,25972.7,25950,2025-12-30,PE,35.05,9.09,-0.3783,0.002900,-21.8493,5.5688,-0.3659,11275050,5593950,173674350
2025-12-29 11:41:18,25973.15,25950,2025-12-30,CE,74.45,8.82,0.6232,0.002900,-21.1624,5.5615,0.5109,7160700,5919225,52203825
2025-12-29 11:41:18,25973.15,25950,2025-12-30,PE,34.85,9.03,-0.3796,0.002900,-21.7242,5.5741,-0.3643,11275050,5593950,173725050
2025-12-29 11:41:24,25972.6,25950,2025-12-30,CE,74.8,9.12,0.6130,0.002900,-22.0703,5.6058,0.5070,7160700,5919225,52253475
2025-12-29 11:41:24,25972.6,25950,2025-12-30,PE,34.45,8.85,-0.3836,0.002900,-21.3515,5.5915,-0.3642,11275050,5593950,173939400
2025-12-29 11:41:29,25972.2,25950,2025-12-30,CE,74.85,8.88,0.6242,0.002900,-21.2936,5.5569,0.5079,7160700,5919225,52267350
2025-12-29 11:41:29,25972.2,25950,2025-12-30,PE,34.55,8.97,-0.3770,0.002900,-21.5347,5.5625,-0.3662,11275050,5593950,174007650
2025-12-29 11:41:35,25971.9,25950,2025-12-30,CE,74.6,9.25,0.6105,0.002800,-22.4087,5.6161,0.5043,7160700,5919225,52290525
2025-12-29 11:41:35,25971.9,25950,2025-12-30,PE,34.75,8.76,-0.3837,0.003000,-21.1317,5.5913,-0.3652,11275050,5593950,174055650
2025-12-29 11:41:40,25972.5,25950,2025-12-30,CE,74.6,8.94,0.6208,0.002900,-21.5004,5.5721,0.5081,7160700,5919225,52307025
2025-12-29 11:41:40,25972.5,25950,2025-12-30,PE,34.6,8.97,-0.3796,0.002900,-21.5806,5.5738,-0.3654,11275050,5593950,174078150
2025-12-29 11:41:46,25971.9,25950,2025-12-30,CE,74.45,9.25,0.6099,0.002800,-22.4193,5.6179,0.5042,7160700,5919225,52346400
2025-12-29 11:41:46,25971.9,25950,2025-12-30,PE,34.75,8.77,-0.3844,0.003000,-21.1827,5.5942,-0.3653,11275050,5593950,174201600
2025-12-29 11:41:52,25972.05,25950,2025-12-30,CE,74.65,8.85,0.6237,0.002900,-21.2309,5.5583,0.5077,7160700,5919225,52357725
2025-12-29 11:41:52,25972.05,25950,2025-12-30,PE,34.65,9.00,-0.3783,0.002900,-21.6325,5.5674,-0.3667,11275050,5593950,174224400
2025-12-29 11:41:57,25972.5,25950,2025-12-30,CE,74.3,8.96,0.6206,0.002900,-21.5425,5.5723,0.5079,7160700,5919225,52371750
2025-12-29 11:41:57,25972.5,25950,2025-12-30,PE,34.85,8.94,-0.3792,0.002900,-21.5024,5.5715,-0.3651,11275050,5593950,174250875
2025-12-29 11:42:03,25973.0,25950,2025-12-30,CE,74.8,9.16,0.6098,0.002900,-22.2001,5.6177,0.5075,7160700,5919225,52392075
2025-12-29 11:42:03,25973.0,25950,2025-12-30,PE,34.4,8.79,-0.3858,0.003000,-21.2430,5.5995,-0.3625,11275050,5593950,174322200
2025-12-29 11:42:08,25973.4,25950,2025-12-30,CE,75.4,9.22,0.6114,0.002800,-22.3235,5.6113,0.5080,7160700,5919225,52465125
2025-12-29 11:42:08,25973.4,25950,2025-12-30,PE,34.0,8.76,-0.3831,0.003000,-21.1255,5.5877,-0.3612,11275050,5593950,174533325
2025-12-29 11:42:13,25973.2,25950,2025-12-30,CE,74.8,9.25,0.6130,0.002800,-22.3714,5.6045,0.5073,7160700,5919225,52565175
2025-12-29 11:42:13,25973.2,25950,2025-12-30,PE,34.15,8.73,-0.3806,0.003000,-21.0118,5.5767,-0.3615,11275050,5593950,174874575
2025-12-29 11:42:19,25972.95,25950,2025-12-30,CE,74.85,9.02,0.6189,0.002900,-21.7196,5.5790,0.5084,7160700,5919225,52624650
2025-12-29 11:42:19,25972.95,25950,2025-12-30,PE,34.1,8.83,-0.3787,0.002900,-21.2385,5.5685,-0.3629,11275050,5593950,174945300
2025-12-29 11:42:24,25974.55,25950,2025-12-30,CE,74.2,9.16,0.6138,0.002900,-22.1376,5.6008,0.5112,7160700,5919225,52682550
2025-12-29 11:42:24,25974.55,25950,2025-12-30,PE,34.5,8.77,-0.3815,0.003000,-21.1378,5.5804,-0.3583,11275050,5593950,175044525
2025-12-29 11:42:30,25973.95,25950,2025-12-30,CE,73.85,8.91,0.6206,0.002900,-21.4350,5.5713,0.5118,7160700,5919225,52733550
2025-12-29 11:42:30,25973.95,25950,2025-12-30,PE,34.65,8.90,-0.3792,0.002900,-21.3949,5.5705,-0.3609,11275050,5593950,175077375
2025-12-29 11:42:35,25974.2,25950,2025-12-30,CE,74.2,9.08,0.6122,0.002900,-21.9809,5.6073,0.5110,7160700,5919225,52747875
2025-12-29 11:42:35,25974.2,25950,2025-12-30,PE,34.55,8.79,-0.3843,0.003000,-21.2222,5.5924,-0.3593,11275050,5593950,175117875
2025-12-29 11:42:41,25974.0,25950,2025-12-30,CE,74.3,8.62,0.6314,0.003000,-20.5526,5.5208,0.5145,7160700,5919225,52783125
2025-12-29 11:42:41,25974.0,25950,2025-12-30,PE,34.4,9.06,-0.3747,0.002900,-21.7220,5.5500,-0.3621,11275050,5593950,175187400
2025-12-29 11:42:46,25973.3,25950,2025-12-30,CE,74.45,9.09,0.6137,0.002900,-21.9944,5.6005,0.5086,7160700,5919225,52800075
2025-12-29 11:42:46,25973.3,25950,2025-12-30,PE,34.35,8.77,-0.3823,0.003000,-21.1548,5.5835,-0.3614,11275050,5593950,175256400
2025-12-29 11:42:52,25970.9,25950,2025-12-30,CE,74.45,9.22,0.6097,0.002800,-22.3554,5.6168,0.5017,7160700,5919225,52809975
2025-12-29 11:42:52,25970.9,25950,2025-12-30,PE,34.45,8.70,-0.3840,0.003000,-20.9986,5.5906,-0.3670,11275050,5593950,175298700
2025-12-29 11:42:57,25973.55,25950,2025-12-30,CE,74.9,8.91,0.6215,0.002900,-21.4230,5.5665,0.5107,7160700,5919225,52829400
2025-12-29 11:42:57,25973.55,25950,2025-12-30,PE,34.25,8.91,-0.3785,0.002900,-21.4230,5.5665,-0.3619,11275050,5593950,175333050
2025-12-29 11:43:03,25973.9,25950,2025-12-30,CE,74.7,9.00,0.6203,0.002900,-21.6642,5.5717,0.5108,7160700,5919225,52844250
2025-12-29 11:43:03,25973.9,25950,2025-12-30,PE,34.35,8.88,-0.3781,0.002900,-21.3432,5.5646,-0.3608,11275050,5593950,175412250
2025-12-29 11:43:08,25974.4,25950,2025-12-30,CE,74.9,9.16,0.6133,0.002900,-22.1515,5.6018,0.5107,7160700,5919225,52908000
2025-12-29 11:43:08,25974.4,25950,2025-12-30,PE,34.4,8.77,-0.3820,0.003000,-21.1519,5.5816,-0.3585,11275050,5593950,175446600
2025-12-29 11:43:13,25974.75,25950,2025-12-30,CE,75.25,9.00,0.6203,0.002900,-21.6652,5.5714,0.5129,7160700,5919225,52923675
2025-12-29 11:43:13,25974.75,25950,2025-12-30,PE,34.05,8.91,-0.3785,0.002900,-21.4245,5.5661,-0.3589,11275050,5593950,175499100
2025-12-29 11:43:19,25974.05,25950,2025-12-30,CE,75.35,9.19,0.6149,0.002800,-22.1994,5.5947,0.5095,7160700,5919225,52969425
2025-12-29 11:43:19,25974.05,25950,2025-12-30,PE,33.9,8.77,-0.3799,0.003000,-21.1185,5.5722,-0.3594,11275050,5593950,175591125
2025-12-29 11:43:24,25973.6,25950,2025-12-30,CE,75.45,9.19,0.6152,0.002800,-22.1952,5.5934,0.5084,7160700,5919225,53025150
2025-12-29 11:43:24,25973.6,25950,2025-12-30,PE,33.9,8.76,-0.3794,0.003000,-21.0739,5.5699,-0.3604,11275050,5593950,175677375
2025-12-29 11:43:30,25974.7,25950,2025-12-30,CE,75.2,9.19,0.6146,0.002800,-22.2052,5.5956,0.5111,7160700,5919225,53047950
2025-12-29 11:43:30,25974.7,25950,2025-12-30,PE,34.1,8.74,-0.3798,0.003000,-21.0442,5.5714,-0.3574,11275050,5593950,175721550
2025-12-29 11:43:35,25974.35,25950,2025-12-30,CE,75.25,9.16,0.6153,0.002900,-22.1210,5.5927,0.5104,7160700,5919225,53072700
2025-12-29 11:43:35,25974.35,25950,2025-12-30,PE,34.0,8.79,-0.3801,0.003000,-21.1601,5.5726,-0.3587,11275050,5593950,175757775
2025-12-29 11:43:40,25974.3,25950,2025-12-30,CE,75.25,9.19,0.6152,0.002800,-22.1967,5.5929,0.5100,7160700,5919225,53119650
2025-12-29 11:43:40,25974.3,25950,2025-12-30,PE,34.1,8.77,-0.3796,0.003000,-21.1155,5.5703,-0.3587,11275050,5593950,175803150
2025-12-29 11:43:46,25974.4,25950,2025-12-30,CE,75.55,9.22,0.6129,0.002800,-22.3106,5.6024,0.5100,7160700,5919225,53156400
2025-12-29 11:43:46,25974.4,25950,2025-12-30,PE,33.7,8.74,-0.3813,0.003000,-21.0707,5.5773,-0.3581,11275050,5593950,175856775
2025-12-29 11:43:51,25973.05,25950,2025-12-30,CE,75.4,9.29,0.6120,0.002800,-22.5107,5.6060,0.5061,7125225,5883750,53220450
2025-12-29 11:43:51,25973.05,25950,2025-12-30,PE,33.65,8.68,-0.3805,0.003000,-20.9109,5.5737,-0.3611,11513100,5832000,176009550
2025-12-29 11:43:57,25974.05,25950,2025-12-30,CE,75.8,9.05,0.6221,0.002900,-21.7501,5.5624,0.5105,7125225,5883750,53262825
2025-12-29 11:43:57,25974.05,25950,2025-12-30,PE,33.65,8.79,-0.3745,0.002900,-21.0665,5.5466,-0.3594,11513100,5832000,176072775
2025-12-29 11:44:02,25973.2,25950,2025-12-30,CE,75.7,9.20,0.6162,0.002800,-22.2202,5.5881,0.5072,7125225,5883750,53327400
2025-12-29 11:44:02,25973.2,25950,2025-12-30,PE,33.65,8.73,-0.3778,0.003000,-20.9775,5.5615,-0.3611,11513100,5832000,176138175
2025-12-29 11:44:08,25972.6,25950,2025-12-30,CE,75.3,9.19,0.6178,0.002800,-22.1566,5.5811,0.5057,7125225,5883750,53371575
2025-12-29 11:44:08,25972.6,25950,2025-12-30,PE,33.95,8.73,-0.3763,0.003000,-20.9527,5.5547,-0.3626,11513100,5832000,176195100
2025-12-29 11:44:13,25974.6,25950,2025-12-30,CE,75.5,8.65,0.6369,0.003000,-20.5319,5.4908,0.5153,7125225,5883750,53447775
2025-12-29 11:44:13,25974.6,25950,2025-12-30,PE,33.8,9.05,-0.3688,0.002800,-21.5851,5.5194,-0.3602,11513100,5832000,176281050
2025-12-29 11:44:18,25973.95,25950,2025-12-30,CE,74.8,8.97,0.6234,0.002900,-21.5461,5.5560,0.5108,7125225,5883750,53559000
2025-12-29 11:44:18,25973.95,25950,2025-12-30,PE,34.2,8.88,-0.3754,0.002900,-21.3048,5.5504,-0.3604,11513100,5832000,176347500
2025-12-29 11:44:24,25975.0,26000,2025-12-30,CE,47.15,8.51,0.4827,0.003200,-21.4653,5.8325,0.3836,32624475,21450175,193991550
2025-12-29 11:44:24,25975.0,26000,2025-12-30,PE,56.2,9.19,-0.5159,0.003000,-23.1613,5.8334,-0.4862,21308700,6353275,320753550
2025-12-29 11:44:29,25973.4,25950,2025-12-30,CE,75.75,8.59,0.6387,0.003000,-20.3539,5.4811,0.5127,7125225,5883750,53671125
2025-12-29 11:44:29,25973.4,25950,2025-12-30,PE,33.6,9.12,-0.3690,0.002800,-21.7726,5.5200,-0.3637,11513100,5832000,176463225
2025-12-29 11:44:35,25976.25,26000,2025-12-30,CE,47.5,8.85,0.4764,0.003100,-22.2926,5.8269,0.3888,32624475,21450175,194128500
2025-12-29 11:44:35,25976.25,26000,2025-12-30,PE,55.8,8.77,-0.5239,0.003100,-22.0996,5.8267,-0.4852,21308700,6353275,320887575
2025-12-29 11:44:40,25976.2,26000,2025-12-30,CE,47.4,8.77,0.4768,0.003100,-22.1024,5.8272,0.3882,32624475,21450175,194161350
2025-12-29 11:44:40,25976.2,26000,2025-12-30,PE,55.75,8.88,-0.5229,0.003100,-22.3724,5.8274,-0.4847,21308700,6353275,320913450
2025-12-29 11:44:45,25977.05,26000,2025-12-30,CE,47.6,8.96,0.4706,0.003000,-22.5392,5.8206,0.3913,32624475,21450175,194240175
2025-12-29 11:44:45,25977.05,26000,2025-12-30,PE,55.55,8.64,-0.5306,0.003100,-21.7281,5.8193,-0.4837,21308700,6353275,320953425
2025-12-29 11:44:51,25976.95,26000,2025-12-30,CE,47.8,9.00,0.4698,0.003000,-22.6516,5.8195,0.3913,32624475,21450175,194404575
2025-12-29 11:44:51,25976.95,26000,2025-12-30,PE,55.15,8.62,-0.5316,0.003200,-21.6857,5.8179,-0.4840,21308700,6353275,321501750
2025-12-29 11:44:56,25976.1,26000,2025-12-30,CE,47.55,8.87,0.4755,0.003100,-22.3305,5.8253,0.3884,32624475,21450175,194604150
2025-12-29 11:44:56,25976.1,26000,2025-12-30,PE,55.45,8.70,-0.5250,0.003100,-21.9060,5.8249,-0.4858,21308700,6353275,321686925
2025-12-29 11:45:02,25974.45,25950,2025-12-30,CE,75.6,9.16,0.6193,0.002800,-22.0624,5.5729,0.5103,7125225,5883750,54014325
2025-12-29 11:45:02,25974.45,25950,2025-12-30,PE,33.3,8.73,-0.3751,0.003000,-20.9374,5.5476,-0.3576,11513100,5832000,177138000
2025-12-29 11:45:07,25975.45,26000,2025-12-30,CE,47.35,8.97,0.4706,0.003000,-22.5807,5.8199,0.3872,32624475,21450175,194761725
2025-12-29 11:45:07,25975.45,26000,2025-12-30,PE,55.5,8.61,-0.5307,0.003200,-21.6536,5.8184,-0.4880,21308700,6353275,321827475
2025-12-29 11:45:13,25975.75,26000,2025-12-30,CE,47.3,8.53,0.4847,0.003200,-21.5140,5.8323,0.3856,32624475,21450175,194811225
2025-12-29 11:45:13,25975.75,26000,2025-12-30,PE,55.35,9.06,-0.5143,0.003000,-22.8632,5.8329,-0.4848,21308700,6353275,321877500
2025-12-29 11:45:18,25975.1,26000,2025-12-30,CE,47.2,8.53,0.4847,0.003200,-21.5146,5.8322,0.3838,32624475,21450175,194859600
2025-12-29 11:45:18,25975.1,26000,2025-12-30,PE,55.5,9.05,-0.5143,0.003000,-22.8252,5.8327,-0.4864,21308700,6353275,321908700
2025-12-29 11:45:24,25975.05,26000,2025-12-30,CE,47.4,8.93,0.4714,0.003000,-22.4705,5.8203,0.3859,32624475,21450175,194994225
2025-12-29 11:45:24,25975.05,26000,2025-12-30,PE,55.3,8.64,-0.5296,0.003100,-21.7366,5.8192,-0.4888,21308700,6353275,322042425
2025-12-29 11:45:29,25974.25,25950,2025-12-30,CE,75.6,9.11,0.6199,0.002900,-21.9446,5.5695,0.5101,7125225,5883750,54161625
2025-12-29 11:45:29,25974.25,25950,2025-12-30,PE,33.45,8.71,-0.3749,0.003000,-20.8995,5.5458,-0.3579,11513100,5832000,177402225
2025-12-29 11:45:34,25974.3,25950,2025-12-30,CE,75.6,8.61,0.6395,0.003000,-20.3833,5.4757,0.5145,7125225,5883750,54176100
2025-12-29 11:45:34,25974.3,25950,2025-12-30,PE,33.3,9.05,-0.3670,0.002800,-21.5603,5.5086,-0.3607,11513100,5832000,177437475
2025-12-29 11:45:40,25974.0,25950,2025-12-30,CE,75.4,8.61,0.6403,0.003000,-20.3666,5.4709,0.5137,7125225,5883750,54213075
2025-12-29 11:45:40,25974.0,25950,2025-12-30,PE,33.45,9.03,-0.3659,0.002800,-21.5039,5.5032,-0.3612,11513100,5832000,177473325
2025-12-29 11:45:45,25976.45,26000,2025-12-30,CE,47.45,8.91,0.4713,0.003100,-22.4341,5.8197,0.3893,32624475,21450175,195173175
2025-12-29 11:45:45,25976.45,26000,2025-12-30,PE,55.35,8.67,-0.5295,0.003100,-21.8160,5.8188,-0.4849,21308700,6353275,322218600
2025-12-29 11:45:50,25975.95,26000,2025-12-30,CE,47.9,8.82,0.4750,0.003100,-22.2192,5.8234,0.3875,32624475,21450175,195449325
2025-12-29 11:45:50,25975.95,26000,2025-12-30,PE,54.85,8.74,-0.5252,0.003100,-22.0261,5.8232,-0.4858,21308700,6353275,322423500
2025-12-29 11:45:56,25975.3,26000,2025-12-30,CE,47.65,8.82,0.4794,0.003100,-22.2347,5.8272,0.3858,32624475,21450175,195564600
2025-12-29 11:45:56,25975.3,26000,2025-12-30,PE,55.15,8.71,-0.5209,0.003100,-21.9646,5.8270,-0.4876,21308700,6353275,322527600
2025-12-29 11:46:01,25976.5,26000,2025-12-30,CE,47.85,8.93,0.4735,0.003000,-22.4839,5.8214,0.3895,32624475,21450175,195711975
2025-12-29 11:46:01,25976.5,26000,2025-12-30,PE,54.75,8.64,-0.5274,0.003200,-21.7501,5.8205,-0.4848,21308700,6353275,322663800
2025-12-29 11:46:07,25978.7,26000,2025-12-30,CE,48.65,9.02,0.4723,0.003000,-22.7099,5.8200,0.3955,32624475,21450175,195959250
2025-12-29 11:46:07,25978.7,26000,2025-12-30,PE,53.4,8.48,-0.5296,0.003200,-21.3578,5.8180,-0.4797,21308700,6353275,323053125
2025-12-29 11:46:12,25979.9,26000,2025-12-30,CE,48.5,8.96,0.4764,0.003000,-22.5728,5.8240,0.3983,32624475,21450175,196189875
2025-12-29 11:46:12,25979.9,26000,2025-12-30,PE,53.85,8.54,-0.5249,0.003200,-21.5304,5.8229,-0.4762,21308700,6353275,323354775
2025-12-29 11:46:18,25980.85,26000,2025-12-30,CE,48.65,8.94,0.4787,0.003000,-22.5432,5.8260,0.4006,32624475,21450175,196339575
2025-12-29 11:46:18,25980.85,26000,2025-12-30,PE,53.7,8.54,-0.5223,0.003200,-21.5398,5.8251,-0.4736,21308700,6353275,323512125
2025-12-29 11:46:23,25980.4,26000,2025-12-30,CE,48.9,8.97,0.4779,0.003000,-22.6179,5.8251,0.3996,32624475,21450175,196591425
2025-12-29 11:46:23,25980.4,26000,2025-12-30,PE,53.2,8.54,-0.5233,0.003200,-21.5371,5.8241,-0.4748,21308700,6353275,323787825
2025-12-29 11:46:29,25980.95,26000,2025-12-30,CE,49.05,8.88,0.4823,0.003100,-22.4012,5.8285,0.4006,32624475,21450175,196903200
2025-12-29 11:46:29,25980.95,26000,2025-12-30,PE,52.9,8.54,-0.5185,0.003200,-21.5525,5.8280,-0.4733,21308700,6353275,324085875
2025-12-29 11:46:34,25979.6,26000,2025-12-30,CE,49.05,8.48,0.4977,0.003200,-21.4260,5.8351,0.3953,32624475,21450175,197194200
2025-12-29 11:46:34,25979.6,26000,2025-12-30,PE,52.75,8.93,-0.5021,0.003100,-22.5436,5.8352,-0.4752,21308700,6353275,324344025
2025-12-29 11:46:39,25978.65,26000,2025-12-30,CE,49.25,8.76,0.4882,0.003100,-22.1082,5.8318,0.3941,32624475,21450175,197402550
2025-12-29 11:46:39,25978.65,26000,2025-12-30,PE,52.2,8.67,-0.5119,0.003100,-21.8769,5.8318,-0.4788,21308700,6353275,324518625
2025-12-29 11:46:45,25981.7,26000,2025-12-30,CE,49.35,8.73,0.4910,0.003100,-22.0365,5.8330,0.4020,32624475,21450175,197708400
2025-12-29 11:46:45,25981.7,26000,2025-12-30,PE,52.2,8.70,-0.5091,0.003100,-21.9594,5.8329,-0.4706,21308700,6353275,324860175
2025-12-29 11:46:50,25983.0,26000,2025-12-30,CE,49.35,8.58,0.4975,0.003200,-21.6586,5.8346,0.4049,32624475,21450175,197931000
2025-12-29 11:46:50,25983.0,26000,2025-12-30,PE,52.15,8.83,-0.5024,0.003100,-22.3138,5.8347,-0.4667,21308700,6353275,325070475
2025-12-29 11:46:56,25983.0,26000,2025-12-30,CE,49.7,8.85,0.4877,0.003100,-22.3400,5.8311,0.4057,32624475,21450175,198172725
2025-12-29 11:46:56,25983.0,26000,2025-12-30,PE,51.55,8.54,-0.5128,0.003200,-21.5688,5.8309,-0.4677,21308700,6353275,325552875
2025-12-29 11:47:01,25982.2,26000,2025-12-30,CE,50.25,8.93,0.4860,0.003100,-22.5295,5.8300,0.4039,32906400,21732100,198619125
2025-12-29 11:47:01,25982.2,26000,2025-12-30,PE,50.6,8.44,-0.5149,0.003200,-21.2953,5.8296,-0.4702,20757675,5802250,325978500
2025-12-29 11:47:06,25982.5,26000,2025-12-30,CE,50.4,8.88,0.4915,0.003100,-22.4253,5.8324,0.4045,32906400,21732100,199329975
2025-12-29 11:47:06,25982.5,26000,2025-12-30,PE,50.9,8.45,-0.5091,0.003200,-21.3457,5.8322,-0.4693,20757675,5802250,327254700
2025-12-29 11:47:12,25982.4,26000,2025-12-30,CE,50.25,8.83,0.4927,0.003100,-22.3119,5.8327,0.4040,32906400,21732100,199587825
2025-12-29 11:47:12,25982.4,26000,2025-12-30,PE,50.9,8.47,-0.5077,0.003200,-21.3866,5.8326,-0.4695,20757675,5802250,327522975
2025-12-29 11:47:17,25982.25,26000,2025-12-30,CE,50.45,8.71,0.4972,0.003100,-22.0087,5.8337,0.4032,32906400,21732100,199744050
2025-12-29 11:47:17,25982.25,26000,2025-12-30,PE,50.85,8.64,-0.5028,0.003200,-21.8159,5.8337,-0.4692,20757675,5802250,327658350
2025-12-29 11:47:23,25984.05,26000,2025-12-30,CE,50.35,8.77,0.4960,0.003100,-22.1625,5.8333,0.4081,32906400,21732100,199909275
2025-12-29 11:47:23,25984.05,26000,2025-12-30,PE,50.85,8.58,-0.5041,0.003200,-21.6613,5.8333,-0.4646,20757675,5802250,327800700
2025-12-29 11:47:28,25983.8,26000,2025-12-30,CE,50.85,8.70,0.4985,0.003100,-21.9719,5.8336,0.4072,32906400,21732100,200206275
2025-12-29 11:47:28,25983.8,26000,2025-12-30,PE,50.0,8.64,-0.5016,0.003200,-21.8177,5.8336,-0.4650,20757675,5802250,328074825
2025-12-29 11:47:34,25984.05,26000,2025-12-30,CE,51.15,8.88,0.4949,0.003100,-22.4323,5.8328,0.4084,32906400,21732100,200521200
2025-12-29 11:47:34,25984.05,26000,2025-12-30,PE,49.6,8.45,-0.5055,0.003200,-21.3528,5.8327,-0.4650,20757675,5802250,328491225
2025-12-29 11:47:39,25981.25,26000,2025-12-30,CE,50.15,8.93,0.4967,0.003100,-22.5501,5.8330,0.4013,32906400,21732100,200933100
2025-12-29 11:47:39,25981.25,26000,2025-12-30,PE,50.85,8.38,-0.5036,0.003300,-21.1622,5.8330,-0.4728,20757675,5802250,328764375
2025-12-29 11:47:45,25987.1,26000,2025-12-30,CE,51.0,8.74,0.4982,0.003100,-22.0891,5.8331,0.4160,32906400,21732100,201199500
2025-12-29 11:47:45,25987.1,26000,2025-12-30,PE,49.85,8.56,-0.5019,0.003200,-21.6264,5.8331,-0.4563,20757675,5802250,328875075
2025-12-29 11:47:50,25988.15,26000,2025-12-30,CE,51.15,8.73,0.5010,0.003100,-22.0520,5.8332,0.4187,32906400,21732100,201564375
2025-12-29 11:47:50,25988.15,26000,2025-12-30,PE,49.6,8.58,-0.4990,0.003200,-21.6664,5.8332,-0.4535,20757675,5802250,329038275
2025-12-29 11:47:56,25984.95,26000,2025-12-30,CE,51.15,8.77,0.5010,0.003100,-22.1682,5.8331,0.4103,32906400,21732100,201773475
2025-12-29 11:47:56,25984.95,26000,2025-12-30,PE,49.5,8.48,-0.4990,0.003200,-21.4356,5.8331,-0.4623,20757675,5802250,329186250
2025-12-29 11:48:02,25985.35,26000,2025-12-30,CE,50.9,8.70,0.5010,0.003100,-21.9765,5.8328,0.4112,32906400,21732100,202193925
2025-12-29 11:48:02,25985.35,26000,2025-12-30,PE,50.2,8.61,-0.4990,0.003200,-21.7452,5.8328,-0.4609,20757675,5802250,329523150
2025-12-29 11:48:07,25985.1,26000,2025-12-30,CE,50.85,8.79,0.4982,0.003100,-22.2075,5.8324,0.4107,32906400,21732100,202351050
2025-12-29 11:48:07,25985.1,26000,2025-12-30,PE,50.1,8.51,-0.5019,0.003200,-21.5135,5.8324,-0.4618,20757675,5802250,329635875
2025-12-29 11:48:13,25986.45,26000,2025-12-30,CE,50.75,8.22,0.5188,0.003300,-20.7636,5.8272,0.4129,32906400,21732100,202453875
2025-12-29 11:48:13,25986.45,26000,2025-12-30,PE,50.15,9.03,-0.4827,0.003000,-22.8092,5.8282,-0.4569,20757675,5802250,329747550
2025-12-29 11:48:18,25986.15,26000,2025-12-30,CE,50.8,8.35,0.5140,0.003300,-21.0816,5.8297,0.4124,32906400,21732100,202592175
2025-12-29 11:48:18,25986.15,26000,2025-12-30,PE,50.2,8.96,-0.4868,0.003000,-22.6248,5.8301,-0.4578,20757675,5802250,329839800
2025-12-29 11:48:24,25984.5,26000,2025-12-30,CE,50.7,8.39,0.5120,0.003200,-21.2008,5.8304,0.4079,32906400,21732100,202738050
2025-12-29 11:48:24,25984.5,26000,2025-12-30,PE,50.25,8.87,-0.4885,0.003100,-22.3966,5.8306,-0.4623,20757675,5802250,329929875
2025-12-29 11:48:29,25986.25,26000,2025-12-30,CE,50.7,8.56,0.5057,0.003200,-21.6313,5.8318,0.4131,32906400,21732100,202888500
2025-12-29 11:48:29,25986.25,26000,2025-12-30,PE,50.25,8.71,-0.4943,0.003100,-22.0169,5.8318,-0.4581,20757675,5802250,330043050
2025-12-29 11:48:35,25986.65,26000,2025-12-30,CE,50.75,8.26,0.5171,0.003300,-20.8463,5.8277,0.4135,32906400,21732100,202969575
2025-12-29 11:48:35,25986.65,26000,2025-12-30,PE,50.2,9.06,-0.4842,0.003000,-22.8918,5.8285,-0.4563,20757675,5802250,330116850
2025-12-29 11:48:40,25986.4,26000,2025-12-30,CE,50.55,8.54,0.5057,0.003200,-21.5938,5.8315,0.4134,32906400,21732100,203078100
2025-12-29 11:48:40,25986.4,26000,2025-12-30,PE,50.3,8.74,-0.4943,0.003100,-22.0951,5.8316,-0.4576,20757675,5802250,330222675
2025-12-29 11:48:46,25984.95,26000,2025-12-30,CE,50.9,8.26,0.5168,0.003300,-20.8480,5.8276,0.4087,32906400,21732100,203189850
2025-12-29 11:48:46,25984.95,26000,2025-12-30,PE,49.8,9.03,-0.4845,0.003000,-22.8163,5.8283,-0.4606,20757675,5802250,330339975
2025-12-29 11:48:51,25985.3,26000,2025-12-30,CE,51.3,8.42,0.5120,0.003200,-21.2811,5.8295,0.4101,32906400,21732100,203482950
2025-12-29 11:48:51,25985.3,26000,2025-12-30,PE,49.0,8.87,-0.4885,0.003100,-22.3999,5.8297,-0.4601,20757675,5802250,330684225
2025-12-29 11:48:57,25987.45,26000,2025-12-30,CE,51.3,8.91,0.4964,0.003100,-22.5203,5.8306,0.4169,32906400,21732100,203651100
2025-12-29 11:48:57,25987.45,26000,2025-12-30,PE,49.45,8.30,-0.5040,0.003300,-20.9776,5.8306,-0.4557,20757675,5802250,330836025
2025-12-29 11:49:02,25986.35,26000,2025-12-30,CE,51.05,8.68,0.5047,0.003100,-21.9441,5.8309,0.4135,32906400,21732100,203827425
2025-12-29 11:49:02,25986.35,26000,2025-12-30,PE,49.55,8.56,-0.4952,0.003200,-21.6355,5.8309,-0.4580,20757675,5802250,330935625
2025-12-29 11:49:08,25987.75,26000,2025-12-30,CE,51.05,8.74,0.5010,0.003100,-22.0994,5.8309,0.4174,32906400,21732100,203941725
2025-12-29 11:49:08,25987.75,26000,2025-12-30,PE,49.25,8.51,-0.4990,0.003200,-21.5209,5.8309,-0.4544,20757675,5802250,331034775
2025-12-29 11:49:13,25988.2,26000,2025-12-30,CE,51.3,8.76,0.5010,0.003100,-22.1385,5.8307,0.4186,32906400,21732100,204044775
2025-12-29 11:49:13,25988.2,26000,2025-12-30,PE,49.25,8.47,-0.4991,0.003200,-21.4057,5.8308,-0.4532,20757675,5802250,331120500
2025-12-29 11:49:18,25988.2,26000,2025-12-30,CE,51.1,8.51,0.5106,0.003200,-21.5170,5.8292,0.4181,32906400,21732100,204168375
2025-12-29 11:49:18,25988.2,26000,2025-12-30,PE,49.15,8.71,-0.4896,0.003100,-22.0185,5.8293,-0.4527,20757675,5802250,331246275
2025-12-29 11:49:24,25987.5,26000,2025-12-30,CE,51.1,8.50,0.5119,0.003200,-21.4773,5.8287,0.4161,32906400,21732100,204324900
2025-12-29 11:49:24,25987.5,26000,2025-12-30,PE,49.25,8.70,-0.4884,0.003100,-21.9789,5.8288,-0.4546,20757675,5802250,331340850
2025-12-29 11:49:30,25988.85,26000,2025-12-30,CE,51.35,8.50,0.5119,0.003200,-21.4773,5.8287,0.4198,32906400,21732100,204438450
2025-12-29 11:49:30,25988.85,26000,2025-12-30,PE,48.95,8.70,-0.4884,0.003100,-21.9789,5.8288,-0.4510,20757675,5802250,331466850
2025-12-29 11:49:36,25989.7,26000,2025-12-30,CE,52.0,8.54,0.5105,0.003200,-21.5958,5.8288,0.4221,32906400,21732100,204752025
2025-12-29 11:49:36,25989.7,26000,2025-12-30,PE,48.05,8.70,-0.4896,0.003100,-21.9816,5.8289,-0.4487,20757675,5802250,331618875
2025-12-29 11:49:43,25988.9,26000,2025-12-30,CE,51.95,8.45,0.5171,0.003200,-21.3544,5.8258,0.4198,32906400,21732100,205015950
2025-12-29 11:49:43,25988.9,26000,2025-12-30,PE,48.25,8.70,-0.4833,0.003100,-21.9721,5.8261,-0.4508,20757675,5802250,331804275
2025-12-29 11:49:50,25989.15,26000,2025-12-30,CE,51.45,8.53,0.5170,0.003200,-21.5486,5.8256,0.4206,32906400,21732100,205475850
2025-12-29 11:49:50,25989.15,26000,2025-12-30,PE,48.85,8.64,-0.4832,0.003200,-21.8188,5.8257,-0.4502,20757675,5802250,332304150
2025-12-29 11:49:57,25986.7,26000,2025-12-30,CE,51.25,8.44,0.5171,0.003200,-21.3174,5.8253,0.4137,32906400,21732100,205651500
2025-12-29 11:49:57,25986.7,26000,2025-12-30,PE,49.1,8.79,-0.4835,0.003100,-22.2054,5.8257,-0.4564,20757675,5802250,332430075
2025-12-29 11:50:04,25987.25,26000,2025-12-30,CE,51.05,8.42,0.5139,0.003200,-21.2858,5.8267,0.4151,32932950,21758650,206023800
2025-12-29 11:50:04,25987.25,26000,2025-12-30,PE,49.1,8.77,-0.4866,0.003100,-22.1736,5.8269,-0.4549,21164850,6209425,332689050
2025-12-29 11:50:09,25988.5,26000,2025-12-30,CE,51.0,8.53,0.5106,0.003200,-21.5610,5.8278,0.4187,32932950,21758650,206276700
2025-12-29 11:50:09,25988.5,26000,2025-12-30,PE,49.3,8.68,-0.4896,0.003100,-21.9469,5.8278,-0.4518,21164850,6209425,332836425
2025-12-29 11:50:17,25989.3,26000,2025-12-30,CE,51.35,8.50,0.5106,0.003200,-21.4849,5.8275,0.4208,32932950,21758650,206467875
2025-12-29 11:50:17,25989.3,26000,2025-12-30,PE,49.05,8.70,-0.4896,0.003100,-21.9866,5.8276,-0.4496,21164850,6209425,333002025
2025-12-29 11:50:23,25987.65,26000,2025-12-30,CE,51.55,8.18,0.5243,0.003300,-20.6476,5.8195,0.4156,32932950,21758650,206576250
2025-12-29 11:50:23,25987.65,26000,2025-12-30,PE,48.85,8.99,-0.4777,0.003000,-22.6958,5.8212,-0.4534,21164850,6209425,333082350
2025-12-29 11:50:28,25987.25,26000,2025-12-30,CE,50.95,8.36,0.5176,0.003300,-21.1274,5.8240,0.4149,32932950,21758650,206716650
2025-12-29 11:50:28,25987.25,26000,2025-12-30,PE,49.6,8.80,-0.4832,0.003100,-22.2473,5.8245,-0.4548,21164850,6209425,333175050
2025-12-29 11:50:34,25987.55,26000,2025-12-30,CE,50.85,8.48,0.5106,0.003200,-21.4479,5.8270,0.4159,32932950,21758650,206793450
2025-12-29 11:50:34,25987.55,26000,2025-12-30,PE,49.6,8.77,-0.4897,0.003100,-22.1812,5.8272,-0.4540,21164850,6209425,333268350
2025-12-29 11:50:40,25988.1,26000,2025-12-30,CE,51.0,8.32,0.5173,0.003300,-21.0133,5.8239,0.4171,32932950,21758650,206917725
2025-12-29 11:50:40,25988.1,26000,2025-12-30,PE,49.45,8.91,-0.4837,0.003100,-22.5194,5.8245,-0.4523,21164850,6209425,333361650
2025-12-29 11:50:46,25989.0,26000,2025-12-30,CE,51.1,8.35,0.5153,0.003300,-21.0948,5.8248,0.4196,32932950,21758650,206975475
2025-12-29 11:50:46,25989.0,26000,2025-12-30,PE,49.4,8.90,-0.4855,0.003100,-22.4848,5.8253,-0.4500,21164850,6209425,333437925
2025-12-29 11:50:51,25988.15,26000,2025-12-30,CE,51.2,8.59,0.5073,0.003200,-21.7228,5.8274,0.4177,32932950,21758650,207026925
2025-12-29 11:50:51,25988.15,26000,2025-12-30,PE,49.35,8.64,-0.4927,0.003200,-21.8385,5.8275,-0.4526,21164850,6209425,333510600
2025-12-29 11:50:56,25987.4,26000,2025-12-30,CE,51.25,8.21,0.5225,0.003300,-20.7327,5.8200,0.4148,32932950,21758650,207134100
2025-12-29 11:50:56,25987.4,26000,2025-12-30,PE,49.25,8.97,-0.4792,0.003000,-22.6648,5.8214,-0.4539,21164850,6209425,333578100
2025-12-29 11:51:02,25986.75,26000,2025-12-30,CE,50.65,8.21,0.5222,0.003300,-20.7346,5.8199,0.4130,32932950,21758650,207448650
2025-12-29 11:51:02,25986.75,26000,2025-12-30,PE,50.0,9.06,-0.4797,0.003000,-22.8986,5.8214,-0.4554,21164850,6209425,333857250
2025-12-29 11:51:08,25984.65,26000,2025-12-30,CE,50.65,8.22,0.5202,0.003300,-20.7788,5.8212,0.4071,32932950,21758650,207665325
2025-12-29 11:51:08,25984.65,26000,2025-12-30,PE,50.15,9.06,-0.4815,0.003000,-22.9037,5.8224,-0.4607,21164850,6209425,333995400
2025-12-29 11:51:14,25985.35,26000,2025-12-30,CE,50.5,8.51,0.5067,0.003200,-21.5329,5.8268,0.4099,32932950,21758650,207883125
2025-12-29 11:51:14,25985.35,26000,2025-12-30,PE,50.35,8.77,-0.4934,0.003100,-22.1890,5.8269,-0.4596,21164850,6209425,334155975
2025-12-29 11:51:19,25983.1,26000,2025-12-30,CE,50.4,8.33,0.5131,0.003300,-21.0636,5.8248,0.4031,32932950,21758650,208071750
2025-12-29 11:51:19,25983.1,26000,2025-12-30,PE,50.6,8.96,-0.4877,0.003000,-22.6467,5.8252,-0.4649,21164850,6209425,334303800
2025-12-29 11:51:25,25981.15,26000,2025-12-30,CE,50.35,8.67,0.5010,0.003200,-21.9215,5.8269,0.3991,32932950,21758650,208216800
2025-12-29 11:51:25,25981.15,26000,2025-12-30,PE,50.45,8.65,-0.4990,0.003200,-21.8828,5.8269,-0.4711,21164850,6209425,334508175
2025-12-29 11:51:30,25983.3,26000,2025-12-30,CE,50.8,8.48,0.5074,0.003200,-21.4569,5.8262,0.4042,32932950,21758650,208452675
2025-12-29 11:51:30,25983.3,26000,2025-12-30,PE,50.15,8.83,-0.4928,0.003100,-22.3447,5.8263,-0.4648,21164850,6209425,334755975
2025-12-29 11:51:36,25982.85,26000,2025-12-30,CE,50.25,8.50,0.5074,0.003200,-21.4961,5.8261,0.4030,32932950,21758650,208596450
2025-12-29 11:51:36,25982.85,26000,2025-12-30,PE,50.5,8.82,-0.4928,0.003100,-22.3067,5.8262,-0.4659,21164850,6209425,334901250
2025-12-29 11:51:41,25982.5,26000,2025-12-30,CE,50.2,8.90,0.4933,0.003100,-22.4968,5.8251,0.4034,32932950,21758650,208686300
2025-12-29 11:51:41,25982.5,26000,2025-12-30,PE,50.45,8.42,-0.5072,0.003200,-21.3001,5.8250,-0.4683,21164850,6209425,335028300
2025-12-29 11:51:47,25984.2,26000,2025-12-30,CE,50.6,8.62,0.5006,0.003200,-21.8084,5.8262,0.4070,32932950,21758650,208879050
2025-12-29 11:51:47,25984.2,26000,2025-12-30,PE,50.3,8.70,-0.4993,0.003100,-22.0013,5.8262,-0.4627,21164850,6209425,335305575
2025-12-29 11:51:52,25982.1,26000,2025-12-30,CE,50.0,8.65,0.5016,0.003200,-21.8862,5.8261,0.4015,32932950,21758650,209144700
2025-12-29 11:51:52,25982.1,26000,2025-12-30,PE,50.8,8.65,-0.4984,0.003200,-21.8862,5.8261,-0.4684,21164850,6209425,335432625
2025-12-29 11:51:58,25983.95,26000,2025-12-30,CE,50.05,8.68,0.4997,0.003100,-21.9636,5.8258,0.4064,32932950,21758650,209267850
2025-12-29 11:51:58,25983.95,26000,2025-12-30,PE,50.9,8.61,-0.5003,0.003200,-21.7706,5.8258,-0.4636,21164850,6209425,335547075
2025-12-29 11:52:03,25982.25,26000,2025-12-30,CE,49.75,8.71,0.4978,0.003100,-22.0406,5.8255,0.4020,32932950,21758650,209441550
2025-12-29 11:52:03,25982.25,26000,2025-12-30,PE,51.15,8.62,-0.5022,0.003200,-21.8089,5.8255,-0.4681,21164850,6209425,335766750
2025-12-29 11:52:09,25982.5,26000,2025-12-30,CE,49.6,8.38,0.5075,0.003300,-21.1909,5.8251,0.4015,32932950,21758650,209607825
2025-12-29 11:52:09,25982.5,26000,2025-12-30,PE,51.1,8.94,-0.4929,0.003100,-22.6194,5.8252,-0.4663,21164850,6209425,335908725
2025-12-29 11:52:14,25982.65,26000,2025-12-30,CE,49.8,8.73,0.4928,0.003100,-22.0757,5.8240,0.4031,32932950,21758650,209730000
2025-12-29 11:52:14,25982.65,26000,2025-12-30,PE,51.05,8.56,-0.5073,0.003200,-21.6509,5.8239,-0.4672,21164850,6209425,336173250
2025-12-29 11:52:19,25980.9,26000,2025-12-30,CE,49.2,8.83,0.4895,0.003100,-22.3414,5.8225,0.3989,32932950,21758650,209828700
2025-12-29 11:52:19,25980.9,26000,2025-12-30,PE,51.4,8.45,-0.5110,0.003200,-21.3759,5.8223,-0.4723,21164850,6209425,336326025
2025-12-29 11:52:26,25980.9,26000,2025-12-30,CE,49.15,8.82,0.4889,0.003100,-22.3022,5.8221,0.3988,32932950,21758650,210040425
2025-12-29 11:52:26,25980.9,26000,2025-12-30,PE,51.8,8.47,-0.5116,0.003200,-21.4139,5.8219,-0.4722,21164850,6209425,336472800
2025-12-29 11:52:31,25980.9,26000,2025-12-30,CE,48.65,8.45,0.5009,0.003200,-21.3881,5.8250,0.3973,32932950,21758650,210381075
2025-12-29 11:52:31,25980.9,26000,2025-12-30,PE,52.15,8.83,-0.4990,0.003100,-22.3532,5.8250,-0.4708,21164850,6209425,336793950
2025-12-29 11:52:36,25981.65,26000,2025-12-30,CE,48.7,8.50,0.4977,0.003200,-21.5034,5.8246,0.3995,32932950,21758650,210539475
2025-12-29 11:52:36,25981.65,26000,2025-12-30,PE,52.25,8.83,-0.5021,0.003100,-22.3527,5.8246,-0.4688,21164850,6209425,336993900
2025-12-29 11:52:42,25981.95,26000,2025-12-30,CE,48.4,8.56,0.4946,0.003200,-21.6564,5.8236,0.4005,32932950,21758650,210801675
2025-12-29 11:52:42,25981.95,26000,2025-12-30,PE,52.95,8.77,-0.5052,0.003100,-22.1969,5.8237,-0.4682,21164850,6209425,337406025
2025-12-29 11:52:47,25981.15,26000,2025-12-30,CE,48.05,8.61,0.4905,0.003200,-21.7675,5.8221,0.3986,32932950,21758650,211211550
2025-12-29 11:52:47,25981.15,26000,2025-12-30,PE,52.95,8.74,-0.5093,0.003100,-22.1150,5.8221,-0.4704,21164850,6209425,337668525
2025-12-29 11:52:52,25980.6,26000,2025-12-30,CE,48.55,8.54,0.4904,0.003200,-21.6135,5.8219,0.3968,32932950,21758650,211454025
2025-12-29 11:52:52,25980.6,26000,2025-12-30,PE,52.55,8.79,-0.5093,0.003100,-22.2315,5.8220,-0.4716,21164850,6209425,337878300
2025-12-29 11:52:58,25981.5,26000,2025-12-30,CE,49.1,8.47,0.4945,0.003200,-21.4263,5.8232,0.3989,32948625,21774325,211586550
2025-12-29 11:52:58,25981.5,26000,2025-12-30,PE,52.05,8.90,-0.5051,0.003100,-22.5075,5.8233,-0.4688,21701850,6746425,338119950
2025-12-29 11:53:03,25980.5,26000,2025-12-30,CE,48.8,8.90,0.4838,0.003100,-22.4883,5.8180,0.3979,32948625,21774325,211673850
2025-12-29 11:53:03,25980.5,26000,2025-12-30,PE,52.3,8.41,-0.5173,0.003200,-21.2516,5.8173,-0.4734,21701850,6746425,338248575
2025-12-29 11:53:09,25981.65,26000,2025-12-30,CE,49.1,8.90,0.4816,0.003100,-22.4830,5.8163,0.4009,32948625,21774325,211811550
2025-12-29 11:53:09,25981.65,26000,2025-12-30,PE,52.3,8.47,-0.5194,0.003200,-21.4006,5.8156,-0.4700,21701850,6746425,338400975
2025-12-29 11:53:14,25982.35,26000,2025-12-30,CE,49.45,8.91,0.4841,0.003100,-22.5289,5.8179,0.4027,32948625,21774325,211887375
2025-12-29 11:53:14,25982.35,26000,2025-12-30,PE,51.8,8.47,-0.5168,0.003200,-21.4081,5.8173,-0.4681,21701850,6746425,338516400
2025-12-29 11:53:19,25980.7,26000,2025-12-30,CE,49.45,8.91,0.4851,0.003100,-22.5317,5.8183,0.3984,32948625,21774325,211977675
2025-12-29 11:53:19,25980.7,26000,2025-12-30,PE,52.05,8.45,-0.5159,0.003200,-21.3723,5.8178,-0.4726,21701850,6746425,338604225
2025-12-29 11:53:25,25982.45,26000,2025-12-30,CE,49.3,8.85,0.4874,0.003100,-22.3832,5.8196,0.4027,32948625,21774325,212071500
2025-12-29 11:53:25,25982.45,26000,2025-12-30,PE,52.1,8.54,-0.5131,0.003200,-21.6104,5.8193,-0.4675,21701850,6746425,338672250
2025-12-29 11:53:30,25984.25,26000,2025-12-30,CE,50.0,8.90,0.4850,0.003100,-22.4942,5.8180,0.4075,32948625,21774325,212200575
2025-12-29 11:53:30,25984.25,26000,2025-12-30,PE,51.25,8.51,-0.5157,0.003200,-21.5280,5.8176,-0.4628,21701850,6746425,338834775
2025-12-29 11:53:36,25982.2,26000,2025-12-30,CE,49.5,8.99,0.4852,0.003000,-22.7266,5.8180,0.4025,32948625,21774325,212334225
2025-12-29 11:53:36,25982.2,26000,2025-12-30,PE,51.8,8.38,-0.5160,0.003300,-21.1807,5.8173,-0.4688,21701850,6746425,338928000
2025-12-29 11:53:41,25983.0,26000,2025-12-30,CE,49.75,8.93,0.4891,0.003100,-22.5811,5.8199,0.4043,32948625,21774325,212390250
2025-12-29 11:53:41,25983.0,26000,2025-12-30,PE,51.75,8.47,-0.5116,0.003200,-21.4219,5.8197,-0.4662,21701850,6746425,339003225
2025-12-29 11:53:47,25982.7,26000,2025-12-30,CE,50.2,8.61,0.4975,0.003200,-21.7811,5.8225,0.4024,32948625,21774325,212474025
2025-12-29 11:53:47,25982.7,26000,2025-12-30,PE,51.1,8.82,-0.5024,0.003100,-22.3217,5.8225,-0.4658,21701850,6746425,339101700
2025-12-29 11:53:52,25983.1,26000,2025-12-30,CE,50.0,8.88,0.4902,0.003100,-22.4690,5.8200,0.4044,32948625,21774325,212607600
2025-12-29 11:53:52,25983.1,26000,2025-12-30,PE,51.45,8.54,-0.5102,0.003200,-21.6190,5.8199,-0.4657,21701850,6746425,339202575
2025-12-29 11:53:57,25983.85,26000,2025-12-30,CE,50.1,8.94,0.4879,0.003100,-22.6196,5.8188,0.4065,32948625,21774325,212669925
2025-12-29 11:53:57,25983.85,26000,2025-12-30,PE,51.45,8.53,-0.5128,0.003200,-21.5762,5.8185,-0.4637,21701850,6746425,339246675
2025-12-29 11:54:03,25982.65,26000,2025-12-30,CE,50.05,8.97,0.4882,0.003000,-22.6981,5.8188,0.4035,32948625,21774325,212758725
2025-12-29 11:54:03,25982.65,26000,2025-12-30,PE,51.65,8.48,-0.5126,0.003200,-21.4615,5.8184,-0.4670,21701850,6746425,339305175
2025-12-29 11:54:08,25983.45,26000,2025-12-30,CE,49.95,8.94,0.4885,0.003100,-22.6221,5.8187,0.4054,32948625,21774325,212846100
2025-12-29 11:54:08,25983.45,26000,2025-12-30,PE,51.7,8.51,-0.5122,0.003200,-21.5400,5.8185,-0.4648,21701850,6746425,339369075
2025-12-29 11:54:14,25982.85,26000,2025-12-30,CE,50.1,8.56,0.5010,0.003200,-21.6699,5.8219,0.4026,32948625,21774325,212897550
2025-12-29 11:54:14,25982.85,26000,2025-12-30,PE,51.5,8.88,-0.4990,0.003100,-22.4810,5.8219,-0.4651,21701850,6746425,339427500
2025-12-29 11:54:19,25983.25,26000,2025-12-30,CE,49.85,8.94,0.4885,0.003100,-22.6232,5.8185,0.4048,32948625,21774325,212967450
2025-12-29 11:54:19,25983.25,26000,2025-12-30,PE,51.65,8.48,-0.5123,0.003200,-21.4638,5.8182,-0.4654,21701850,6746425,339477000
2025-12-29 11:54:24,25983.2,26000,2025-12-30,CE,50.15,8.58,0.5006,0.003200,-21.7095,5.8216,0.4035,32948625,21774325,213012000
2025-12-29 11:54:24,25983.2,26000,2025-12-30,PE,51.5,8.88,-0.4993,0.003100,-22.4821,5.8216,-0.4641,21701850,6746425,339527925
2025-12-29 11:54:30,25982.5,26000,2025-12-30,CE,50.0,8.96,0.4888,0.003100,-22.6635,5.8183,0.4029,32948625,21774325,213109575
2025-12-29 11:54:30,25982.5,26000,2025-12-30,PE,51.65,8.45,-0.5120,0.003200,-21.3882,5.8180,-0.4675,21701850,6746425,339574275
2025-12-29 11:54:35,25983.25,26000,2025-12-30,CE,49.6,8.58,0.5010,0.003200,-21.7107,5.8214,0.4036,32948625,21774325,213150300
2025-12-29 11:54:35,25983.25,26000,2025-12-30,PE,51.95,8.88,-0.4990,0.003100,-22.4833,5.8214,-0.4640,21701850,6746425,339645450
2025-12-29 11:54:41,25983.4,26000,2025-12-30,CE,49.3,8.85,0.4889,0.003100,-22.3947,5.8181,0.4049,32948625,21774325,213216225
2025-12-29 11:54:41,25983.4,26000,2025-12-30,PE,52.5,8.61,-0.5114,0.003200,-21.7763,5.8180,-0.4644,21701850,6746425,339719175
2025-12-29 11:54:46,25981.8,26000,2025-12-30,CE,49.55,8.59,0.4975,0.003200,-21.7491,5.8207,0.3997,32948625,21774325,213273900
2025-12-29 11:54:46,25981.8,26000,2025-12-30,PE,52.05,8.88,-0.5024,0.003100,-22.4831,5.8207,-0.4677,21701850,6746425,339816975
2025-12-29 11:54:52,25983.8,26000,2025-12-30,CE,49.45,8.87,0.4887,0.003100,-22.4339,5.8177,0.4059,32948625,21774325,213299475
2025-12-29 11:54:52,25983.8,26000,2025-12-30,PE,52.25,8.62,-0.5117,0.003200,-21.8155,5.8175,-0.4633,21701850,6746425,339917850
2025-12-29 11:54:57,25983.35,26000,2025-12-30,CE,49.4,8.71,0.4947,0.003100,-22.0576,5.8197,0.4042,32948625,21774325,213376875
2025-12-29 11:54:57,25983.35,26000,2025-12-30,PE,52.15,8.76,-0.5053,0.003100,-22.1735,5.8197,-0.4640,21701850,6746425,340035825
2025-12-29 11:55:03,25982.25,26000,2025-12-30,CE,49.45,8.85,0.4886,0.003100,-22.3970,5.8172,0.4018,32948625,21774325,213444000
2025-12-29 11:55:03,25982.25,26000,2025-12-30,PE,52.15,8.61,-0.5117,0.003200,-21.7785,5.8171,-0.4674,21701850,6746425,340097775
2025-12-29 11:55:08,25982.75,26000,2025-12-30,CE,49.7,8.90,0.4859,0.003100,-22.5077,5.8156,0.4032,32948625,21774325,213510900
2025-12-29 11:55:08,25982.75,26000,2025-12-30,PE,52.15,8.56,-0.5147,0.003200,-21.6571,5.8153,-0.4662,21701850,6746425,340183875
2025-12-29 11:55:14,25983.0,26000,2025-12-30,CE,49.7,8.70,0.4937,0.003100,-22.0196,5.8190,0.4032,32948625,21774325,213562725
2025-12-29 11:55:14,25983.0,26000,2025-12-30,PE,51.9,8.76,-0.5062,0.003100,-22.1741,5.8190,-0.4649,21701850,6746425,340243500
2025-12-29 11:55:19,25981.7,26000,2025-12-30,CE,49.45,8.73,0.4938,0.003100,-22.0974,5.8188,0.3998,32948625,21774325,213597825
2025-12-29 11:55:19,25981.7,26000,2025-12-30,PE,52.15,8.71,-0.5062,0.003100,-22.0587,5.8188,-0.4684,21701850,6746425,340271175
2025-12-29 11:55:24,25982.25,26000,2025-12-30,CE,49.15,8.53,0.5006,0.003200,-21.6002,5.8199,0.4005,32948625,21774325,213746250
2025-12-29 11:55:24,25982.25,26000,2025-12-30,PE,52.55,8.96,-0.4993,0.003100,-22.6821,5.8199,-0.4661,21701850,6746425,340403700
2025-12-29 11:55:30,25981.8,26000,2025-12-30,CE,49.25,8.45,0.5009,0.003200,-21.4076,5.8197,0.3990,32948625,21774325,213803175
2025-12-29 11:55:30,25981.8,26000,2025-12-30,PE,52.7,9.03,-0.4990,0.003000,-22.8759,5.8198,-0.4670,21701850,6746425,340467675
2025-12-29 11:55:35,25982.95,26000,2025-12-30,CE,48.95,8.79,0.4888,0.003100,-22.2463,5.8165,0.4033,32948625,21774325,213864075
2025-12-29 11:55:35,25982.95,26000,2025-12-30,PE,52.8,8.67,-0.5113,0.003200,-21.9370,5.8164,-0.4652,21701850,6746425,340562475
2025-12-29 11:55:41,25982.9,26000,2025-12-30,CE,49.15,8.39,0.5013,0.003300,-21.2541,5.8195,0.4017,32948625,21774325,213917175
2025-12-29 11:55:41,25982.9,26000,2025-12-30,PE,52.6,9.11,-0.4987,0.003000,-23.0703,5.8195,-0.4639,21701850,6746425,340636800
2025-12-29 11:55:46,25981.4,26000,2025-12-30,CE,49.15,8.41,0.5022,0.003300,-21.2933,5.8193,0.3977,32948625,21774325,213956850
2025-12-29 11:55:46,25981.4,26000,2025-12-30,PE,52.7,9.11,-0.4978,0.003000,-23.0709,5.8193,-0.4676,21701850,6746425,340689300
2025-12-29 11:55:51,25981.4,26000,2025-12-30,CE,49.25,8.80,0.4886,0.003100,-22.2860,5.8159,0.3992,32948625,21774325,214002750
2025-12-29 11:55:51,25981.4,26000,2025-12-30,PE,52.65,8.71,-0.5116,0.003100,-22.0540,5.8158,-0.4691,21701850,6746425,340743225
2025-12-29 11:55:57,25980.9,26000,2025-12-30,CE,49.15,8.94,0.4833,0.003100,-22.6220,5.8126,0.3984,32948625,21774325,214024350
2025-12-29 11:55:57,25980.9,26000,2025-12-30,PE,52.6,8.56,-0.5176,0.003200,-21.6549,5.8121,-0.4710,21701850,6746425,340799700
2025-12-29 11:56:02,25979.95,26000,2025-12-30,CE,49.05,8.91,0.4847,0.003100,-22.5497,5.8133,0.3958,33057825,21883525,214111500
2025-12-29 11:56:02,25979.95,26000,2025-12-30,PE,52.65,8.61,-0.5159,0.003200,-21.7761,5.8130,-0.4733,22144650,7189225,340941750
2025-12-29 11:56:08,25981.5,26000,2025-12-30,CE,49.5,8.48,0.5006,0.003200,-21.4891,5.8186,0.3982,33057825,21883525,214200750
2025-12-29 11:56:08,25981.5,26000,2025-12-30,PE,52.4,9.03,-0.4993,0.003000,-22.8804,5.8186,-0.4676,22144650,7189225,341035050
2025-12-29 11:56:13,25981.95,26000,2025-12-30,CE,49.45,8.53,0.5010,0.003200,-21.6056,5.8184,0.3995,33057825,21883525,214234950
2025-12-29 11:56:13,25981.95,26000,2025-12-30,PE,52.5,8.97,-0.4990,0.003000,-22.7265,5.8184,-0.4666,22144650,7189225,341142150
2025-12-29 11:56:18,25982.45,26000,2025-12-30,CE,49.25,8.68,0.4944,0.003200,-21.9888,5.8173,0.4014,33057825,21883525,214270350
2025-12-29 11:56:18,25982.45,26000,2025-12-30,PE,52.45,8.85,-0.5055,0.003100,-22.4140,5.8173,-0.4657,22144650,7189225,341195175
2025-12-29 11:56:24,25981.75,26000,2025-12-30,CE,49.3,8.82,0.4886,0.003100,-22.3286,5.8149,0.4000,33057825,21883525,214284375
2025-12-29 11:56:24,25981.75,26000,2025-12-30,PE,52.65,8.71,-0.5116,0.003100,-22.0579,5.8148,-0.4680,22144650,7189225,341228550
2025-12-29 11:56:29,25980.65,26000,2025-12-30,CE,49.25,8.64,0.4937,0.003200,-21.8732,5.8168,0.3964,33057825,21883525,214307850
2025-12-29 11:56:29,25980.65,26000,2025-12-30,PE,52.6,8.85,-0.5061,0.003100,-22.4144,5.8168,-0.4703,22144650,7189225,341270625
2025-12-29 11:56:35,25980.85,26000,2025-12-30,CE,48.9,8.90,0.4856,0.003100,-22.5166,5.8130,0.3980,33057825,21883525,214370550
2025-12-29 11:56:35,25980.85,26000,2025-12-30,PE,52.75,8.61,-0.5149,0.003200,-21.7816,5.8127,-0.4708,22144650,7189225,341325525
2025-12-29 11:56:40,25982.95,26000,2025-12-30,CE,48.8,8.74,0.4885,0.003100,-22.1369,5.8144,0.4028,33057825,21883525,214422975
2025-12-29 11:56:40,25982.95,26000,2025-12-30,PE,52.85,8.74,-0.5115,0.003100,-22.1369,5.8144,-0.4647,22144650,7189225,341373525
2025-12-29 11:56:45,25982.5,26000,2025-12-30,CE,48.7,8.58,0.4959,0.003200,-21.7224,5.8169,0.4011,33057825,21883525,214469850
2025-12-29 11:56:45,25982.5,26000,2025-12-30,PE,53.05,8.94,-0.5039,0.003100,-22.6502,5.8170,-0.4652,22144650,7189225,341532525
2025-12-29 11:56:51,25980.75,26000,2025-12-30,CE,48.45,8.53,0.4965,0.003200,-21.6075,5.8169,0.3962,33057825,21883525,214600350
2025-12-29 11:56:51,25980.75,26000,2025-12-30,PE,53.3,8.97,-0.5033,0.003000,-22.7285,5.8169,-0.4695,22144650,7189225,341782800
2025-12-29 11:56:56,25980.95,26000,2025-12-30,CE,48.4,8.61,0.4892,0.003200,-21.7922,5.8143,0.3970,33057825,21883525,214669725
2025-12-29 11:56:56,25980.95,26000,2025-12-30,PE,53.4,8.91,-0.5104,0.003100,-22.5656,5.8145,-0.4692,22144650,7189225,341918625
2025-12-29 11:57:02,25979.8,26000,2025-12-30,CE,48.45,8.39,0.4977,0.003300,-21.2615,5.8168,0.3929,33057825,21883525,214720575
2025-12-29 11:57:02,25979.8,26000,2025-12-30,PE,53.45,9.12,-0.5020,0.003000,-23.1171,5.8169,-0.4713,22144650,7189225,342019050
2025-12-29 11:57:07,25980.45,26000,2025-12-30,CE,48.5,8.76,0.4854,0.003100,-22.1718,5.8120,0.3962,33057825,21883525,214776975
2025-12-29 11:57:07,25980.45,26000,2025-12-30,PE,53.35,8.76,-0.5146,0.003100,-22.1718,5.8120,-0.4711,22144650,7189225,342144000
2025-12-29 11:57:13,25978.9,26000,2025-12-30,CE,48.0,8.96,0.4793,0.003100,-22.6581,5.8073,0.3931,33057825,21883525,214954725
2025-12-29 11:57:13,25978.9,26000,2025-12-30,PE,54.2,8.54,-0.5218,0.003200,-21.6127,5.8065,-0.4761,22144650,7189225,342413175
2025-12-29 11:57:18,25978.8,26000,2025-12-30,CE,47.45,8.79,0.4826,0.003100,-22.2438,5.8097,0.3920,33057825,21883525,215403450
2025-12-29 11:57:18,25978.8,26000,2025-12-30,PE,54.55,8.74,-0.5175,0.003100,-22.1277,5.8097,-0.4754,22144650,7189225,342723675
2025-12-29 11:57:23,25976.5,26000,2025-12-30,CE,47.15,8.76,0.4794,0.003100,-22.1579,5.8071,0.3859,33057825,21883525,215602950
2025-12-29 11:57:23,25976.5,26000,2025-12-30,PE,54.8,8.77,-0.5205,0.003100,-22.1965,5.8072,-0.4813,22144650,7189225,342987375
2025-12-29 11:57:29,25977.3,26000,2025-12-30,CE,47.45,8.47,0.4877,0.003200,-21.4456,5.8126,0.3864,33057825,21883525,215875275
2025-12-29 11:57:29,25977.3,26000,2025-12-30,PE,54.85,9.09,-0.5113,0.003000,-23.0315,5.8130,-0.4776,22144650,7189225,343271250
2025-12-29 11:57:35,25978.5,26000,2025-12-30,CE,47.5,8.51,0.4858,0.003200,-21.5582,5.8114,0.3898,33057825,21883525,215952150
2025-12-29 11:57:35,25978.5,26000,2025-12-30,PE,54.75,9.03,-0.5132,0.003000,-22.8736,5.8119,-0.4748,22144650,7189225,343424625
2025-12-29 11:57:40,25978.15,26000,2025-12-30,CE,47.35,8.83,0.4762,0.003100,-22.3416,5.8038,0.3904,33057825,21883525,216037950
2025-12-29 11:57:40,25978.15,26000,2025-12-30,PE,54.95,8.70,-0.5242,0.003100,-21.9929,5.8035,-0.4772,22144650,7189225,343644375
2025-12-29 11:57:46,25979.0,26000,2025-12-30,CE,47.9,8.82,0.4762,0.003100,-22.3034,5.8037,0.3926,33057825,21883525,216114675
2025-12-29 11:57:46,25979.0,26000,2025-12-30,PE,54.55,8.71,-0.5241,0.003100,-22.0322,5.8034,-0.4749,22144650,7189225,343827000
2025-12-29 11:57:52,25978.3,26000,2025-12-30,CE,47.9,8.97,0.4736,0.003000,-22.6796,5.8009,0.3914,33057825,21883525,216216600
2025-12-29 11:57:52,25978.3,26000,2025-12-30,PE,54.3,8.59,-0.5277,0.003200,-21.7106,5.7997,-0.4773,22144650,7189225,343968975
2025-12-29 11:57:57,25977.95,26000,2025-12-30,CE,48.2,8.71,0.4831,0.003100,-22.0559,5.8090,0.3893,33057825,21883525,216286350
2025-12-29 11:57:57,25977.95,26000,2025-12-30,PE,54.25,8.87,-0.5166,0.003100,-22.4429,5.8092,-0.4769,22144650,7189225,344295150
2025-12-29 11:58:04,25978.6,26000,2025-12-30,CE,47.7,8.70,0.4830,0.003100,-22.0183,5.8087,0.3909,33057825,21883525,216450075
2025-12-29 11:58:04,25978.6,26000,2025-12-30,PE,54.75,8.88,-0.5166,0.003100,-22.4827,5.8090,-0.4751,22144650,7189225,344545800
2025-12-29 11:58:09,25978.15,26000,2025-12-30,CE,47.7,8.91,0.4737,0.003100,-22.5281,5.8004,0.3907,33057825,21883525,216507525
2025-12-29 11:58:09,25978.15,26000,2025-12-30,PE,54.95,8.70,-0.5270,0.003100,-21.9854,5.7998,-0.4771,22144650,7189225,344657175
2025-12-29 11:58:14,25978.8,26000,2025-12-30,CE,47.55,8.44,0.4919,0.003200,-21.3799,5.8131,0.3901,33057825,21883525,216545700
2025-12-29 11:58:14,25978.8,26000,2025-12-30,PE,54.95,9.19,-0.5073,0.003000,-23.2752,5.8134,-0.4732,22144650,7189225,344729550
2025-12-29 11:58:20,25978.65,26000,2025-12-30,CE,47.95,8.44,0.4925,0.003200,-21.3813,5.8132,0.3897,33057825,21883525,216596700
2025-12-29 11:58:20,25978.65,26000,2025-12-30,PE,54.55,9.19,-0.5067,0.003000,-23.2766,5.8134,-0.4736,22144650,7189225,344831475
2025-12-29 11:58:25,25981.55,26000,2025-12-30,CE,48.4,8.79,0.4820,0.003100,-22.2494,5.8074,0.3989,33057825,21883525,216639975
2025-12-29 11:58:25,25981.55,26000,2025-12-30,PE,54.05,8.83,-0.5179,0.003100,-22.3655,5.8074,-0.4676,22144650,7189225,344935950
2025-12-29 11:58:31,25981.4,26000,2025-12-30,CE,48.65,9.00,0.4755,0.003000,-22.7689,5.8016,0.3993,33057825,21883525,216743775
2025-12-29 11:58:31,25981.4,26000,2025-12-30,PE,53.8,8.62,-0.5257,0.003200,-21.8000,5.8006,-0.4688,22144650,7189225,345107625
2025-12-29 11:58:36,25982.15,26000,2025-12-30,CE,48.7,9.00,0.4764,0.003000,-22.7728,5.8024,0.4012,33057825,21883525,216818025
2025-12-29 11:58:36,25982.15,26000,2025-12-30,PE,53.7,8.62,-0.5247,0.003200,-21.8041,5.8014,-0.4667,22144650,7189225,345212850
2025-12-29 11:58:42,25982.7,26000,2025-12-30,CE,48.5,8.42,0.4977,0.003200,-21.3495,5.8139,0.4005,33057825,21883525,216858975
2025-12-29 11:58:42,25982.7,26000,2025-12-30,PE,53.95,9.17,-0.5020,0.003000,-23.2447,5.8139,-0.4635,22144650,7189225,345283800
2025-12-29 11:58:47,25982.0,26000,2025-12-30,CE,48.55,8.41,0.4987,0.003300,-21.3118,5.8139,0.3986,33057825,21883525,216911625
2025-12-29 11:58:47,25982.0,26000,2025-12-30,PE,53.8,9.20,-0.5011,0.003000,-23.3231,5.8139,-0.4651,22144650,7189225,345350325
2025-12-29 11:58:53,25981.95,26000,2025-12-30,CE,48.65,8.99,0.4797,0.003000,-22.7479,5.8047,0.4005,33057825,21883525,217026825
2025-12-29 11:58:53,25981.95,26000,2025-12-30,PE,53.9,8.64,-0.5212,0.003200,-21.8570,5.8040,-0.4671,22144650,7189225,345504375
2025-12-29 11:58:58,25981.45,26000,2025-12-30,CE,48.7,8.48,0.4971,0.003200,-21.5060,5.8132,0.3973,32957175,21782875,217071750
2025-12-29 11:58:58,25981.45,26000,2025-12-30,PE,53.8,9.17,-0.5026,0.003000,-23.2467,5.8133,-0.4665,22309450,7354025,345559275
2025-12-29 11:59:04,25982.45,26000,2025-12-30,CE,49.0,8.41,0.4993,0.003300,-21.3142,5.8134,0.3997,32957175,21782875,217196175
2025-12-29 11:59:04,25982.45,26000,2025-12-30,PE,53.3,9.20,-0.5005,0.003000,-23.3257,5.8134,-0.4639,22309450,7354025,345707850
2025-12-29 11:59:09,25982.2,26000,2025-12-30,CE,48.8,8.51,0.4977,0.003200,-21.5848,5.8130,0.3994,32957175,21782875,217281750
2025-12-29 11:59:09,25982.2,26000,2025-12-30,PE,53.85,9.06,-0.5020,0.003000,-22.9775,5.8130,-0.4649,22309450,7354025,345799275
2025-12-29 11:59:15,25981.4,26000,2025-12-30,CE,48.5,8.82,0.4864,0.003100,-22.3432,5.8088,0.3984,32957175,21782875,217335900
2025-12-29 11:59:15,25981.4,26000,2025-12-30,PE,54.0,8.82,-0.5136,0.003100,-22.3432,5.8088,-0.4678,22309450,7354025,345861975
2025-12-29 11:59:20,25981.25,26000,2025-12-30,CE,48.6,8.77,0.4863,0.003100,-22.2277,5.8086,0.3978,32957175,21782875,217380225
2025-12-29 11:59:20,25981.25,26000,2025-12-30,PE,53.95,8.88,-0.5135,0.003100,-22.4986,5.8087,-0.4680,22309450,7354025,345909450
2025-12-29 11:59:25,25981.3,26000,2025-12-30,CE,48.55,8.79,0.4854,0.003100,-22.2649,5.8079,0.3980,32957175,21782875,217431375
2025-12-29 11:59:25,25981.3,26000,2025-12-30,PE,53.9,8.82,-0.5145,0.003100,-22.3422,5.8079,-0.4680,22309450,7354025,345961800
2025-12-29 11:59:31,25979.75,26000,2025-12-30,CE,48.75,8.97,0.4784,0.003000,-22.7091,5.8026,0.3947,32957175,21782875,217453875
2025-12-29 11:59:31,25979.75,26000,2025-12-30,PE,54.0,8.64,-0.5225,0.003200,-21.8567,5.8019,-0.4728,22309450,7354025,346012650
2025-12-29 11:59:36,25981.2,26000,2025-12-30,CE,48.4,8.93,0.4811,0.003100,-22.6022,5.8046,0.3982,32957175,21782875,217496025
2025-12-29 11:59:36,25981.2,26000,2025-12-30,PE,54.2,8.70,-0.5195,0.003100,-22.0211,5.8042,-0.4687,22309450,7354025,346059600
2025-12-29 11:59:42,25979.9,26000,2025-12-30,CE,48.2,8.53,0.4936,0.003200,-21.6233,5.8112,0.3932,32957175,21782875,217591125
2025-12-29 11:59:42,25979.9,26000,2025-12-30,PE,54.4,9.12,-0.5059,0.003000,-23.1323,5.8113,-0.4704,22309450,7354025,346155900
2025-12-29 11:59:47,25980.4,26000,2025-12-30,CE,48.0,8.71,0.4853,0.003100,-22.0734,5.8072,0.3953,32957175,21782875,217672950
2025-12-29 11:59:47,25980.4,26000,2025-12-30,PE,54.8,8.93,-0.5143,0.003100,-22.6155,5.8075,-0.4698,22309450,7354025,346218150
2025-12-29 11:59:53,25977.9,26000,2025-12-30,CE,47.75,8.62,0.4883,0.003200,-21.8489,5.8086,0.3882,32957175,21782875,217775325
2025-12-29 11:59:53,25977.9,26000,2025-12-30,PE,54.8,9.06,-0.5111,0.003000,-22.9715,5.8089,-0.4756,22309450,7354025,346428225
2025-12-29 11:59:58,25978.15,26000,2025-12-30,CE,47.7,8.59,0.4888,0.003200,-21.7732,5.8088,0.3887,32957175,21782875,217827900
2025-12-29 11:59:58,25978.15,26000,2025-12-30,PE,54.95,9.09,-0.5104,0.003000,-23.0506,5.8091,-0.4749,22309450,7354025,346544325
2025-12-29 12:00:03,25979.35,26000,2025-12-30,CE,47.8,8.42,0.4928,0.003300,-21.3543,5.8102,0.3911,32957175,21782875,217884000
2025-12-29 12:00:03,25979.35,26000,2025-12-30,PE,54.7,9.22,-0.5064,0.003000,-23.3667,5.8104,-0.4713,22309450,7354025,346667175
2025-12-29 12:00:10,25979.5,26000,2025-12-30,CE,47.9,8.67,0.4852,0.003200,-21.9601,5.8064,0.3926,32957175,21782875,217934775
2025-12-29 12:00:10,25979.5,26000,2025-12-30,PE,54.5,8.91,-0.5144,0.003100,-22.5796,5.8067,-0.4721,22309450,7354025,346750200
2025-12-29 12:00:15,25979.8,26000,2025-12-30,CE,48.0,8.54,0.4888,0.003200,-21.6588,5.8083,0.3928,32957175,21782875,218049000
2025-12-29 12:00:15,25979.8,26000,2025-12-30,PE,54.3,9.08,-0.5104,0.003000,-23.0136,5.8086,-0.4707,22309450,7354025,346826850
2025-12-29 12:00:21,25978.95,26000,2025-12-30,CE,47.6,8.87,0.4800,0.003100,-22.4495,5.8025,0.3920,32957175,21782875,218129625
2025-12-29 12:00:21,25978.95,26000,2025-12-30,PE,54.8,8.76,-0.5203,0.003100,-22.1783,5.8023,-0.4742,22309450,7354025,346944750
2025-12-29 12:00:26,25977.7,26000,2025-12-30,CE,47.75,8.77,0.4823,0.003100,-22.2250,5.8040,0.3883,32957175,21782875,218198850
2025-12-29 12:00:26,25977.7,26000,2025-12-30,PE,54.75,8.82,-0.5176,0.003100,-22.3411,5.8041,-0.4771,22309450,7354025,347039175
2025-12-29 12:00:31,25976.75,26000,2025-12-30,CE,47.8,8.71,0.4821,0.003100,-22.0706,5.8038,0.3855,32957175,21782875,218250375
2025-12-29 12:00:31,25976.75,26000,2025-12-30,PE,54.7,8.91,-0.5174,0.003100,-22.5741,5.8041,-0.4791,22309450,7354025,347126400
2025-12-29 12:00:37,25979.7,26000,2025-12-30,CE,47.8,8.64,0.4851,0.003200,-21.8854,5.8057,0.3929,32957175,21782875,218321700
2025-12-29 12:00:37,25979.7,26000,2025-12-30,PE,54.45,8.97,-0.5143,0.003100,-22.7374,5.8060,-0.4713,22309450,7354025,347218200
2025-12-29 12:00:42,25980.2,26000,2025-12-30,CE,48.25,8.80,0.4792,0.003100,-22.2949,5.8012,0.3949,32957175,21782875,218454900
2025-12-29 12:00:42,25980.2,26000,2025-12-30,PE,54.3,8.80,-0.5208,0.003100,-22.2948,5.8013,-0.4707,22309450,7354025,347326725
2025-12-29 12:00:48,25980.6,26000,2025-12-30,CE,48.55,8.96,0.4765,0.003100,-22.6731,5.7986,0.3965,32957175,21782875,218564250
2025-12-29 12:00:48,25980.6,26000,2025-12-30,PE,53.7,8.64,-0.5244,0.003200,-21.8588,5.7978,-0.4702,22309450,7354025,347496750
2025-12-29 12:00:53,25980.85,26000,2025-12-30,CE,48.75,8.97,0.4772,0.003000,-22.7146,5.7990,0.3972,32957175,21782875,218726475
2025-12-29 12:00:53,25980.85,26000,2025-12-30,PE,53.45,8.58,-0.5239,0.003200,-21.7065,5.7981,-0.4698,22309450,7354025,347635200
2025-12-29 12:00:59,25979.4,26000,2025-12-30,CE,48.9,8.99,0.4797,0.003000,-22.7622,5.8010,0.3935,32957175,21782875,218789100
2025-12-29 12:00:59,25979.4,26000,2025-12-30,PE,53.3,8.58,-0.5214,0.003200,-21.7157,5.8002,-0.4736,22309450,7354025,347704725
2025-12-29 12:01:04,25981.2,26000,2025-12-30,CE,48.85,8.88,0.4831,0.003100,-22.5023,5.8035,0.3977,32957175,21782875,218931975
2025-12-29 12:01:04,25981.2,26000,2025-12-30,PE,53.2,8.71,-0.5173,0.003100,-22.0761,5.8032,-0.4683,22309450,7354025,347849550
2025-12-29 12:01:10,25981.25,26000,2025-12-30,CE,48.8,8.87,0.4825,0.003100,-22.4624,5.8029,0.3978,32957175,21782875,219032550
2025-12-29 12:01:10,25981.25,26000,2025-12-30,PE,53.0,8.67,-0.5180,0.003200,-21.9587,5.8026,-0.4683,22309450,7354025,348061950
2025-12-29 12:01:15,25982.1,26000,2025-12-30,CE,49.2,8.93,0.4814,0.003100,-22.6145,5.8019,0.4001,32957175,21782875,219152550
2025-12-29 12:01:15,25982.1,26000,2025-12-30,PE,52.45,8.56,-0.5195,0.003200,-21.6844,5.8013,-0.4664,22309450,7354025,348221850
2025-12-29 12:01:20,25982.2,26000,2025-12-30,CE,48.95,8.97,0.4815,0.003100,-22.7313,5.8018,0.4005,32957175,21782875,219258525
2025-12-29 12:01:20,25982.2,26000,2025-12-30,PE,52.8,8.50,-0.5197,0.003200,-21.5299,5.8010,-0.4664,22309450,7354025,348367650
2025-12-29 12:01:26,25981.7,26000,2025-12-30,CE,48.75,8.96,0.4836,0.003100,-22.6991,5.8032,0.3992,32957175,21782875,219347850
2025-12-29 12:01:26,25981.7,26000,2025-12-30,PE,53.05,8.56,-0.5173,0.003200,-21.6917,5.8027,-0.4675,22309450,7354025,348458475
2025-12-29 12:01:31,25980.2,26000,2025-12-30,CE,49.05,8.88,0.4856,0.003100,-22.5113,5.8043,0.3950,32957175,21782875,219415575
2025-12-29 12:01:31,25980.2,26000,2025-12-30,PE,52.75,8.65,-0.5149,0.003200,-21.9302,5.8041,-0.4711,22309450,7354025,348510075
2025-12-29 12:01:37,25979.8,26000,2025-12-30,CE,49.2,8.91,0.4838,0.003100,-22.5848,5.8030,0.3941,32957175,21782875,219480225
2025-12-29 12:01:37,25979.8,26000,2025-12-30,PE,52.65,8.58,-0.5169,0.003200,-21.7324,5.8026,-0.4724,22309450,7354025,348586500
2025-12-29 12:01:42,25980.05,26000,2025-12-30,CE,49.05,8.97,0.4824,0.003100,-22.7362,5.8019,0.3949,32957175,21782875,219544800
2025-12-29 12:01:42,25980.05,26000,2025-12-30,PE,52.95,8.54,-0.5186,0.003200,-21.6511,5.8013,-0.4719,22309450,7354025,348637275
2025-12-29 12:01:47,25980.25,26000,2025-12-30,CE,49.0,8.96,0.4830,0.003100,-22.6998,5.8022,0.3954,32957175,21782875,219586275
2025-12-29 12:01:47,25980.25,26000,2025-12-30,PE,52.75,8.54,-0.5180,0.003200,-21.6534,5.8016,-0.4713,22309450,7354025,348666375
2025-12-29 12:01:53,25979.8,26000,2025-12-30,CE,49.3,8.90,0.4856,0.003100,-22.5529,5.8036,0.3940,32957175,21782875,219699450
2025-12-29 12:01:53,25979.8,26000,2025-12-30,PE,52.35,8.64,-0.5149,0.003200,-21.8942,5.8033,-0.4721,22309450,7354025,348771600
2025-12-29 12:01:58,25981.15,26000,2025-12-30,CE,49.25,8.88,0.4859,0.003100,-22.5154,5.8036,0.3973,33144525,21970225,219746025
2025-12-29 12:01:58,25981.15,26000,2025-12-30,PE,52.5,8.62,-0.5146,0.003200,-21.8568,5.8034,-0.4686,22390450,7435025,348838500
2025-12-29 12:02:04,25980.35,26000,2025-12-30,CE,49.1,8.91,0.4856,0.003100,-22.5928,5.8033,0.3954,33144525,21970225,219832500
2025-12-29 12:02:04,25980.35,26000,2025-12-30,PE,52.7,8.59,-0.5150,0.003200,-21.7791,5.8030,-0.4708,22390450,7435025,348919725
2025-12-29 12:02:09,25981.0,26000,2025-12-30,CE,49.05,8.96,0.4830,0.003100,-22.7027,5.8014,0.3972,33144525,21970225,219891825
2025-12-29 12:02:09,25981.0,26000,2025-12-30,PE,52.6,8.54,-0.5180,0.003200,-21.6562,5.8009,-0.4692,22390450,7435025,348956550
2025-12-29 12:02:15,25980.85,26000,2025-12-30,CE,49.0,8.93,0.4835,0.003100,-22.6274,5.8017,0.3967,33144525,21970225,219927600
2025-12-29 12:02:15,25980.85,26000,2025-12-30,PE,52.6,8.58,-0.5173,0.003200,-21.7359,5.8012,-0.4695,22390450,7435025,348977100
2025-12-29 12:02:20,25980.8,26000,2025-12-30,CE,49.0,8.94,0.4823,0.003100,-22.6634,5.8007,0.3966,33144525,21970225,219955725
2025-12-29 12:02:20,25980.8,26000,2025-12-30,PE,52.45,8.56,-0.5186,0.003200,-21.6943,5.8001,-0.4697,22390450,7435025,349012275
2025-12-29 12:02:26,25981.1,26000,2025-12-30,CE,49.0,8.94,0.4823,0.003100,-22.6639,5.8005,0.3973,33144525,21970225,220002600
2025-12-29 12:02:26,25981.1,26000,2025-12-30,PE,52.45,8.53,-0.5186,0.003200,-21.6173,5.7999,-0.4689,22390450,7435025,349060800
2025-12-29 12:02:31,25981.6,26000,2025-12-30,CE,48.85,8.96,0.4830,0.003100,-22.7050,5.8008,0.3987,33144525,21970225,220035750
2025-12-29 12:02:31,25981.6,26000,2025-12-30,PE,52.6,8.50,-0.5181,0.003200,-21.5421,5.8002,-0.4677,22390450,7435025,349091700
2025-12-29 12:02:37,25978.85,26000,2025-12-30,CE,48.7,8.90,0.4834,0.003100,-22.5521,5.8010,0.3913,33144525,21970225,220070850
2025-12-29 12:02:37,25978.85,26000,2025-12-30,PE,53.0,8.59,-0.5172,0.003200,-21.7769,5.8006,-0.4746,22390450,7435025,349124850
2025-12-29 12:02:42,25979.95,26000,2025-12-30,CE,48.6,8.82,0.4854,0.003100,-22.3643,5.8022,0.3938,33144525,21970225,220143375
2025-12-29 12:02:42,25979.95,26000,2025-12-30,PE,53.15,8.65,-0.5149,0.003200,-21.9380,5.8020,-0.4714,22390450,7435025,349173675
2025-12-29 12:02:48,25981.2,26000,2025-12-30,CE,48.7,8.87,0.4824,0.003100,-22.4732,5.8001,0.3972,33144525,21970225,220176750
2025-12-29 12:02:48,25981.2,26000,2025-12-30,PE,52.85,8.65,-0.5180,0.003200,-21.9305,5.7998,-0.4681,22390450,7435025,349203075
2025-12-29 12:02:53,25980.05,26000,2025-12-30,CE,48.85,8.85,0.4830,0.003100,-22.4373,5.8002,0.3942,33144525,21970225,220252350
2025-12-29 12:02:53,25980.05,26000,2025-12-30,PE,52.85,8.65,-0.5174,0.003200,-21.9333,5.7999,-0.4711,22390450,7435025,349291050
2025-12-29 12:02:58,25980.2,26000,2025-12-30,CE,48.8,8.99,0.4800,0.003000,-22.7769,5.7977,0.3951,33144525,21970225,220274550
2025-12-29 12:02:58,25980.2,26000,2025-12-30,PE,52.95,8.51,-0.5213,0.003200,-21.5747,5.7968,-0.4713,22390450,7435025,349317000
2025-12-29 12:03:04,25979.55,26000,2025-12-30,CE,48.7,8.97,0.4805,0.003100,-22.7406,5.7980,0.3933,33144525,21970225,220294725
2025-12-29 12:03:04,25979.55,26000,2025-12-30,PE,53.0,8.53,-0.5206,0.003200,-21.6160,5.7972,-0.4729,22390450,7435025,349350000
2025-12-29 12:03:09,25980.1,26000,2025-12-30,CE,48.8,8.76,0.4878,0.003100,-22.2180,5.8027,0.3939,33144525,21970225,220337025
2025-12-29 12:03:09,25980.1,26000,2025-12-30,PE,52.9,8.73,-0.5122,0.003100,-22.1405,5.8026,-0.4706,22390450,7435025,349391775
2025-12-29 12:03:15,25980.3,26000,2025-12-30,CE,48.5,8.91,0.4825,0.003100,-22.5930,5.7992,0.3950,33144525,21970225,220361025
2025-12-29 12:03:15,25980.3,26000,2025-12-30,PE,53.1,8.58,-0.5182,0.003200,-21.7400,5.7988,-0.4707,22390450,7435025,349432875
2025-12-29 12:03:20,25980.05,26000,2025-12-30,CE,48.1,8.82,0.4854,0.003100,-22.3688,5.8010,0.3939,33144525,21970225,220426650
2025-12-29 12:03:20,25980.05,26000,2025-12-30,PE,53.65,8.70,-0.5148,0.003200,-22.0587,5.8009,-0.4708,22390450,7435025,349527225
2025-12-29 12:03:27,25978.0,26000,2025-12-30,CE,48.25,8.85,0.4824,0.003100,-22.4390,5.7989,0.3887,33144525,21970225,220511100
2025-12-29 12:03:27,25978.0,26000,2025-12-30,PE,53.7,8.64,-0.5181,0.003200,-21.8962,5.7986,-0.4765,22390450,7435025,349599750
2025-12-29 12:03:33,25977.7,26000,2025-12-30,CE,47.7,8.91,0.4795,0.003100,-22.5855,5.7964,0.3882,33144525,21970225,220659450
2025-12-29 12:03:33,25977.7,26000,2025-12-30,PE,54.05,8.61,-0.5213,0.003200,-21.8097,5.7958,-0.4774,22390450,7435025,349710900
2025-12-29 12:03:38,25975.9,26000,2025-12-30,CE,47.7,8.70,0.4821,0.003100,-22.0529,5.7982,0.3825,33144525,21970225,220900275
2025-12-29 12:03:38,25975.9,26000,2025-12-30,PE,54.2,8.82,-0.5177,0.003100,-22.3631,5.7984,-0.4810,22390450,7435025,349868475
2025-12-29 12:03:43,25976.9,26000,2025-12-30,CE,47.65,8.71,0.4827,0.003100,-22.0940,5.7985,0.3851,33144525,21970225,220966425
2025-12-29 12:03:43,25976.9,26000,2025-12-30,PE,54.3,8.82,-0.5170,0.003100,-22.3654,5.7987,-0.4784,22390450,7435025,349951125
2025-12-29 12:03:49,25977.0,26000,2025-12-30,CE,47.15,8.87,0.4763,0.003100,-22.4608,5.7930,0.3862,33144525,21970225,221102550
2025-12-29 12:03:49,25977.0,26000,2025-12-30,PE,54.9,8.65,-0.5244,0.003200,-21.9175,5.7925,-0.4789,22390450,7435025,350120175
2025-12-29 12:03:54,25975.55,26000,2025-12-30,CE,46.8,8.93,0.4737,0.003100,-22.6060,5.7903,0.3827,33144525,21970225,221311650
2025-12-29 12:03:54,25975.55,26000,2025-12-30,PE,55.0,8.59,-0.5274,0.003200,-21.7518,5.7893,-0.4831,22390450,7435025,350346975
2025-12-29 12:04:00,25975.35,26000,2025-12-30,CE,46.65,8.76,0.4772,0.003100,-22.1947,5.7936,0.3813,33144525,21970225,221564250
2025-12-29 12:04:00,25975.35,26000,2025-12-30,PE,55.25,8.76,-0.5228,0.003100,-22.1947,5.7937,-0.4826,22390450,7435025,350552850
2025-12-29 12:04:05,25974.8,25950,2025-12-30,CE,74.85,8.94,0.6248,0.002900,-21.5762,5.5166,0.5077,6913125,5671650,65160525
2025-12-29 12:04:05,25974.8,25950,2025-12-30,PE,33.45,8.80,-0.3734,0.003000,-21.2116,5.5079,-0.3532,11688300,6007200,201950400
2025-12-29 12:04:10,25974.75,25950,2025-12-30,CE,75.2,8.82,0.6294,0.002900,-21.1995,5.4950,0.5086,6913125,5671650,65222850
2025-12-29 12:04:10,25974.75,25950,2025-12-30,PE,33.1,8.90,-0.3717,0.002900,-21.4025,5.5000,-0.3542,11688300,6007200,202163175
2025-12-29 12:04:16,25974.15,25950,2025-12-30,CE,75.2,9.00,0.6216,0.002900,-21.7800,5.5304,0.5056,6913125,5671650,65263875
2025-12-29 12:04:16,25974.15,25950,2025-12-30,PE,33.2,8.80,-0.3758,0.003000,-21.2544,5.5185,-0.3549,11688300,6007200,202282350
2025-12-29 12:04:21,25970.65,25950,2025-12-30,CE,74.65,9.17,0.6172,0.002900,-22.2641,5.5495,0.4955,6913125,5671650,65301225
2025-12-29 12:04:21,25970.65,25950,2025-12-30,PE,33.65,8.70,-0.3767,0.003000,-21.0129,5.5225,-0.3630,11688300,6007200,202376325
2025-12-29 12:04:27,25973.7,25950,2025-12-30,CE,74.5,9.20,0.6169,0.002900,-22.3452,5.5510,0.5028,6913125,5671650,65338575
2025-12-29 12:04:27,25973.7,25950,2025-12-30,PE,33.7,8.71,-0.3769,0.003000,-21.0538,5.5233,-0.3552,11688300,6007200,202491300
2025-12-29 12:04:32,25972.75,25950,2025-12-30,CE,74.6,8.59,0.6377,0.003000,-20.4961,5.4531,0.5054,6913125,5671650,65371275
2025-12-29 12:04:32,25972.75,25950,2025-12-30,PE,33.65,9.06,-0.3691,0.002900,-21.7598,5.4872,-0.3605,11688300,6007200,202670475
2025-12-29 12:04:38,25971.15,25950,2025-12-30,CE,74.65,8.94,0.6230,0.002900,-21.6101,5.5236,0.4984,6913125,5671650,65388300
2025-12-29 12:04:38,25971.15,25950,2025-12-30,PE,33.7,8.88,-0.3762,0.002900,-21.4483,5.5199,-0.3631,11688300,6007200,202801875
2025-12-29 12:04:43,25972.25,25950,2025-12-30,CE,74.2,8.90,0.6254,0.002900,-21.4581,5.5127,0.5015,6913125,5671650,65463075
2025-12-29 12:04:43,25972.25,25950,2025-12-30,PE,33.85,8.88,-0.3744,0.002900,-21.4176,5.5117,-0.3602,11688300,6007200,203003250
2025-12-29 12:04:49,25972.15,25950,2025-12-30,CE,74.15,9.14,0.6130,0.002900,-22.2637,5.5663,0.4993,6913125,5671650,65554200
2025-12-29 12:04:49,25972.15,25950,2025-12-30,PE,33.85,8.71,-0.3817,0.003000,-21.1368,5.5437,-0.3591,11688300,6007200,203297025
2025-12-29 12:04:54,25971.5,25950,2025-12-30,CE,74.3,8.93,0.6218,0.002900,-21.5972,5.5286,0.4993,6913125,5671650,65601300
2025-12-29 12:04:54,25971.5,25950,2025-12-30,PE,33.85,8.88,-0.3776,0.002900,-21.4759,5.5259,-0.3621,11688300,6007200,203433375
2025-12-29 12:05:00,25971.9,25950,2025-12-30,CE,74.2,8.67,0.6324,0.003000,-20.7812,5.4787,0.5024,6751575,5510100,65635125
2025-12-29 12:05:00,25971.9,25950,2025-12-30,PE,33.85,9.02,-0.3725,0.002900,-21.7160,5.5023,-0.3622,11800425,6119325,203564550
2025-12-29 12:05:05,25972.1,25950,2025-12-30,CE,74.15,8.96,0.6211,0.002900,-21.6840,5.5313,0.5005,6751575,5510100,65700975
2025-12-29 12:05:05,25972.1,25950,2025-12-30,PE,33.9,8.87,-0.3777,0.002900,-21.4416,5.5260,-0.3605,11800425,6119325,203727675
2025-12-29 12:05:11,25971.25,25950,2025-12-30,CE,73.95,8.88,0.6247,0.002900,-21.4362,5.5148,0.4990,6751575,5510100,65785425
2025-12-29 12:05:11,25971.25,25950,2025-12-30,PE,33.9,8.91,-0.3757,0.002900,-21.5172,5.5167,-0.3629,11800425,6119325,203914950
2025-12-29 12:05:16,25971.0,25950,2025-12-30,CE,73.55,9.09,0.6136,0.002900,-22.1457,5.5632,0.4967,6751575,5510100,65825325
2025-12-29 12:05:16,25971.0,25950,2025-12-30,PE,34.05,9.00,-0.3740,0.002900,-21.7091,5.5087,-0.3642,11800425,6119325,204040200
2025-12-29 12:05:22,25970.1,25950,2025-12-30,CE,73.6,9.09,0.6124,0.002900,-22.1657,5.5677,0.4945,6751575,5510100,65911650
2025-12-29 12:05:22,25970.1,25950,2025-12-30,PE,34.15,8.73,-0.3831,0.003000,-21.2002,5.5486,-0.3644,11800425,6119325,204151650
2025-12-29 12:05:27,25972.75,25950,2025-12-30,CE,73.85,9.17,0.6112,0.002900,-22.3716,5.5724,0.5004,6751575,5510100,65939250
2025-12-29 12:05:27,25972.75,25950,2025-12-30,PE,34.15,8.71,-0.3832,0.003000,-21.1653,5.5489,-0.3574,11800425,6119325,204255150
2025-12-29 12:05:33,25972.4,25950,2025-12-30,CE,73.9,8.44,0.6392,0.003100,-20.1103,5.4436,0.5055,6751575,5510100,65975325
2025-12-29 12:05:33,25972.4,25950,2025-12-30,PE,34.0,9.16,-0.3711,0.002800,-22.0263,5.4952,-0.3619,11800425,6119325,204365250
2025-12-29 12:05:38,25971.25,25950,2025-12-30,CE,74.15,9.20,0.6109,0.002900,-22.4530,5.5735,0.4965,6751575,5510100,66016125
2025-12-29 12:05:38,25971.25,25950,2025-12-30,PE,33.9,8.71,-0.3832,0.003000,-21.1663,5.5486,-0.3612,11800425,6119325,204456600
2025-12-29 12:05:43,25970.8,25950,2025-12-30,CE,74.1,9.22,0.6116,0.002900,-22.4802,5.5705,0.4952,6751575,5510100,66055350
2025-12-29 12:05:43,25970.8,25950,2025-12-30,PE,34.05,8.70,-0.3821,0.003000,-21.1122,5.5435,-0.3623,11800425,6119325,204623100
2025-12-29 12:05:49,25971.9,25950,2025-12-30,CE,74.2,9.14,0.6128,0.002900,-22.2751,5.5655,0.4984,6751575,5510100,66074625
2025-12-29 12:05:49,25971.9,25950,2025-12-30,PE,33.9,8.73,-0.3822,0.003000,-21.1884,5.5438,-0.3597,11800425,6119325,204679200
2025-12-29 12:05:55,25972.1,25950,2025-12-30,CE,74.1,8.94,0.6219,0.002900,-21.6390,5.5262,0.5005,6751575,5510100,66101250
2025-12-29 12:05:55,25972.1,25950,2025-12-30,PE,34.05,8.88,-0.3773,0.002900,-21.4772,5.5226,-0.3604,11800425,6119325,204729375
2025-12-29 12:06:00,25972.7,25950,2025-12-30,CE,73.9,8.64,0.6320,0.003000,-20.7223,5.4788,0.5044,6751575,5510100,66123600
2025-12-29 12:06:00,25972.7,25950,2025-12-30,PE,34.15,9.05,-0.3737,0.002900,-21.8194,5.5062,-0.3602,11800425,6119325,204807600
2025-12-29 12:06:05,25972.9,25950,2025-12-30,CE,73.3,8.64,0.6320,0.003000,-20.7223,5.4788,0.5049,6751575,5510100,66189450
2025-12-29 12:06:05,25972.9,25950,2025-12-30,PE,34.3,9.05,-0.3737,0.002900,-21.8194,5.5062,-0.3597,11800425,6119325,204899100
2025-12-29 12:06:11,25973.1,25950,2025-12-30,CE,73.8,8.82,0.6241,0.003000,-21.3060,5.5159,0.5039,6751575,5510100,66227250
2025-12-29 12:06:11,25973.1,25950,2025-12-30,PE,34.05,8.93,-0.3773,0.002900,-21.5893,5.5224,-0.3582,11800425,6119325,205017075
2025-12-29 12:06:16,25972.15,25950,2025-12-30,CE,74.15,9.23,0.6080,0.002900,-22.5781,5.5841,0.4983,6751575,5510100,66261225
2025-12-29 12:06:16,25972.15,25950,2025-12-30,PE,34.0,8.70,-0.3857,0.003000,-21.1730,5.5581,-0.3587,11800425,6119325,205178775
2025-12-29 12:06:22,25971.95,25950,2025-12-30,CE,73.8,9.22,0.6102,0.002900,-22.5066,5.5753,0.4978,6751575,5510100,66287325
2025-12-29 12:06:22,25971.95,25950,2025-12-30,PE,34.15,8.68,-0.3834,0.003000,-21.0994,5.5482,-0.3590,11800425,6119325,205277025
2025-12-29 12:06:27,25970.0,25950,2025-12-30,CE,73.65,9.11,0.6140,0.002900,-22.1836,5.5595,0.4938,6751575,5510100,66327300
2025-12-29 12:06:27,25970.0,25950,2025-12-30,PE,34.1,8.74,-0.3814,0.003000,-21.2169,5.5399,-0.3645,11800425,6119325,205342575
2025-12-29 12:06:32,25970.4,25950,2025-12-30,CE,73.7,9.17,0.6107,0.002900,-22.3872,5.5729,0.4943,6751575,5510100,66354600
2025-12-29 12:06:32,25970.4,25950,2025-12-30,PE,34.1,8.73,-0.3839,0.003000,-21.2212,5.5504,-0.3634,11800425,6119325,205396050
2025-12-29 12:06:39,25971.4,25950,2025-12-30,CE,74.05,8.88,0.6227,0.002900,-21.4816,5.5212,0.4990,6751575,5510100,66386400
2025-12-29 12:06:39,25971.4,25950,2025-12-30,PE,33.95,8.91,-0.3777,0.002900,-21.5626,5.5230,-0.3622,11800425,6119325,205536075
2025-12-29 12:06:44,25972.4,25950,2025-12-30,CE,74.4,9.23,0.6114,0.002900,-22.5266,5.5694,0.4987,6751575,5510100,66412575
2025-12-29 12:06:44,25972.4,25950,2025-12-30,PE,33.65,8.68,-0.3818,0.003000,-21.0777,5.5409,-0.3578,11800425,6119325,205655325
2025-12-29 12:06:49,25970.75,25950,2025-12-30,CE,73.9,8.76,0.6294,0.003000,-21.0688,5.4900,0.4982,6751575,5510100,66436875
2025-12-29 12:06:49,25970.75,25950,2025-12-30,PE,34.1,8.97,-0.3735,0.002900,-21.6374,5.5039,-0.3643,11800425,6119325,205712025
2025-12-29 12:06:55,25969.8,25950,2025-12-30,CE,73.85,8.62,0.6326,0.003000,-20.6812,5.4746,0.4968,6751575,5510100,66459825
2025-12-29 12:06:55,25969.8,25950,2025-12-30,PE,34.1,9.05,-0.3734,0.002900,-21.8196,5.5032,-0.3672,11800425,6119325,205781775
2025-12-29 12:07:00,25972.25,25950,2025-12-30,CE,73.6,8.64,0.6318,0.003000,-20.7334,5.4784,0.5030,6751575,5510100,66485025
2025-12-29 12:07:00,25972.25,25950,2025-12-30,PE,34.1,9.03,-0.3737,0.002900,-21.7901,5.5048,-0.3609,11800425,6119325,205843800
2025-12-29 12:07:06,25972.1,25950,2025-12-30,CE,73.75,8.83,0.6216,0.003000,-21.3934,5.5256,0.5010,6751575,5510100,66528750
2025-12-29 12:07:06,25972.1,25950,2025-12-30,PE,34.1,8.91,-0.3794,0.002900,-21.5955,5.5300,-0.3603,11800425,6119325,205940100
2025-12-29 12:07:11,25973.75,25950,2025-12-30,CE,74.25,8.67,0.6310,0.003000,-20.8213,5.4817,0.5066,6751575,5510100,66551025
2025-12-29 12:07:11,25973.75,25950,2025-12-30,PE,33.85,9.02,-0.3738,0.002900,-21.7558,5.5048,-0.3571,11800425,6119325,205989450
2025-12-29 12:07:17,25972.65,25950,2025-12-30,CE,74.1,9.19,0.6120,0.002900,-22.4093,5.5663,0.4995,6751575,5510100,66561750
2025-12-29 12:07:17,25972.65,25950,2025-12-30,PE,33.8,9.02,-0.3738,0.002900,-21.7558,5.5048,-0.3598,11800425,6119325,206040450
2025-12-29 12:07:22,25973.8,25950,2025-12-30,CE,74.35,8.68,0.6320,0.003000,-20.8411,5.4767,0.5066,6751575,5510100,66582525
2025-12-29 12:07:22,25973.8,25950,2025-12-30,PE,33.75,8.70,-0.3820,0.003000,-21.1210,5.5408,-0.3542,11800425,6119325,206087775
2025-12-29 12:07:28,25974.0,25950,2025-12-30,CE,74.3,9.22,0.6122,0.002900,-22.4813,5.5651,0.5025,6751575,5510100,66613125
2025-12-29 12:07:28,25974.0,25950,2025-12-30,PE,33.75,8.68,-0.3812,0.003000,-21.0717,5.5370,-0.3535,11800425,6119325,206190750
2025-12-29 12:07:33,25972.1,25950,2025-12-30,CE,74.6,9.14,0.6154,0.002900,-22.2426,5.5517,0.4985,6751575,5510100,66624675
2025-12-29 12:07:33,25972.1,25950,2025-12-30,PE,33.55,8.74,-0.3796,0.003000,-21.1937,5.5299,-0.3589,11800425,6119325,206243700
2025-12-29 12:07:39,25972.55,25950,2025-12-30,CE,74.25,8.97,0.6216,0.002900,-21.7303,5.5247,0.5009,6751575,5510100,66656475
2025-12-29 12:07:39,25972.55,25950,2025-12-30,PE,33.75,8.82,-0.3764,0.003000,-21.3256,5.5156,-0.3584,11800425,6119325,206399700
2025-12-29 12:07:44,25973.15,25950,2025-12-30,CE,74.1,8.97,0.6216,0.002900,-21.7308,5.5246,0.5023,6751575,5510100,66704400
2025-12-29 12:07:44,25973.15,25950,2025-12-30,PE,33.7,8.85,-0.3768,0.003000,-21.4071,5.5174,-0.3571,11800425,6119325,206425200
2025-12-29 12:07:50,25972.85,25950,2025-12-30,CE,74.25,8.68,0.6317,0.003000,-20.8493,5.4772,0.5040,6751575,5510100,66718125
2025-12-29 12:07:50,25972.85,25950,2025-12-30,PE,33.75,8.99,-0.3725,0.002900,-21.6627,5.4976,-0.3589,11800425,6119325,206472300
2025-12-29 12:07:55,25971.0,25950,2025-12-30,CE,74.15,8.70,0.6312,0.003000,-20.8960,5.4796,0.4990,6751575,5510100,66727125
2025-12-29 12:07:55,25971.0,25950,2025-12-30,PE,33.75,8.97,-0.3726,0.002900,-21.6279,5.4979,-0.3634,11800425,6119325,206491200
2025-12-29 12:08:01,25973.55,25950,2025-12-30,CE,74.3,8.71,0.6310,0.003000,-20.9372,5.4805,0.5055,6847875,5606400,66742125
2025-12-29 12:08:01,25973.55,25950,2025-12-30,PE,33.7,8.99,-0.3728,0.002900,-21.6690,5.4987,-0.3572,11936850,6255750,206512575
2025-12-29 12:08:07,25972.15,25950,2025-12-30,CE,74.3,8.71,0.6310,0.003000,-20.9372,5.4805,0.5018,6847875,5606400,66755400
2025-12-29 12:08:07,25972.15,25950,2025-12-30,PE,33.7,8.99,-0.3728,0.002900,-21.6690,5.4987,-0.3606,11936850,6255750,206545275
2025-12-29 12:08:12,25974.6,25950,2025-12-30,CE,74.35,8.70,0.6312,0.003000,-20.8970,5.4792,0.5082,6847875,5606400,66773925
2025-12-29 12:08:12,25974.6,25950,2025-12-30,PE,33.65,8.99,-0.3728,0.002900,-21.6695,5.4985,-0.3545,11936850,6255750,206575200
2025-12-29 12:08:18,25975.4,26000,2025-12-30,CE,46.7,8.80,0.4711,0.003100,-22.3161,5.7798,0.3806,33299625,22125325,225987450
2025-12-29 12:08:18,25975.4,26000,2025-12-30,PE,54.75,8.70,-0.5293,0.003100,-22.0438,5.7794,-0.4817,22659700,7704275,356762025
2025-12-29 12:08:23,25973.15,25950,2025-12-30,CE,74.75,8.99,0.6226,0.002900,-21.7538,5.5194,0.5020,6847875,5606400,66870150
2025-12-29 12:08:23,25973.15,25950,2025-12-30,PE,33.3,8.82,-0.3752,0.003000,-21.3083,5.5092,-0.3567,11936850,6255750,206987550
2025-12-29 12:08:29,25974.9,25950,2025-12-30,CE,75.0,8.91,0.6268,0.002900,-21.4954,5.4997,0.5070,6847875,5606400,66910425
2025-12-29 12:08:29,25974.9,25950,2025-12-30,PE,33.05,8.83,-0.3722,0.002900,-21.2924,5.4948,-0.3523,11936850,6255750,207129525
2025-12-29 12:08:34,25974.8,25950,2025-12-30,CE,74.8,8.88,0.6278,0.002900,-21.4041,5.4948,0.5070,6847875,5606400,66936825
2025-12-29 12:08:34,25974.8,25950,2025-12-30,PE,33.05,8.85,-0.3718,0.002900,-21.3228,5.4928,-0.3527,11936850,6255750,207177825
2025-12-29 12:08:40,25975.75,26000,2025-12-30,CE,46.8,8.93,0.4687,0.003100,-22.6175,5.7763,0.3821,33299625,22125325,226239900
2025-12-29 12:08:40,25975.75,26000,2025-12-30,PE,54.65,8.54,-0.5328,0.003200,-21.6445,5.7746,-0.4816,22659700,7704275,357134850
2025-12-29 12:08:45,25975.5,26000,2025-12-30,CE,47.0,8.87,0.4716,0.003100,-22.4764,5.7795,0.3811,33299625,22125325,226346775
2025-12-29 12:08:45,25975.5,26000,2025-12-30,PE,54.15,8.58,-0.5294,0.003200,-21.7373,5.7784,-0.4820,22659700,7704275,357285150
2025-12-29 12:08:50,25977.25,26000,2025-12-30,CE,47.6,8.82,0.4767,0.003100,-22.3811,5.7845,0.3853,33299625,22125325,226564350
2025-12-29 12:08:50,25977.25,26000,2025-12-30,PE,53.45,8.59,-0.5240,0.003200,-21.7980,5.7840,-0.4773,22659700,7704275,357562575
2025-12-29 12:08:56,25975.9,26000,2025-12-30,CE,48.0,8.71,0.4821,0.003100,-22.1275,5.7888,0.3812,33299625,22125325,226709025
2025-12-29 12:08:56,25975.9,26000,2025-12-30,PE,53.2,8.74,-0.5179,0.003100,-22.2051,5.7889,-0.4801,22659700,7704275,357710400
2025-12-29 12:09:01,25977.15,26000,2025-12-30,CE,47.8,8.70,0.4852,0.003200,-22.0972,5.7908,0.3844,33299625,22125325,226829925
2025-12-29 12:09:01,25977.15,26000,2025-12-30,PE,53.6,8.77,-0.5147,0.003100,-22.2913,5.7908,-0.4766,22659700,7704275,357832500
2025-12-29 12:09:07,25976.0,26000,2025-12-30,CE,47.65,8.67,0.4851,0.003200,-22.0202,5.7906,0.3812,33299625,22125325,226959225
2025-12-29 12:09:07,25976.0,26000,2025-12-30,PE,53.6,8.80,-0.5146,0.003100,-22.3696,5.7907,-0.4794,22659700,7704275,357897450
2025-12-29 12:09:12,25975.65,26000,2025-12-30,CE,48.15,8.62,0.4879,0.003200,-21.9103,5.7920,0.3800,33299625,22125325,227061075
2025-12-29 12:09:12,25975.65,26000,2025-12-30,PE,53.1,8.90,-0.5117,0.003100,-22.6091,5.7922,-0.4798,22659700,7704275,357970725
2025-12-29 12:09:18,25976.4,26000,2025-12-30,CE,48.2,8.85,0.4808,0.003100,-22.4748,5.7873,0.3832,33299625,22125325,227200050
2025-12-29 12:09:18,25976.4,26000,2025-12-30,PE,53.15,8.61,-0.5198,0.003200,-21.8532,5.7869,-0.4794,22659700,7704275,358164675
2025-12-29 12:09:24,25977.0,26000,2025-12-30,CE,48.05,8.91,0.4788,0.003100,-22.6240,5.7855,0.3850,33299625,22125325,227292900
2025-12-29 12:09:24,25977.0,26000,2025-12-30,PE,53.25,8.53,-0.5222,0.003200,-21.6525,5.7847,-0.4782,22659700,7704275,358282350
2025-12-29 12:09:29,25979.4,26000,2025-12-30,CE,48.3,8.91,0.4828,0.003100,-22.6372,5.7883,0.3911,33299625,22125325,227622450
2025-12-29 12:09:29,25979.4,26000,2025-12-30,PE,52.75,8.45,-0.5182,0.003200,-21.4719,5.7876,-0.4721,22659700,7704275,358840350
2025-12-29 12:09:35,25978.65,26000,2025-12-30,CE,48.55,8.83,0.4817,0.003100,-22.4410,5.7873,0.3888,33299625,22125325,227720850
2025-12-29 12:09:35,25978.65,26000,2025-12-30,PE,52.45,8.59,-0.5189,0.003200,-21.8194,5.7870,-0.4734,22659700,7704275,358928550
2025-12-29 12:09:40,25979.25,26000,2025-12-30,CE,48.5,8.94,0.4807,0.003100,-22.7099,5.7865,0.3908,33299625,22125325,227811825
2025-12-29 12:09:40,25979.25,26000,2025-12-30,PE,52.35,8.48,-0.5204,0.003200,-21.5441,5.7856,-0.4723,22659700,7704275,359032350
2025-12-29 12:09:45,25981.3,26000,2025-12-30,CE,48.7,8.96,0.4802,0.003100,-22.7474,5.7858,0.3961,33299625,22125325,227913300
2025-12-29 12:09:45,25981.3,26000,2025-12-30,PE,52.05,8.42,-0.5212,0.003300,-21.3873,5.7848,-0.4670,22659700,7704275,359134500
2025-12-29 12:09:51,25980.65,26000,2025-12-30,CE,48.95,8.51,0.4977,0.003200,-21.6555,5.7941,0.3926,33299625,22125325,228021375
2025-12-29 12:09:51,25980.65,26000,2025-12-30,PE,51.9,8.93,-0.5021,0.003100,-22.7033,5.7941,-0.4667,22659700,7704275,359280900
2025-12-29 12:09:56,25979.35,26000,2025-12-30,CE,49.0,8.87,0.4855,0.003100,-22.5306,5.7893,0.3907,33299625,22125325,228143850
2025-12-29 12:09:56,25979.35,26000,2025-12-30,PE,51.85,8.54,-0.5151,0.003200,-21.7150,5.7890,-0.4717,22659700,7704275,359386350
2025-12-29 12:10:01,25978.1,26000,2025-12-30,CE,49.25,8.80,0.4885,0.003100,-22.3824,5.7908,0.3872,33299625,22125325,228301125
2025-12-29 12:10:01,25978.1,26000,2025-12-30,PE,51.6,8.62,-0.5118,0.003200,-21.9164,5.7907,-0.4746,22659700,7704275,359538450
2025-12-29 12:10:07,25977.45,26000,2025-12-30,CE,48.9,8.83,0.4885,0.003100,-22.4607,5.7907,0.3856,33299625,22125325,228450675
2025-12-29 12:10:07,25977.45,26000,2025-12-30,PE,52.15,8.58,-0.5119,0.003200,-21.8005,5.7905,-0.4765,22659700,7704275,359679900
2025-12-29 12:10:12,25982.75,26000,2025-12-30,CE,49.6,8.91,0.4856,0.003100,-22.6489,5.7889,0.3995,33299625,22125325,228663975
2025-12-29 12:10:12,25982.75,26000,2025-12-30,PE,51.15,8.51,-0.5152,0.003200,-21.6390,5.7885,-0.4627,22659700,7704275,359860275
2025-12-29 12:10:18,25983.25,26000,2025-12-30,CE,49.85,8.94,0.4890,0.003100,-22.7342,5.7906,0.4009,33299625,22125325,228911550
2025-12-29 12:10:18,25983.25,26000,2025-12-30,PE,50.85,8.45,-0.5117,0.003200,-21.4916,5.7903,-0.4615,22659700,7704275,360193200
2025-12-29 12:10:23,25981.75,26000,2025-12-30,CE,49.85,8.67,0.4987,0.003200,-22.0474,5.7933,0.3961,33299625,22125325,229107300
2025-12-29 12:10:23,25981.75,26000,2025-12-30,PE,51.0,8.71,-0.5012,0.003200,-22.1638,5.7933,-0.4645,22659700,7704275,360359475
2025-12-29 12:10:28,25982.4,26000,2025-12-30,CE,50.15,8.93,0.4899,0.003100,-22.6982,5.7907,0.3986,33299625,22125325,229309725
2025-12-29 12:10:28,25982.4,26000,2025-12-30,PE,50.3,8.44,-0.5108,0.003300,-21.4556,5.7904,-0.4638,22659700,7704275,360527250
2025-12-29 12:10:34,25982.8,26000,2025-12-30,CE,50.0,8.79,0.4947,0.003100,-22.3567,5.7921,0.3992,33299625,22125325,229653450
2025-12-29 12:10:34,25982.8,26000,2025-12-30,PE,50.55,8.54,-0.5055,0.003200,-21.7355,5.7921,-0.4623,22659700,7704275,360786000
2025-12-29 12:10:39,25983.4,26000,2025-12-30,CE,50.15,8.85,0.4926,0.003100,-22.5100,5.7913,0.4009,33299625,22125325,229793250
2025-12-29 12:10:39,25983.4,26000,2025-12-30,PE,50.2,8.48,-0.5078,0.003200,-21.5781,5.7912,-0.4609,22659700,7704275,360901950
2025-12-29 12:10:45,25984.95,26000,2025-12-30,CE,50.75,8.70,0.4997,0.003200,-22.1282,5.7927,0.4045,33299625,22125325,229993950
2025-12-29 12:10:45,25984.95,26000,2025-12-30,PE,49.55,8.65,-0.5003,0.003200,-22.0117,5.7927,-0.4562,22659700,7704275,361244550
2025-12-29 12:10:50,25986.0,26000,2025-12-30,CE,50.75,8.76,0.5010,0.003100,-22.2843,5.7926,0.4074,33299625,22125325,230179125
2025-12-29 12:10:50,25986.0,26000,2025-12-30,PE,49.35,8.54,-0.4990,0.003200,-21.7408,5.7926,-0.4537,22659700,7704275,361492350
2025-12-29 12:10:55,25987.1,26000,2025-12-30,CE,50.85,8.88,0.4982,0.003100,-22.5946,5.7922,0.4105,33299625,22125325,230358825
2025-12-29 12:10:55,25987.1,26000,2025-12-30,PE,49.5,8.44,-0.5020,0.003300,-21.4686,5.7922,-0.4509,22659700,7704275,361623675
2025-12-29 12:11:01,25983.75,26000,2025-12-30,CE,50.95,8.87,0.4979,0.003100,-22.5561,5.7920,0.4018,33640050,22465750,230543250
2025-12-29 12:11:01,25983.75,26000,2025-12-30,PE,49.3,8.45,-0.5023,0.003300,-21.5078,5.7920,-0.4600,22273000,7317575,361771425
2025-12-29 12:11:06,25982.6,26000,2025-12-30,CE,50.7,8.76,0.5010,0.003100,-22.2861,5.7921,0.3984,33640050,22465750,230821725
2025-12-29 12:11:06,25982.6,26000,2025-12-30,PE,49.8,8.54,-0.4990,0.003200,-21.7425,5.7922,-0.4627,22273000,7317575,361920450
2025-12-29 12:11:12,25980.3,26000,2025-12-30,CE,49.65,8.79,0.4997,0.003100,-22.3640,5.7919,0.3925,33640050,22465750,231244200
2025-12-29 12:11:12,25980.3,26000,2025-12-30,PE,50.75,8.54,-0.5003,0.003200,-21.7427,5.7919,-0.4689,22273000,7317575,362117025
2025-12-29 12:11:17,25981.7,26000,2025-12-30,CE,49.6,8.74,0.4950,0.003100,-22.2451,5.7910,0.3960,33640050,22465750,231406050
2025-12-29 12:11:17,25981.7,26000,2025-12-30,PE,50.95,8.61,-0.5051,0.003200,-21.8955,5.7910,-0.4648,22273000,7317575,362243475
2025-12-29 12:11:23,25981.45,26000,2025-12-30,CE,49.85,8.79,0.4925,0.003100,-22.3592,5.7901,0.3955,33640050,22465750,231567150
2025-12-29 12:11:23,25981.45,26000,2025-12-30,PE,50.9,8.56,-0.5077,0.003200,-21.7767,5.7901,-0.4657,22273000,7317575,362399925
2025-12-29 12:11:28,25982.05,26000,2025-12-30,CE,49.95,8.82,0.4941,0.003100,-22.4394,5.7905,0.3971,33640050,22465750,231660450
2025-12-29 12:11:28,25982.05,26000,2025-12-30,PE,50.65,8.58,-0.5061,0.003200,-21.8180,5.7904,-0.4640,22273000,7317575,362502225
2025-12-29 12:11:33,25982.7,26000,2025-12-30,CE,50.05,8.87,0.4923,0.003100,-22.5541,5.7897,0.3990,33640050,22465750,231743100
2025-12-29 12:11:33,25982.7,26000,2025-12-30,PE,50.5,8.50,-0.5081,0.003200,-21.6220,5.7896,-0.4625,22273000,7317575,362566575
2025-12-29 12:11:39,25982.0,26000,2025-12-30,CE,49.85,8.64,0.5010,0.003200,-21.9788,5.7913,0.3963,33640050,22465750,231876600
2025-12-29 12:11:39,25982.0,26000,2025-12-30,PE,50.95,8.73,-0.4990,0.003100,-22.2117,5.7913,-0.4635,22273000,7317575,362682750
2025-12-29 12:11:44,25979.8,26000,2025-12-30,CE,49.05,8.80,0.4901,0.003100,-22.3972,5.7884,0.3911,33640050,22465750,232268250
2025-12-29 12:11:44,25979.8,26000,2025-12-30,PE,51.65,8.61,-0.5102,0.003200,-21.8921,5.7883,-0.4697,22273000,7317575,362954925
2025-12-29 12:11:50,25978.5,26000,2025-12-30,CE,49.0,8.71,0.4925,0.003200,-22.1684,5.7892,0.3873,33640050,22465750,232373625
2025-12-29 12:11:50,25978.5,26000,2025-12-30,PE,51.85,8.70,-0.5076,0.003200,-22.1296,5.7892,-0.4727,22273000,7317575,363100050
2025-12-29 12:11:55,25978.35,26000,2025-12-30,CE,49.25,8.79,0.4878,0.003100,-22.3555,5.7871,0.3873,33640050,22465750,232456050
2025-12-29 12:11:55,25978.35,26000,2025-12-30,PE,51.5,8.59,-0.5125,0.003200,-21.8503,5.7869,-0.4736,22273000,7317575,363221025
2025-12-29 12:12:00,25979.4,26000,2025-12-30,CE,49.4,8.82,0.4895,0.003100,-22.4366,5.7877,0.3901,33640050,22465750,232508475
2025-12-29 12:12:00,25979.4,26000,2025-12-30,PE,51.6,8.58,-0.5109,0.003200,-21.8150,5.7876,-0.4709,22273000,7317575,363310800
2025-12-29 12:12:06,25981.3,26000,2025-12-30,CE,49.9,8.91,0.4865,0.003100,-22.6642,5.7860,0.3954,33640050,22465750,232576800
2025-12-29 12:12:06,25981.3,26000,2025-12-30,PE,51.05,8.48,-0.5143,0.003200,-21.5761,5.7857,-0.4662,22273000,7317575,363434100
2025-12-29 12:12:11,25982.2,26000,2025-12-30,CE,49.8,8.91,0.4905,0.003100,-22.6725,5.7879,0.3976,33640050,22465750,232638300
2025-12-29 12:12:11,25982.2,26000,2025-12-30,PE,51.0,8.51,-0.5100,0.003200,-21.6624,5.7877,-0.4636,22273000,7317575,363518775
2025-12-29 12:12:16,25978.15,26000,2025-12-30,CE,49.55,8.73,0.4966,0.003100,-22.2143,5.7896,0.3864,33640050,22465750,232735875
2025-12-29 12:12:16,25978.15,26000,2025-12-30,PE,51.4,8.68,-0.5035,0.003200,-22.0978,5.7896,-0.4736,22273000,7317575,363581850
2025-12-29 12:12:22,25977.25,26000,2025-12-30,CE,49.4,8.80,0.4916,0.003100,-22.4036,5.7880,0.3844,33640050,22465750,232799250
2025-12-29 12:12:22,25977.25,26000,2025-12-30,PE,51.6,8.64,-0.5086,0.003200,-21.9762,5.7880,-0.4762,22273000,7317575,363629175
2025-12-29 12:12:27,25980.6,26000,2025-12-30,CE,49.3,8.53,0.5009,0.003200,-21.7125,5.7898,0.3919,33640050,22465750,232868550
2025-12-29 12:12:27,25980.6,26000,2025-12-30,PE,51.75,8.93,-0.4990,0.003100,-22.7224,5.7898,-0.4662,22273000,7317575,363682200
2025-12-29 12:12:32,25979.55,26000,2025-12-30,CE,49.15,8.51,0.5009,0.003200,-21.6742,5.7897,0.3890,33640050,22465750,232922625
2025-12-29 12:12:32,25979.55,26000,2025-12-30,PE,51.75,8.94,-0.4990,0.003100,-22.7617,5.7897,-0.4688,22273000,7317575,363737625
2025-12-29 12:12:38,25978.85,26000,2025-12-30,CE,49.0,8.45,0.5026,0.003300,-21.5194,5.7895,0.3868,33640050,22465750,232990650
2025-12-29 12:12:38,25978.85,26000,2025-12-30,PE,51.75,8.97,-0.4975,0.003100,-22.8401,5.7895,-0.4704,22273000,7317575,363789075
2025-12-29 12:12:43,25980.2,26000,2025-12-30,CE,49.3,8.42,0.5026,0.003300,-21.4423,5.7894,0.3903,33640050,22465750,233030550
2025-12-29 12:12:43,25980.2,26000,2025-12-30,PE,51.8,9.00,-0.4975,0.003100,-22.9184,5.7894,-0.4668,22273000,7317575,363851025
2025-12-29 12:12:48,25980.9,26000,2025-12-30,CE,49.35,8.67,0.4946,0.003200,-22.0607,5.7883,0.3932,33640050,22465750,233058375
2025-12-29 12:12:48,25980.9,26000,2025-12-30,PE,51.45,8.76,-0.5053,0.003100,-22.2937,5.7883,-0.4660,22273000,7317575,363901125
2025-12-29 12:12:54,25980.65,26000,2025-12-30,CE,49.25,8.88,0.4889,0.003100,-22.5967,5.7860,0.3934,33640050,22465750,233098950
2025-12-29 12:12:54,25980.65,26000,2025-12-30,PE,51.35,8.51,-0.5116,0.003200,-21.6640,5.7858,-0.4676,22273000,7317575,363965925
2025-12-29 12:13:00,25979.3,26000,2025-12-30,CE,49.0,8.70,0.4924,0.003200,-22.1375,5.7871,0.3891,33640050,22465750,233214375
2025-12-29 12:13:00,25979.3,26000,2025-12-30,PE,51.6,8.70,-0.5076,0.003200,-22.1374,5.7872,-0.4704,22273000,7317575,364045200
2025-12-29 12:13:05,25979.5,26000,2025-12-30,CE,49.2,8.83,0.4873,0.003100,-22.4788,5.7847,0.3902,33640050,22465750,233318325
2025-12-29 12:13:05,25979.5,26000,2025-12-30,PE,51.5,8.54,-0.5132,0.003200,-21.7402,5.7845,-0.4705,22273000,7317575,364081200
2025-12-29 12:13:10,25980.05,26000,2025-12-30,CE,48.9,8.85,0.4876,0.003100,-22.5189,5.7847,0.3917,33640050,22465750,233367000
2025-12-29 12:13:10,25980.05,26000,2025-12-30,PE,51.7,8.54,-0.5129,0.003200,-21.7414,5.7845,-0.4690,22273000,7317575,364121775
2025-12-29 12:13:16,25978.7,26000,2025-12-30,CE,49.1,8.87,0.4870,0.003100,-22.5570,5.7843,0.3882,33640050,22465750,233404950
2025-12-29 12:13:16,25978.7,26000,2025-12-30,PE,51.55,8.56,-0.5135,0.003200,-21.7795,5.7840,-0.4725,22273000,7317575,364172025
2025-12-29 12:13:21,25982.45,26000,2025-12-30,CE,49.3,8.85,0.4873,0.003100,-22.5194,5.7843,0.3978,33640050,22465750,233438700
2025-12-29 12:13:21,25982.45,26000,2025-12-30,PE,51.6,8.54,-0.5132,0.003200,-21.7419,5.7840,-0.4626,22273000,7317575,364208850
2025-12-29 12:13:28,25981.9,26000,2025-12-30,CE,49.35,8.90,0.4868,0.003100,-22.6352,5.7838,0.3965,33640050,22465750,233482800
2025-12-29 12:13:28,25981.9,26000,2025-12-30,PE,51.5,8.50,-0.5139,0.003200,-21.6244,5.7835,-0.4642,22273000,7317575,364271100
2025-12-29 12:13:33,25981.1,26000,2025-12-30,CE,49.6,8.67,0.4959,0.003200,-22.0669,5.7872,0.3936,33640050,22465750,233522325
2025-12-29 12:13:33,25981.1,26000,2025-12-30,PE,51.0,8.76,-0.5040,0.003100,-22.3000,5.7873,-0.4653,22273000,7317575,364344300
2025-12-29 12:13:38,25980.1,26000,2025-12-30,CE,49.55,8.88,0.4886,0.003100,-22.6013,5.7845,0.3918,33640050,22465750,233554125
2025-12-29 12:13:38,25980.1,26000,2025-12-30,PE,51.35,8.51,-0.5120,0.003200,-21.6683,5.7843,-0.4689,22273000,7317575,364443075
2025-12-29 12:13:44,25981.85,26000,2025-12-30,CE,49.5,8.79,0.4925,0.003100,-22.3752,5.7860,0.3959,33640050,22465750,233596350
2025-12-29 12:13:44,25981.85,26000,2025-12-30,PE,51.4,8.62,-0.5077,0.003200,-21.9476,5.7859,-0.4638,22273000,7317575,364461825
2025-12-29 12:13:49,25981.45,26000,2025-12-30,CE,50.2,8.77,0.4956,0.003100,-22.3409,5.7866,0.3948,33640050,22465750,233801100
2025-12-29 12:13:49,25981.45,26000,2025-12-30,PE,50.8,8.64,-0.5045,0.003200,-21.9911,5.7866,-0.4647,22273000,7317575,364629225
2025-12-29 12:13:55,25980.25,26000,2025-12-30,CE,50.05,8.83,0.4941,0.003100,-22.4954,5.7860,0.3919,33640050,22465750,233900550
2025-12-29 12:13:55,25980.25,26000,2025-12-30,PE,50.95,8.58,-0.5061,0.003200,-21.8347,5.7860,-0.4681,22273000,7317575,364680975
2025-12-29 12:14:01,25981.15,26000,2025-12-30,CE,49.9,8.88,0.4914,0.003100,-22.6089,5.7850,0.3944,33640050,22465750,233947200
2025-12-29 12:14:01,25981.15,26000,2025-12-30,PE,51.0,8.54,-0.5090,0.003200,-21.7537,5.7849,-0.4659,22273000,7317575,364714500
2025-12-29 12:14:06,25980.7,26000,2025-12-30,CE,49.5,8.87,0.4907,0.003100,-22.5697,5.7846,0.3932,33789075,22614775,233995350
2025-12-29 12:14:06,25980.7,26000,2025-12-30,PE,51.2,8.54,-0.5097,0.003200,-21.7533,5.7844,-0.4671,22821025,7865600,364751025
2025-12-29 12:14:12,25980.0,26000,2025-12-30,CE,49.8,8.87,0.4917,0.003100,-22.5717,5.7848,0.3914,33789075,22614775,234037725
2025-12-29 12:14:12,25980.0,26000,2025-12-30,PE,51.15,8.54,-0.5087,0.003200,-21.7553,5.7847,-0.4689,22821025,7865600,364793250
2025-12-29 12:14:17,25979.55,26000,2025-12-30,CE,49.75,8.88,0.4917,0.003100,-22.6111,5.7846,0.3902,33789075,22614775,234068625
2025-12-29 12:14:17,25979.55,26000,2025-12-30,PE,51.3,8.58,-0.5087,0.003200,-21.8336,5.7845,-0.4699,22821025,7865600,364836000
2025-12-29 12:14:23,25980.0,26000,2025-12-30,CE,49.6,8.88,0.4901,0.003100,-22.6092,5.7839,0.3914,33789075,22614775,234119550
2025-12-29 12:14:23,25980.0,26000,2025-12-30,PE,51.4,8.54,-0.5103,0.003200,-21.7539,5.7837,-0.4689,22821025,7865600,364890450
2025-12-29 12:14:28,25979.85,26000,2025-12-30,CE,49.75,8.88,0.4901,0.003100,-22.6098,5.7837,0.3909,33789075,22614775,234194550
2025-12-29 12:14:28,25979.85,26000,2025-12-30,PE,51.5,8.58,-0.5103,0.003200,-21.8322,5.7836,-0.4691,22821025,7865600,364937775
2025-12-29 12:14:33,25977.95,26000,2025-12-30,CE,49.65,8.97,0.4872,0.003100,-22.8378,5.7822,0.3865,33789075,22614775,234227175
2025-12-29 12:14:33,25977.95,26000,2025-12-30,PE,51.6,8.51,-0.5136,0.003200,-21.6711,5.7818,-0.4744,22821025,7865600,364964850
2025-12-29 12:14:39,25981.3,26000,2025-12-30,CE,49.5,8.96,0.4875,0.003100,-22.8001,5.7822,0.3949,33789075,22614775,234256200
2025-12-29 12:14:39,25981.3,26000,2025-12-30,PE,51.65,8.53,-0.5132,0.003200,-21.7113,5.7818,-0.4654,22821025,7865600,365002725
2025-12-29 12:14:44,25981.3,26000,2025-12-30,CE,49.7,8.94,0.4884,0.003100,-22.7643,5.7823,0.3948,33789075,22614775,234303750
2025-12-29 12:14:44,25981.3,26000,2025-12-30,PE,51.35,8.53,-0.5123,0.003200,-21.7143,5.7821,-0.4653,22821025,7865600,365092875
2025-12-29 12:14:50,25980.5,26000,2025-12-30,CE,49.9,8.76,0.4941,0.003100,-22.3073,5.7844,0.3920,33789075,22614775,234351375
2025-12-29 12:14:50,25980.5,26000,2025-12-30,PE,51.1,8.67,-0.5060,0.003200,-22.0740,5.7844,-0.4669,22821025,7865600,365115450
2025-12-29 12:14:56,25981.25,26000,2025-12-30,CE,49.75,8.79,0.4947,0.003100,-22.3863,5.7844,0.3941,33789075,22614775,234395100
2025-12-29 12:14:56,25981.25,26000,2025-12-30,PE,51.2,8.67,-0.5060,0.003200,-22.0740,5.7844,-0.4649,22821025,7865600,365156925
2025-12-29 12:15:02,25979.45,26000,2025-12-30,CE,49.6,8.88,0.4905,0.003100,-22.6143,5.7828,0.3898,33789075,22614775,234452400
2025-12-29 12:15:02,25979.45,26000,2025-12-30,PE,51.3,8.56,-0.5100,0.003200,-21.7977,5.7827,-0.4701,22821025,7865600,365201775
2025-12-29 12:15:07,25977.55,26000,2025-12-30,CE,49.6,8.74,0.4947,0.003100,-22.2708,5.7841,0.3842,33789075,22614775,234488625
2025-12-29 12:15:07,25977.55,26000,2025-12-30,PE,51.3,8.68,-0.5054,0.003200,-22.1153,5.7841,-0.4745,22821025,7865600,365254875
2025-12-29 12:15:13,25978.7,26000,2025-12-30,CE,49.4,8.91,0.4890,0.003100,-22.6906,5.7819,0.3879,33789075,22614775,234552750
2025-12-29 12:15:13,25978.7,26000,2025-12-30,PE,51.4,8.54,-0.5116,0.003200,-21.7572,5.7816,-0.4721,22821025,7865600,365308500
2025-12-29 12:15:19,25980.1,26000,2025-12-30,CE,49.4,8.83,0.4901,0.003100,-22.4989,5.7822,0.3912,33789075,22614775,234603750
2025-12-29 12:15:19,25980.1,26000,2025-12-30,PE,51.7,8.59,-0.5103,0.003200,-21.8767,5.7821,-0.4681,22821025,7865600,365369250
2025-12-29 12:15:24,25980.2,26000,2025-12-30,CE,49.5,8.82,0.4907,0.003100,-22.4616,5.7823,0.3914,33789075,22614775,234654075
2025-12-29 12:15:24,25980.2,26000,2025-12-30,PE,51.5,8.65,-0.5095,0.003200,-22.0338,5.7823,-0.4676,22821025,7865600,365431875
2025-12-29 12:15:30,25982.0,26000,2025-12-30,CE,49.8,8.91,0.4886,0.003100,-22.6923,5.7811,0.3963,33789075,22614775,234780675
2025-12-29 12:15:30,25982.0,26000,2025-12-30,PE,51.0,8.51,-0.5120,0.003200,-21.6810,5.7809,-0.4634,22821025,7865600,365570925
2025-12-29 12:15:35,25981.95,26000,2025-12-30,CE,50.1,8.82,0.4947,0.003100,-22.4686,5.7833,0.3959,33789075,22614775,234847050
2025-12-29 12:15:35,25981.95,26000,2025-12-30,PE,50.85,8.58,-0.5055,0.003200,-21.8465,5.7832,-0.4632,22821025,7865600,365684400
2025-12-29 12:15:41,25980.9,26000,2025-12-30,CE,49.7,8.88,0.4920,0.003100,-22.6213,5.7823,0.3933,33789075,22614775,234906600
2025-12-29 12:15:41,25980.9,26000,2025-12-30,PE,51.15,8.54,-0.5084,0.003200,-21.7657,5.7822,-0.4661,22821025,7865600,365728350
2025-12-29 12:15:46,25980.1,26000,2025-12-30,CE,49.6,8.91,0.4908,0.003100,-22.6978,5.7817,0.3914,33789075,22614775,234949950
2025-12-29 12:15:46,25980.1,26000,2025-12-30,PE,51.4,8.54,-0.5097,0.003200,-21.7643,5.7815,-0.4682,22821025,7865600,365752575
2025-12-29 12:15:52,25979.75,26000,2025-12-30,CE,49.9,8.85,0.4907,0.003100,-22.5428,5.7815,0.3902,33789075,22614775,234993000
2025-12-29 12:15:52,25979.75,26000,2025-12-30,PE,50.9,8.56,-0.5097,0.003200,-21.8038,5.7814,-0.4691,22821025,7865600,365800125
2025-12-29 12:16:01,25981.0,26000,2025-12-30,CE,49.65,8.79,0.4947,0.003100,-22.3931,5.7827,0.3932,33789075,22614775,235045800
2025-12-29 12:16:01,25981.0,26000,2025-12-30,PE,51.2,8.65,-0.5054,0.003200,-22.0431,5.7827,-0.4653,22821025,7865600,365828775
2025-12-29 12:16:10,25979.3,26000,2025-12-30,CE,49.85,8.90,0.4889,0.003100,-22.6586,5.7801,0.3892,33789075,22614775,235163400
2025-12-29 12:16:10,25979.3,26000,2025-12-30,PE,51.0,8.53,-0.5116,0.003200,-21.7249,5.7799,-0.4703,22821025,7865600,365990550
2025-12-29 12:16:15,25980.75,26000,2025-12-30,CE,49.5,8.93,0.4899,0.003100,-22.7387,5.7804,0.3930,33789075,22614775,235179675
2025-12-29 12:16:15,25980.75,26000,2025-12-30,PE,51.35,8.50,-0.5107,0.003200,-21.6494,5.7802,-0.4666,22821025,7865600,366034725
2025-12-29 12:16:25,25980.35,26000,2025-12-30,CE,49.25,8.82,0.4894,0.003100,-22.4670,5.7799,0.3915,33789075,22614775,235270125
2025-12-29 12:16:25,25980.35,26000,2025-12-30,PE,51.45,8.58,-0.5109,0.003200,-21.8445,5.7798,-0.4672,22821025,7865600,366105975
2025-12-29 12:16:30,25977.45,26000,2025-12-30,CE,49.35,8.76,0.4915,0.003100,-22.3154,5.7806,0.3837,33789075,22614775,235301250
2025-12-29 12:16:30,25977.45,26000,2025-12-30,PE,51.4,8.64,-0.5086,0.003200,-22.0042,5.7806,-0.4746,22821025,7865600,366129600
2025-12-29 12:16:35,25979.75,26000,2025-12-30,CE,49.1,8.90,0.4874,0.003100,-22.6585,5.7786,0.3903,33789075,22614775,235505700
2025-12-29 12:16:35,25979.75,26000,2025-12-30,PE,51.5,8.48,-0.5133,0.003200,-21.6078,5.7782,-0.4692,22821025,7865600,366245775
2025-12-29 12:16:41,25979.95,26000,2025-12-30,CE,49.3,8.85,0.4885,0.003100,-22.5448,5.7790,0.3905,33789075,22614775,235564200
2025-12-29 12:16:41,25979.95,26000,2025-12-30,PE,51.55,8.56,-0.5119,0.003200,-21.8055,5.7788,-0.4683,22821025,7865600,366301425
2025-12-29 12:16:47,25977.9,26000,2025-12-30,CE,49.3,8.87,0.4886,0.003100,-22.5842,5.7789,0.3853,33789075,22614775,235590450
2025-12-29 12:16:47,25977.9,26000,2025-12-30,PE,51.55,8.56,-0.5119,0.003200,-21.8060,5.7787,-0.4738,22821025,7865600,366343125
2025-12-29 12:16:53,25978.65,26000,2025-12-30,CE,49.3,8.91,0.4865,0.003100,-22.6971,5.7776,0.3874,33789075,22614775,235614225
2025-12-29 12:16:53,25978.65,26000,2025-12-30,PE,51.4,8.50,-0.5143,0.003200,-21.6463,5.7773,-0.4720,22821025,7865600,366376650
2025-12-29 12:16:58,25980.1,26000,2025-12-30,CE,49.35,8.90,0.4871,0.003100,-22.6601,5.7778,0.3911,33789075,22614775,235643400
2025-12-29 12:16:58,25980.1,26000,2025-12-30,PE,51.3,8.50,-0.5136,0.003200,-21.6482,5.7775,-0.4681,22821025,7865600,366412875
2025-12-29 12:17:04,25979.85,26000,2025-12-30,CE,49.25,8.77,0.4922,0.003100,-22.3587,5.7800,0.3899,33789075,22614775,235661025
2025-12-29 12:17:04,25979.85,26000,2025-12-30,PE,51.45,8.65,-0.5079,0.003200,-22.0474,5.7799,-0.4681,22821025,7865600,366467400
2025-12-29 12:17:10,25980.55,26000,2025-12-30,CE,49.4,8.80,0.4910,0.003100,-22.4358,5.7792,0.3918,33901200,22726900,235754325
2025-12-29 12:17:10,25980.55,26000,2025-12-30,PE,51.15,8.59,-0.5093,0.003200,-21.8910,5.7791,-0.4665,23016025,8060600,366549900
2025-12-29 12:17:15,25979.45,26000,2025-12-30,CE,49.3,8.87,0.4892,0.003100,-22.5889,5.7783,0.3892,33901200,22726900,235775100
2025-12-29 12:17:15,25979.45,26000,2025-12-30,PE,51.3,8.48,-0.5114,0.003200,-21.6160,5.7781,-0.4699,23016025,8060600,366586350
2025-12-29 12:17:20,25980.0,26000,2025-12-30,CE,49.0,8.87,0.4879,0.003100,-22.5871,5.7775,0.3906,33901200,22726900,235815750
2025-12-29 12:17:20,25980.0,26000,2025-12-30,PE,51.55,8.51,-0.5126,0.003200,-21.6919,5.7773,-0.4683,23016025,8060600,366600300
2025-12-29 12:17:26,25981.6,26000,2025-12-30,CE,49.1,8.85,0.4876,0.003100,-22.5481,5.7772,0.3946,33901200,22726900,235886625
2025-12-29 12:17:26,25981.6,26000,2025-12-30,PE,51.5,8.51,-0.5130,0.003200,-21.6918,5.7770,-0.4639,23016025,8060600,366630450
2025-12-29 12:17:31,25979.55,26000,2025-12-30,CE,49.05,8.73,0.4915,0.003200,-22.2445,5.7788,0.3888,33901200,22726900,235917750
2025-12-29 12:17:31,25979.55,26000,2025-12-30,PE,51.4,8.67,-0.5086,0.003200,-22.0888,5.7788,-0.4687,23016025,8060600,366663000
2025-12-29 12:17:37,25977.25,26000,2025-12-30,CE,48.9,8.90,0.4864,0.003100,-22.6634,5.7763,0.3836,33901200,22726900,235941300
2025-12-29 12:17:37,25977.25,26000,2025-12-30,PE,51.6,8.50,-0.5143,0.003200,-21.6512,5.7759,-0.4756,23016025,8060600,366686400
2025-12-29 12:17:42,25977.3,26000,2025-12-30,CE,49.0,8.88,0.4867,0.003100,-22.6257,5.7763,0.3836,33901200,22726900,235997925
2025-12-29 12:17:42,25977.3,26000,2025-12-30,PE,51.3,8.47,-0.5140,0.003200,-21.5747,5.7760,-0.4756,23016025,8060600,366704550
2025-12-29 12:17:47,25979.75,26000,2025-12-30,CE,49.0,8.90,0.4864,0.003100,-22.6645,5.7760,0.3900,33901200,22726900,236026800
2025-12-29 12:17:47,25979.75,26000,2025-12-30,PE,51.45,8.45,-0.5144,0.003300,-21.5355,5.7756,-0.4691,23016025,8060600,366729750
2025-12-29 12:17:53,25979.2,26000,2025-12-30,CE,49.5,8.91,0.4862,0.003100,-22.7033,5.7757,0.3886,33901200,22726900,236081400
2025-12-29 12:17:53,25979.2,26000,2025-12-30,PE,50.85,8.42,-0.5148,0.003300,-21.4575,5.7752,-0.4707,23016025,8060600,366834300
2025-12-29 12:17:58,25980.2,26000,2025-12-30,CE,49.35,8.79,0.4922,0.003100,-22.4038,5.7784,0.3906,33901200,22726900,236109900
2025-12-29 12:17:58,25980.2,26000,2025-12-30,PE,51.0,8.54,-0.5081,0.003200,-21.7812,5.7783,-0.4674,23016025,8060600,366892875
2025-12-29 12:18:04,25979.8,26000,2025-12-30,CE,49.4,8.88,0.4889,0.003100,-22.6324,5.7768,0.3899,33901200,22726900,236147325
2025-12-29 12:18:04,25979.8,26000,2025-12-30,PE,50.95,8.45,-0.5118,0.003300,-21.5425,5.7766,-0.4689,23016025,8060600,366918750
2025-12-29 12:18:09,25980.15,26000,2025-12-30,CE,49.35,8.88,0.4892,0.003100,-22.6336,5.7768,0.3908,33901200,22726900,236213100
2025-12-29 12:18:09,25980.15,26000,2025-12-30,PE,50.9,8.44,-0.5115,0.003300,-21.5047,5.7766,-0.4680,23016025,8060600,366984600
2025-12-29 12:18:15,25980.15,26000,2025-12-30,CE,49.05,8.67,0.4943,0.003200,-22.0975,5.7784,0.3899,33901200,22726900,236300175
2025-12-29 12:18:15,25980.15,26000,2025-12-30,PE,51.1,8.68,-0.5057,0.003200,-22.1364,5.7784,-0.4669,23016025,8060600,367070400
2025-12-29 12:18:20,25980.2,26000,2025-12-30,CE,49.15,8.67,0.4946,0.003200,-22.0984,5.7784,0.3900,33901200,22726900,236317575
2025-12-29 12:18:20,25980.2,26000,2025-12-30,PE,51.0,8.70,-0.5054,0.003200,-22.1762,5.7784,-0.4667,23016025,8060600,367090875
2025-12-29 12:18:26,25980.45,26000,2025-12-30,CE,49.2,8.88,0.4877,0.003100,-22.6329,5.7755,0.3915,33901200,22726900,236339250
2025-12-29 12:18:26,25980.45,26000,2025-12-30,PE,51.1,8.45,-0.5131,0.003300,-21.5427,5.7752,-0.4670,23016025,8060600,367110525
2025-12-29 12:18:31,25979.9,26000,2025-12-30,CE,49.1,8.85,0.4876,0.003100,-22.5556,5.7753,0.3900,33901200,22726900,236369925
2025-12-29 12:18:31,25979.9,26000,2025-12-30,PE,51.15,8.48,-0.5130,0.003200,-21.6211,5.7750,-0.4684,23016025,8060600,367135275
2025-12-29 12:18:37,25979.5,26000,2025-12-30,CE,49.0,8.83,0.4885,0.003100,-22.5190,5.7756,0.3888,33901200,22726900,236400300
2025-12-29 12:18:37,25979.5,26000,2025-12-30,PE,51.05,8.50,-0.5120,0.003200,-21.6625,5.7754,-0.4693,23016025,8060600,367160625
2025-12-29 12:18:42,25980.85,26000,2025-12-30,CE,49.2,8.87,0.4870,0.003100,-22.5944,5.7747,0.3924,33901200,22726900,236434650
2025-12-29 12:18:42,25980.85,26000,2025-12-30,PE,50.85,8.44,-0.5137,0.003300,-21.5041,5.7743,-0.4659,23016025,8060600,367188600
2025-12-29 12:18:48,25980.15,26000,2025-12-30,CE,49.05,8.87,0.4882,0.003100,-22.5975,5.7752,0.3906,33901200,22726900,236460900
2025-12-29 12:18:48,25980.15,26000,2025-12-30,PE,51.15,8.44,-0.5124,0.003300,-21.5073,5.7749,-0.4678,23016025,8060600,367213500
2025-12-29 12:18:53,25980.55,26000,2025-12-30,CE,49.1,8.83,0.4885,0.003100,-22.5208,5.7752,0.3915,33901200,22726900,236479500
2025-12-29 12:18:53,25980.55,26000,2025-12-30,PE,51.05,8.50,-0.5120,0.003200,-21.6642,5.7750,-0.4664,23016025,8060600,367250250
2025-12-29 12:18:58,25979.9,26000,2025-12-30,CE,49.2,8.82,0.4891,0.003100,-22.4835,5.7753,0.3897,33901200,22726900,236510250
2025-12-29 12:18:58,25979.9,26000,2025-12-30,PE,51.0,8.50,-0.5114,0.003200,-21.6659,5.7751,-0.4682,23016025,8060600,367278150
2025-12-29 12:19:04,25979.35,26000,2025-12-30,CE,49.05,8.82,0.4894,0.003100,-22.4847,5.7753,0.3883,33901200,22726900,236542650
2025-12-29 12:19:04,25979.35,26000,2025-12-30,PE,51.05,8.50,-0.5110,0.003200,-21.6670,5.7751,-0.4696,23016025,8060600,367311150
2025-12-29 12:19:09,25981.65,26000,2025-12-30,CE,48.9,8.79,0.4894,0.003100,-22.4074,5.7751,0.3941,33901200,22726900,236573550
2025-12-29 12:19:09,25981.65,26000,2025-12-30,PE,51.05,8.51,-0.5110,0.003200,-21.7066,5.7750,-0.4634,23016025,8060600,367354425
2025-12-29 12:19:15,25981.1,26000,2025-12-30,CE,48.9,8.83,0.4870,0.003100,-22.5205,5.7736,0.3928,33901200,22726900,236784750
2025-12-29 12:19:15,25981.1,26000,2025-12-30,PE,51.1,8.48,-0.5137,0.003200,-21.6247,5.7733,-0.4650,23016025,8060600,367470000
2025-12-29 12:19:20,25979.55,26000,2025-12-30,CE,48.7,8.68,0.4927,0.003200,-22.1419,5.7760,0.3881,33901200,22726900,236802000
2025-12-29 12:19:20,25979.55,26000,2025-12-30,PE,51.25,8.62,-0.5073,0.003200,-21.9861,5.7760,-0.4685,23016025,8060600,367503375
2025-12-29 12:19:26,25979.35,26000,2025-12-30,CE,48.65,8.56,0.4961,0.003200,-21.8347,5.7768,0.3870,33901200,22726900,236850975
2025-12-29 12:19:26,25979.35,26000,2025-12-30,PE,51.5,8.74,-0.5038,0.003200,-22.3018,5.7768,-0.4684,23016025,8060600,367525875
2025-12-29 12:19:31,25978.0,26000,2025-12-30,CE,48.4,8.83,0.4860,0.003100,-22.5202,5.7727,0.3847,33901200,22726900,236931375
2025-12-29 12:19:31,25978.0,26000,2025-12-30,PE,51.7,8.50,-0.5146,0.003200,-21.6632,5.7723,-0.4731,23016025,8060600,367613025
2025-12-29 12:19:36,25977.45,26000,2025-12-30,CE,48.0,8.79,0.4856,0.003100,-22.4032,5.7723,0.3831,33901200,22726900,237135975
2025-12-29 12:19:36,25977.45,26000,2025-12-30,PE,52.1,8.51,-0.5149,0.003200,-21.7020,5.7720,-0.4745,23016025,8060600,367723275
2025-12-29 12:19:42,25977.7,26000,2025-12-30,CE,48.5,8.73,0.4855,0.003200,-22.2479,5.7721,0.3834,33901200,22726900,237230100
2025-12-29 12:19:42,25977.7,26000,2025-12-30,PE,51.65,8.59,-0.5148,0.003200,-21.8973,5.7720,-0.4734,23016025,8060600,367841250
2025-12-29 12:19:47,25977.65,26000,2025-12-30,CE,48.0,8.82,0.4854,0.003100,-22.4815,5.7718,0.3837,33901200,22726900,237314325
2025-12-29 12:19:47,25977.65,26000,2025-12-30,PE,52.4,8.50,-0.5153,0.003200,-21.6634,5.7715,-0.4740,23016025,8060600,367924800
2025-12-29 12:19:53,25976.7,26000,2025-12-30,CE,48.2,8.82,0.4822,0.003100,-22.4741,5.7696,0.3813,33901200,22726900,237352875
2025-12-29 12:19:53,25976.7,26000,2025-12-30,PE,52.0,8.54,-0.5184,0.003200,-21.7726,5.7692,-0.4763,23016025,8060600,367976025
2025-12-29 12:19:58,25977.2,26000,2025-12-30,CE,48.2,8.85,0.4826,0.003100,-22.5534,5.7698,0.3827,33901200,22726900,237403350
2025-12-29 12:19:58,25977.2,26000,2025-12-30,PE,52.1,8.48,-0.5182,0.003200,-21.6181,5.7692,-0.4752,23016025,8060600,368062125
2025-12-29 12:20:04,25976.7,26000,2025-12-30,CE,48.3,8.85,0.4826,0.003100,-22.5540,5.7696,0.3814,33901200,22726900,237491025
2025-12-29 12:20:04,25976.7,26000,2025-12-30,PE,52.0,8.50,-0.5182,0.003200,-21.6577,5.7691,-0.4764,23016025,8060600,368149500
2025-12-29 12:20:09,25977.15,26000,2025-12-30,CE,48.1,8.85,0.4829,0.003100,-22.5555,5.7697,0.3825,33807975,22633675,237605325
2025-12-29 12:20:09,25977.15,26000,2025-12-30,PE,52.2,8.48,-0.5179,0.003200,-21.6201,5.7692,-0.4753,23003200,8047775,368233650
2025-12-29 12:20:15,25975.85,26000,2025-12-30,CE,47.95,8.74,0.4855,0.003100,-22.2903,5.7712,0.3786,33807975,22633675,237756600
2025-12-29 12:20:15,25975.85,26000,2025-12-30,PE,52.25,8.61,-0.5147,0.003200,-21.9396,5.7711,-0.4780,23003200,8047775,368336550
2025-12-29 12:20:20,25975.95,26000,2025-12-30,CE,47.55,8.76,0.4843,0.003100,-22.3274,5.7702,0.3789,33807975,22633675,237964500
2025-12-29 12:20:20,25975.95,26000,2025-12-30,PE,52.85,8.64,-0.5159,0.003200,-22.0157,5.7700,-0.4776,23003200,8047775,368575500
2025-12-29 12:20:25,25975.6,26000,2025-12-30,CE,47.7,8.85,0.4804,0.003100,-22.5506,5.7673,0.3785,33807975,22633675,238049775
2025-12-29 12:20:25,25975.6,26000,2025-12-30,PE,52.8,8.54,-0.5203,0.003200,-21.7708,5.7667,-0.4790,23003200,8047775,368744400
2025-12-29 12:20:31,25975.3,26000,2025-12-30,CE,47.65,8.83,0.4798,0.003100,-22.5102,5.7666,0.3776,33807975,22633675,238136625
2025-12-29 12:20:31,25975.3,26000,2025-12-30,PE,52.65,8.53,-0.5210,0.003200,-21.7304,5.7660,-0.4799,23003200,8047775,368828475
2025-12-29 12:20:36,25975.3,26000,2025-12-30,CE,47.65,8.82,0.4797,0.003100,-22.4718,5.7664,0.3775,33807975,22633675,238218000
2025-12-29 12:20:36,25975.3,26000,2025-12-30,PE,52.8,8.51,-0.5211,0.003200,-21.6920,5.7658,-0.4800,23003200,8047775,368929575
2025-12-29 12:20:42,25972.9,25950,2025-12-30,CE,76.2,9.14,0.6271,0.002900,-22.1252,5.4781,0.4968,7032525,5791050,71729025
2025-12-29 12:20:42,25972.9,25950,2025-12-30,PE,31.8,8.64,-0.3659,0.003000,-20.7770,5.4442,-0.3531,12459150,6778050,217089525
2025-12-29 12:20:47,25976.4,26000,2025-12-30,CE,46.95,8.79,0.4775,0.003100,-22.3878,5.7642,0.3801,33807975,22633675,238593975
2025-12-29 12:20:47,25976.4,26000,2025-12-30,PE,53.35,8.54,-0.5232,0.003200,-21.7637,5.7636,-0.4768,23003200,8047775,369221325
2025-12-29 12:20:52,25973.05,25950,2025-12-30,CE,76.55,9.11,0.6243,0.002900,-22.1029,5.4904,0.4974,7032525,5791050,71895825
2025-12-29 12:20:52,25973.05,25950,2025-12-30,PE,31.65,8.67,-0.3697,0.003000,-20.9207,5.4620,-0.3529,12459150,6778050,217437825
2025-12-29 12:20:59,25973.85,25950,2025-12-30,CE,76.2,9.23,0.6230,0.002800,-22.4235,5.4961,0.4984,7032525,5791050,71926650
2025-12-29 12:20:59,25973.85,25950,2025-12-30,PE,31.9,8.61,-0.3685,0.003000,-20.7522,5.4562,-0.3503,12459150,6778050,217541925
2025-12-29 12:21:05,25972.95,25950,2025-12-30,CE,75.85,9.09,0.6268,0.002900,-22.0210,5.4786,0.4972,7032525,5791050,71954175
2025-12-29 12:21:05,25972.95,25950,2025-12-30,PE,32.1,8.70,-0.3677,0.003000,-20.9594,5.4524,-0.3534,12459150,6778050,217686525
2025-12-29 12:21:11,25972.15,25950,2025-12-30,CE,75.5,9.03,0.6271,0.002900,-21.8696,5.4772,0.4957,7032525,5791050,72065700
2025-12-29 12:21:11,25972.15,25950,2025-12-30,PE,32.45,8.74,-0.3689,0.003000,-21.0941,5.4581,-0.3558,12459150,6778050,218014650
2025-12-29 12:21:16,25971.3,25950,2025-12-30,CE,75.4,9.08,0.6242,0.002900,-22.0345,5.4904,0.4932,7032525,5791050,72110850
2025-12-29 12:21:16,25971.3,25950,2025-12-30,PE,32.6,8.74,-0.3713,0.003000,-21.1382,5.4693,-0.3579,12459150,6778050,218176275
2025-12-29 12:21:22,25969.75,25950,2025-12-30,CE,74.85,9.08,0.6236,0.002900,-22.0454,5.4928,0.4893,7032525,5791050,72202800
2025-12-29 12:21:22,25969.75,25950,2025-12-30,PE,32.75,8.76,-0.3721,0.003000,-21.1902,5.4729,-0.3620,12459150,6778050,218378025
2025-12-29 12:21:27,25971.3,25950,2025-12-30,CE,74.65,8.97,0.6250,0.002900,-21.7611,5.4863,0.4940,7032525,5791050,72265050
2025-12-29 12:21:27,25971.3,25950,2025-12-30,PE,32.85,8.77,-0.3723,0.003000,-21.2314,5.4738,-0.3581,12459150,6778050,218564175
2025-12-29 12:21:32,25969.6,25950,2025-12-30,CE,74.15,9.06,0.6209,0.002900,-22.0573,5.5045,0.4890,7032525,5791050,72335475
2025-12-29 12:21:32,25969.6,25950,2025-12-30,PE,33.2,8.73,-0.3747,0.003000,-21.1629,5.4844,-0.3622,12459150,6778050,218721600
2025-12-29 12:21:38,25969.25,25950,2025-12-30,CE,74.85,8.97,0.6221,0.002900,-21.8142,5.4991,0.4888,7032525,5791050,72430575
2025-12-29 12:21:38,25969.25,25950,2025-12-30,PE,32.85,8.79,-0.3755,0.003000,-21.3263,5.4881,-0.3635,12459150,6778050,219013350
2025-12-29 12:21:43,25970.1,25950,2025-12-30,CE,75.75,9.09,0.6205,0.002900,-22.1395,5.5059,0.4900,7032525,5791050,72462825
2025-12-29 12:21:43,25970.1,25950,2025-12-30,PE,32.55,8.73,-0.3747,0.003000,-21.1639,5.4841,-0.3608,12459150,6778050,219180375
2025-12-29 12:21:49,25970.7,25950,2025-12-30,CE,75.7,9.25,0.6189,0.002800,-22.5406,5.5129,0.4903,7032525,5791050,72501900
2025-12-29 12:21:49,25970.7,25950,2025-12-30,PE,32.7,8.68,-0.3738,0.003000,-21.0369,5.4796,-0.3589,12459150,6778050,219331575
2025-12-29 12:21:55,25972.35,25950,2025-12-30,CE,75.25,9.06,0.6255,0.002900,-21.9763,5.4832,0.4958,7032525,5791050,72525750
2025-12-29 12:21:55,25972.35,25950,2025-12-30,PE,32.85,8.82,-0.3712,0.003000,-21.3240,5.4677,-0.3558,12459150,6778050,219428325
2025-12-29 12:22:00,25972.9,25950,2025-12-30,CE,75.8,9.06,0.6235,0.002900,-22.0135,5.4921,0.4971,7032525,5791050,72582075
2025-12-29 12:22:00,25972.9,25950,2025-12-30,PE,32.55,8.79,-0.3728,0.003000,-21.2805,5.4752,-0.3541,12459150,6778050,219600150
2025-12-29 12:22:05,25974.2,25950,2025-12-30,CE,75.9,8.94,0.6321,0.002900,-21.5593,5.4517,0.5013,7032525,5791050,72647625
2025-12-29 12:22:05,25974.2,25950,2025-12-30,PE,32.45,8.88,-0.3670,0.002900,-21.3956,5.4475,-0.3515,12459150,6778050,219794325
2025-12-29 12:22:11,25973.05,25950,2025-12-30,CE,76.25,8.93,0.6318,0.002900,-21.5299,5.4533,0.4984,7032525,5791050,72668250
2025-12-29 12:22:11,25973.05,25950,2025-12-30,PE,32.4,8.87,-0.3674,0.002900,-21.3662,5.4491,-0.3543,12459150,6778050,219858300
2025-12-29 12:22:16,25970.75,25950,2025-12-30,CE,75.95,9.23,0.6217,0.002800,-22.4576,5.4999,0.4905,7032525,5791050,72695625
2025-12-29 12:22:16,25970.75,25950,2025-12-30,PE,32.55,8.71,-0.3714,0.003000,-21.0731,5.4682,-0.3589,12459150,6778050,219947775
2025-12-29 12:22:22,25970.4,25950,2025-12-30,CE,75.65,9.03,0.6280,0.002900,-21.8606,5.4710,0.4910,7032525,5791050,72712050
2025-12-29 12:22:22,25970.4,25950,2025-12-30,PE,32.75,8.87,-0.3697,0.002900,-21.4114,5.4600,-0.3610,12459150,6778050,220033950
2025-12-29 12:22:27,25971.3,25950,2025-12-30,CE,75.4,8.90,0.6319,0.002900,-21.4551,5.4521,0.4942,7032525,5791050,72732975
2025-12-29 12:22:27,25971.3,25950,2025-12-30,PE,32.95,8.91,-0.3683,0.002900,-21.4960,5.4532,-0.3590,12459150,6778050,220085925
2025-12-29 12:22:33,25970.55,25950,2025-12-30,CE,75.35,8.88,0.6315,0.002900,-21.4258,5.4538,0.4925,7032525,5791050,72793725
2025-12-29 12:22:33,25970.55,25950,2025-12-30,PE,32.8,8.94,-0.3693,0.002900,-21.5893,5.4579,-0.3611,12459150,6778050,220156650
2025-12-29 12:22:38,25969.4,25950,2025-12-30,CE,74.85,9.09,0.6231,0.002900,-22.0990,5.4927,0.4880,7032525,5791050,72849600
2025-12-29 12:22:38,25969.4,25950,2025-12-30,PE,33.3,8.79,-0.3728,0.003000,-21.2845,5.4739,-0.3629,12459150,6778050,220281525
2025-12-29 12:22:44,25970.05,25950,2025-12-30,CE,74.9,9.17,0.6176,0.002900,-22.3837,5.5169,0.4891,7032525,5791050,72878250
2025-12-29 12:22:44,25970.05,25950,2025-12-30,PE,33.05,8.76,-0.3772,0.003000,-21.2878,5.4936,-0.3610,12459150,6778050,220466325
2025-12-29 12:22:49,25971.55,25950,2025-12-30,CE,74.95,9.08,0.6213,0.002900,-22.0954,5.5005,0.4934,7032525,5791050,72905025
2025-12-29 12:22:49,25971.55,25950,2025-12-30,PE,33.0,8.79,-0.3749,0.003000,-21.3226,5.4832,-0.3573,12459150,6778050,220570875
2025-12-29 12:22:55,25970.9,25950,2025-12-30,CE,75.0,8.94,0.6269,0.002900,-21.6617,5.4751,0.4928,7032525,5791050,72928500
2025-12-29 12:22:55,25970.9,25950,2025-12-30,PE,33.0,8.87,-0.3721,0.003000,-21.4577,5.4702,-0.3596,12459150,6778050,220636050
2025-12-29 12:23:00,25971.15,25950,2025-12-30,CE,74.65,9.09,0.6191,0.002900,-22.1730,5.5097,0.4923,7032525,5791050,73044150
2025-12-29 12:23:00,25971.15,25950,2025-12-30,PE,33.15,8.79,-0.3770,0.003000,-21.3607,5.4921,-0.3583,12459150,6778050,220851825
2025-12-29 12:23:06,25970.6,25950,2025-12-30,CE,73.7,8.93,0.6262,0.002900,-21.6384,5.4777,0.4921,7015575,5774100,73106325
2025-12-29 12:23:06,25970.6,25950,2025-12-30,PE,33.5,8.87,-0.3729,0.003000,-21.4753,5.4738,-0.3603,13008525,7327425,220945050
2025-12-29 12:23:11,25970.65,25950,2025-12-30,CE,73.5,8.85,0.6246,0.003000,-21.4827,5.4849,0.4928,7015575,5774100,73161900
2025-12-29 12:23:11,25970.65,25950,2025-12-30,PE,33.5,8.88,-0.3758,0.003000,-21.5641,5.4867,-0.3602,13008525,7327425,221089125
2025-12-29 12:23:16,25969.6,25950,2025-12-30,CE,72.5,8.82,0.6250,0.003000,-21.4018,5.4828,0.4903,7015575,5774100,73359225
2025-12-29 12:23:16,25969.6,25950,2025-12-30,PE,34.15,8.88,-0.3758,0.003000,-21.5647,5.4866,-0.3629,13008525,7327425,221310900
2025-12-29 12:23:22,25969.3,25950,2025-12-30,CE,72.3,8.68,0.6257,0.003000,-21.0567,5.4795,0.4905,7015575,5774100,73504125
2025-12-29 12:23:22,25969.3,25950,2025-12-30,PE,34.1,8.97,-0.3782,0.002900,-21.8299,5.4971,-0.3643,13008525,7327425,221465775
2025-12-29 12:23:27,25967.75,25950,2025-12-30,CE,69.45,8.64,0.6263,0.003000,-20.9349,5.4764,0.4868,7015575,5774100,73944525
2025-12-29 12:23:27,25967.75,25950,2025-12-30,PE,35.5,8.96,-0.3780,0.002900,-21.7898,5.4961,-0.3681,13008525,7327425,222015600
2025-12-29 12:23:33,25967.55,25950,2025-12-30,CE,69.8,8.45,0.6199,0.003100,-20.5978,5.5046,0.4876,7015575,5774100,74221575
2025-12-29 12:23:33,25967.55,25950,2025-12-30,PE,35.4,9.00,-0.3871,0.002900,-22.0558,5.5346,-0.3688,13008525,7327425,222524175
2025-12-29 12:23:38,25966.95,25950,2025-12-30,CE,69.55,8.68,0.6099,0.003100,-21.3170,5.5464,0.4844,7015575,5774100,74375925
2025-12-29 12:23:38,25966.95,25950,2025-12-30,PE,35.25,8.88,-0.3924,0.003000,-21.8410,5.5558,-0.3695,13008525,7327425,222747225
2025-12-29 12:23:44,25963.8,25950,2025-12-30,CE,69.6,9.00,0.5988,0.003000,-22.2723,5.5884,0.4743,7015575,5774100,74465550
2025-12-29 12:23:44,25963.8,25950,2025-12-30,PE,35.25,8.62,-0.3971,0.003100,-21.2695,5.5729,-0.3760,13008525,7327425,222987675
2025-12-29 12:23:49,25965.5,25950,2025-12-30,CE,68.55,8.80,0.6066,0.003000,-21.6680,5.5589,0.4798,7015575,5774100,74590200
2025-12-29 12:23:49,25965.5,25950,2025-12-30,PE,36.0,8.76,-0.3928,0.003000,-21.5472,5.5568,-0.3724,13008525,7327425,223406550
2025-12-29 12:23:55,25961.8,25950,2025-12-30,CE,68.55,8.80,0.6015,0.003000,-21.7436,5.5781,0.4703,7015575,5774100,74706375
2025-12-29 12:23:55,25961.8,25950,2025-12-30,PE,35.85,8.77,-0.3982,0.003000,-21.6633,5.5768,-0.3820,13008525,7327425,223854075
2025-12-29 12:24:00,25965.75,25950,2025-12-30,CE,68.65,8.91,0.5973,0.003000,-22.0669,5.5929,0.4797,7015575,5774100,74784225
2025-12-29 12:24:00,25965.75,25950,2025-12-30,PE,36.0,8.67,-0.4000,0.003100,-21.4259,5.5834,-0.3711,13008525,7327425,224107500
2025-12-29 12:24:06,25964.55,25950,2025-12-30,CE,68.3,8.80,0.6000,0.003000,-21.7666,5.5831,0.4773,7015575,5774100,75135450
2025-12-29 12:24:06,25964.55,25950,2025-12-30,PE,36.15,8.76,-0.3995,0.003100,-21.6463,5.5812,-0.3748,13008525,7327425,224705100
2025-12-29 12:24:11,25966.3,25950,2025-12-30,CE,70.05,8.82,0.5995,0.003000,-21.8114,5.5846,0.4816,7015575,5774100,75285300
2025-12-29 12:24:11,25966.3,25950,2025-12-30,PE,34.95,8.76,-0.3998,0.003100,-21.6511,5.5822,-0.3703,13008525,7327425,225157725
2025-12-29 12:24:16,25964.3,25950,2025-12-30,CE,69.55,9.02,0.6007,0.003000,-22.2865,5.5805,0.4753,7015575,5774100,75359175
2025-12-29 12:24:16,25964.3,25950,2025-12-30,PE,35.3,8.62,-0.3949,0.003100,-21.2421,5.5637,-0.3746,13008525,7327425,225372525
2025-12-29 12:24:22,25965.65,25950,2025-12-30,CE,70.15,8.85,0.6067,0.003000,-21.7833,5.5576,0.4797,7015575,5774100,75461025
2025-12-29 12:24:22,25965.65,25950,2025-12-30,PE,35.05,8.76,-0.3922,0.003000,-21.5417,5.5534,-0.3719,13008525,7327425,225492450
2025-12-29 12:24:27,25966.5,25950,2025-12-30,CE,70.0,9.05,0.6007,0.003000,-22.3636,5.5803,0.4806,7015575,5774100,75519675
2025-12-29 12:24:27,25966.5,25950,2025-12-30,PE,35.2,8.64,-0.3947,0.003100,-21.2790,5.5629,-0.3689,13008525,7327425,225623175
2025-12-29 12:24:33,25964.45,25950,2025-12-30,CE,69.35,8.74,0.6101,0.003000,-21.4700,5.5440,0.4773,7015575,5774100,75603300
2025-12-29 12:24:33,25964.45,25950,2025-12-30,PE,35.4,8.83,-0.3910,0.003000,-21.7120,5.5484,-0.3754,13008525,7327425,225724425
2025-12-29 12:24:38,25964.85,25950,2025-12-30,CE,69.2,9.06,0.5955,0.003000,-22.4755,5.5982,0.4764,7015575,5774100,75646500
2025-12-29 12:24:38,25964.85,25950,2025-12-30,PE,35.6,8.59,-0.3995,0.003100,-21.2338,5.5801,-0.3728,13008525,7327425,225857625
2025-12-29 12:24:44,25966.35,25950,2025-12-30,CE,69.35,8.97,0.5982,0.003000,-22.2112,5.5885,0.4807,7015575,5774100,75696825
2025-12-29 12:24:44,25966.35,25950,2025-12-30,PE,35.6,8.67,-0.3985,0.003100,-21.4092,5.5764,-0.3694,13008525,7327425,226035450
2025-12-29 12:24:49,25967.0,25950,2025-12-30,CE,69.45,8.97,0.5991,0.003000,-22.1992,5.5852,0.4823,7015575,5774100,75754275
2025-12-29 12:24:49,25967.0,25950,2025-12-30,PE,35.65,8.70,-0.3979,0.003100,-21.4770,5.5741,-0.3679,13008525,7327425,226165050
2025-12-29 12:24:55,25964.9,25950,2025-12-30,CE,69.35,8.85,0.6040,0.003000,-21.8268,5.5670,0.4777,7015575,5774100,75797700
2025-12-29 12:24:55,25964.9,25950,2025-12-30,PE,35.7,8.79,-0.3953,0.003000,-21.6660,5.5643,-0.3739,13008525,7327425,226263075
2025-12-29 12:25:00,25965.0,25950,2025-12-30,CE,69.3,8.97,0.5991,0.003000,-22.2002,5.5849,0.4772,7015575,5774100,75845325
2025-12-29 12:25:00,25965.0,25950,2025-12-30,PE,35.9,8.71,-0.3981,0.003100,-21.5182,5.5745,-0.3731,13008525,7327425,226371600
2025-12-29 12:25:06,25965.55,25950,2025-12-30,CE,68.8,9.08,0.5918,0.003000,-22.5667,5.6097,0.4779,7015575,5774100,76024650
2025-12-29 12:25:06,25965.55,25950,2025-12-30,PE,36.15,8.65,-0.4039,0.003100,-21.4475,5.5947,-0.3713,13008525,7327425,226881000
2025-12-29 12:25:12,25963.55,25950,2025-12-30,CE,68.65,8.83,0.6006,0.003000,-21.8409,5.5790,0.4743,7015575,5774100,76094625
2025-12-29 12:25:12,25963.55,25950,2025-12-30,PE,36.1,8.80,-0.3991,0.003000,-21.7607,5.5778,-0.3774,13008525,7327425,227063100
2025-12-29 12:25:18,25964.3,25950,2025-12-30,CE,68.7,8.87,0.6003,0.003000,-21.9217,5.5801,0.4759,7015575,5774100,76132575
2025-12-29 12:25:18,25964.3,25950,2025-12-30,PE,36.2,8.77,-0.3987,0.003000,-21.6809,5.5764,-0.3752,13008525,7327425,227228175
2025-12-29 12:25:24,25963.1,25950,2025-12-30,CE,68.05,8.88,0.5995,0.003000,-21.9708,5.5827,0.4728,7015575,5774100,76263900
2025-12-29 12:25:24,25963.1,25950,2025-12-30,PE,36.5,8.76,-0.3992,0.003100,-21.6499,5.5778,-0.3782,13008525,7327425,227550900
2025-12-29 12:25:30,25963.0,25950,2025-12-30,CE,67.65,8.88,0.5962,0.003000,-22.0171,5.5942,0.4725,7015575,5774100,76328400
2025-12-29 12:25:30,25963.0,25950,2025-12-30,PE,36.75,8.76,-0.4025,0.003100,-21.6968,5.5896,-0.3785,13008525,7327425,227831850
2025-12-29 12:25:35,25963.3,25950,2025-12-30,CE,68.1,8.94,0.5929,0.003000,-22.2144,5.6052,0.4729,7015575,5774100,76482525
2025-12-29 12:25:35,25963.3,25950,2025-12-30,PE,36.45,8.70,-0.4046,0.003100,-21.5747,5.5966,-0.3773,13008525,7327425,228174300
2025-12-29 12:25:42,25964.5,25950,2025-12-30,CE,68.2,8.99,0.5924,0.003000,-22.3348,5.6066,0.4756,7015575,5774100,76515825
2025-12-29 12:25:42,25964.5,25950,2025-12-30,PE,36.15,8.68,-0.4045,0.003100,-21.5352,5.5959,-0.3741,13008525,7327425,228276300
2025-12-29 12:25:47,25963.6,25950,2025-12-30,CE,68.15,8.91,0.5986,0.003000,-22.0621,5.5853,0.4738,7015575,5774100,76603875
2025-12-29 12:25:47,25963.6,25950,2025-12-30,PE,36.2,8.71,-0.3993,0.003100,-21.5407,5.5774,-0.3766,13008525,7327425,228680700
2025-12-29 12:25:54,25964.65,25950,2025-12-30,CE,68.7,8.99,0.5924,0.003000,-22.3359,5.6063,0.4760,7015575,5774100,76645875
2025-12-29 12:25:54,25964.65,25950,2025-12-30,PE,35.8,8.64,-0.4040,0.003100,-21.4162,5.5939,-0.3734,13008525,7327425,228801600
2025-12-29 12:25:59,25962.75,25950,2025-12-30,CE,68.2,8.87,0.6000,0.003000,-21.9302,5.5800,0.4718,7015575,5774100,76722300
2025-12-29 12:25:59,25962.75,25950,2025-12-30,PE,36.3,8.73,-0.3985,0.003100,-21.5689,5.5744,-0.3788,13008525,7327425,228969750
2025-12-29 12:26:06,25962.3,25950,2025-12-30,CE,68.75,9.00,0.5923,0.003000,-22.3775,5.6063,0.4699,7417125,6175650,76820175
2025-12-29 12:26:06,25962.3,25950,2025-12-30,PE,36.05,8.68,-0.4045,0.003100,-21.5378,5.5951,-0.3797,12800175,7119075,229166550
2025-12-29 12:26:12,25963.7,25950,2025-12-30,CE,68.8,9.06,0.5917,0.003000,-22.5378,5.6082,0.4731,7417125,6175650,76880700
2025-12-29 12:26:12,25963.7,25950,2025-12-30,PE,35.95,8.62,-0.4038,0.003100,-21.3782,5.5927,-0.3757,12800175,7119075,229296975
2025-12-29 12:26:17,25963.95,25950,2025-12-30,CE,69.3,9.08,0.5924,0.003000,-22.5665,5.6056,0.4736,7417125,6175650,76982700
2025-12-29 12:26:17,25963.95,25950,2025-12-30,PE,35.6,8.62,-0.4029,0.003100,-21.3664,5.5893,-0.3750,12800175,7119075,229508850
2025-12-29 12:26:23,25966.6,25950,2025-12-30,CE,69.75,9.06,0.5955,0.003000,-22.4870,5.5950,0.4803,7417125,6175650,77037300
2025-12-29 12:26:23,25966.6,25950,2025-12-30,PE,35.15,8.64,-0.3999,0.003100,-21.3650,5.5788,-0.3682,12800175,7119075,229616325
2025-12-29 12:26:28,25967.2,25950,2025-12-30,CE,69.85,9.09,0.5967,0.002900,-22.5472,5.5909,0.4816,7417125,6175650,77164200
2025-12-29 12:26:28,25967.2,25950,2025-12-30,PE,35.05,8.59,-0.3979,0.003100,-21.2235,5.5711,-0.3663,12800175,7119075,229937700
2025-12-29 12:26:34,25965.9,25950,2025-12-30,CE,69.45,8.94,0.6031,0.003000,-22.0785,5.5678,0.4792,7417125,6175650,77231700
2025-12-29 12:26:34,25965.9,25950,2025-12-30,PE,35.3,8.68,-0.3940,0.003100,-21.3945,5.5565,-0.3702,12800175,7119075,230013000
2025-12-29 12:26:39,25967.45,25950,2025-12-30,CE,69.85,9.02,0.5981,0.003000,-22.3396,5.5857,0.4826,7417125,6175650,77271225
2025-12-29 12:26:39,25967.45,25950,2025-12-30,PE,35.2,8.64,-0.3978,0.003100,-21.3363,5.5705,-0.3659,12800175,7119075,230110425
2025-12-29 12:26:45,25969.3,25950,2025-12-30,CE,70.0,9.12,0.5961,0.002900,-22.6330,5.5925,0.4865,7417125,6175650,77311200
2025-12-29 12:26:45,25969.3,25950,2025-12-30,PE,35.05,8.58,-0.3980,0.003100,-21.1892,5.5711,-0.3606,12800175,7119075,230167575
2025-12-29 12:26:51,25967.6,25950,2025-12-30,CE,70.2,9.06,0.5991,0.003000,-22.4405,5.5817,0.4826,7417125,6175650,77400900
2025-12-29 12:26:51,25967.6,25950,2025-12-30,PE,34.9,8.61,-0.3959,0.003100,-21.2355,5.5629,-0.3653,12800175,7119075,230370450
2025-12-29 12:26:57,25968.75,25950,2025-12-30,CE,70.2,8.82,0.6093,0.003000,-21.6867,5.5433,0.4871,7417125,6175650,77426025
2025-12-29 12:26:57,25968.75,25950,2025-12-30,PE,35.05,8.77,-0.3902,0.003000,-21.5656,5.5411,-0.3634,12800175,7119075,230460450
2025-12-29 12:27:02,25967.3,25950,2025-12-30,CE,70.05,9.08,0.5992,0.002900,-22.4775,5.5810,0.4817,7417125,6175650,77497350
2025-12-29 12:27:02,25967.3,25950,2025-12-30,PE,35.0,8.62,-0.3957,0.003100,-21.2723,5.5622,-0.3661,12800175,7119075,230538825
2025-12-29 12:27:08,25966.45,25950,2025-12-30,CE,69.9,8.79,0.6097,0.003000,-21.6070,5.5415,0.4814,7417125,6175650,77548800
2025-12-29 12:27:08,25966.45,25950,2025-12-30,PE,35.05,8.79,-0.3903,0.003000,-21.6070,5.5415,-0.3694,12800175,7119075,230632875
2025-12-29 12:27:13,25968.65,25950,2025-12-30,CE,70.2,9.03,0.5994,0.003000,-22.3625,5.5800,0.4853,7417125,6175650,77589375
2025-12-29 12:27:13,25968.65,25950,2025-12-30,PE,34.9,8.62,-0.3960,0.003100,-21.2778,5.5630,-0.3625,12800175,7119075,230719050
2025-12-29 12:27:19,25967.55,25950,2025-12-30,CE,70.2,9.08,0.5992,0.002900,-22.4792,5.5805,0.4823,7417125,6175650,77627775
2025-12-29 12:27:19,25967.55,25950,2025-12-30,PE,34.95,8.61,-0.3955,0.003100,-21.2336,5.5610,-0.3653,12800175,7119075,230783700
2025-12-29 12:27:24,25969.65,25950,2025-12-30,CE,70.25,8.82,0.6093,0.003000,-21.6893,5.5425,0.4893,7417125,6175650,77662200
2025-12-29 12:27:24,25969.65,25950,2025-12-30,PE,34.95,8.77,-0.3902,0.003000,-21.5682,5.5403,-0.3610,12800175,7119075,230839050
2025-12-29 12:27:30,25971.05,25950,2025-12-30,CE,70.1,9.05,0.6008,0.003000,-22.3829,5.5748,0.4911,7417125,6175650,77709975
2025-12-29 12:27:30,25971.05,25950,2025-12-30,PE,34.9,8.64,-0.3946,0.003100,-21.2973,5.5574,-0.3564,12800175,7119075,230938200
2025-12-29 12:27:38,25969.35,25950,2025-12-30,CE,69.15,8.79,0.6076,0.003000,-21.6424,5.5489,0.4887,7417125,6175650,77790000
2025-12-29 12:27:38,25969.35,25950,2025-12-30,PE,35.6,8.77,-0.3923,0.003000,-21.6020,5.5481,-0.3617,12800175,7119075,231113175
2025-12-29 12:27:44,25968.45,25950,2025-12-30,CE,69.2,9.05,0.5954,0.003000,-22.4598,5.5931,0.4846,7417125,6175650,77833875
2025-12-29 12:27:44,25968.45,25950,2025-12-30,PE,35.45,8.62,-0.4000,0.003100,-21.3373,5.5769,-0.3629,12800175,7119075,231193125
2025-12-29 12:27:49,25966.9,25950,2025-12-30,CE,68.45,8.73,0.6080,0.003000,-21.4866,5.5469,0.4828,7417125,6175650,77868150
2025-12-29 12:27:49,25966.9,25950,2025-12-30,PE,35.9,8.82,-0.3931,0.003000,-21.7286,5.5511,-0.3683,12800175,7119075,231259200
2025-12-29 12:27:54,25967.4,25950,2025-12-30,CE,68.45,8.93,0.5967,0.003000,-22.1404,5.5884,0.4827,7417125,6175650,77917350
2025-12-29 12:27:54,25967.4,25950,2025-12-30,PE,36.05,8.68,-0.4007,0.003100,-21.4988,5.5790,-0.3661,12800175,7119075,231563400
2025-12-29 12:28:00,25967.25,25950,2025-12-30,CE,67.85,8.80,0.6010,0.003000,-21.7778,5.5728,0.4832,7417125,6175650,78036900
2025-12-29 12:28:00,25967.25,25950,2025-12-30,PE,36.35,8.77,-0.3986,0.003000,-21.6975,5.5715,-0.3670,12800175,7119075,231692550
2025-12-29 12:28:05,25966.1,25950,2025-12-30,CE,67.45,8.76,0.5994,0.003100,-21.6878,5.5785,0.4804,7417125,6175650,78118275
2025-12-29 12:28:05,25966.1,25950,2025-12-30,PE,36.3,8.76,-0.4006,0.003100,-21.6878,5.5785,-0.3699,12800175,7119075,231789075
2025-12-29 12:28:11,25966.1,25950,2025-12-30,CE,68.2,8.67,0.6010,0.003100,-21.4394,5.5722,0.4810,7417125,6175650,78293625
2025-12-29 12:28:11,25966.1,25950,2025-12-30,PE,35.95,8.79,-0.4003,0.003000,-21.7607,5.5772,-0.3701,12800175,7119075,232113600
2025-12-29 12:28:16,25969.1,25950,2025-12-30,CE,68.5,8.83,0.5992,0.003000,-21.8816,5.5788,0.4876,7417125,6175650,78331725
2025-12-29 12:28:16,25969.1,25950,2025-12-30,PE,35.7,8.71,-0.3995,0.003100,-21.5604,5.5740,-0.3618,12800175,7119075,232508175
2025-12-29 12:28:22,25968.9,25950,2025-12-30,CE,68.8,9.00,0.5938,0.003000,-22.3722,5.5973,0.4859,7417125,6175650,78366600
2025-12-29 12:28:22,25968.9,25950,2025-12-30,PE,35.25,8.58,-0.4017,0.003100,-21.2506,5.5816,-0.3613,12800175,7119075,232767525
2025-12-29 12:28:27,25972.05,25950,2025-12-30,CE,69.15,9.09,0.5926,0.003000,-22.6167,5.6012,0.4930,7417125,6175650,78393675
2025-12-29 12:28:27,25972.05,25950,2025-12-30,PE,35.2,8.51,-0.4013,0.003100,-21.0948,5.5801,-0.3525,12800175,7119075,232960350
2025-12-29 12:28:32,25971.7,25950,2025-12-30,CE,69.1,8.74,0.6072,0.003000,-21.5407,5.5486,0.4948,7417125,6175650,78426825
2025-12-29 12:28:32,25971.7,25950,2025-12-30,PE,35.1,8.76,-0.3930,0.003000,-21.5811,5.5493,-0.3555,12800175,7119075,233230200
2025-12-29 12:28:38,25969.25,25950,2025-12-30,CE,69.35,9.06,0.5950,0.003000,-22.5098,5.5930,0.4862,7417125,6175650,78455475
2025-12-29 12:28:38,25969.25,25950,2025-12-30,PE,35.05,8.51,-0.3991,0.003100,-21.0660,5.5719,-0.3598,12800175,7119075,233337750
2025-12-29 12:28:43,25968.7,25950,2025-12-30,CE,69.3,9.08,0.5954,0.003000,-22.5423,5.5913,0.4847,7417125,6175650,78485475
2025-12-29 12:28:43,25968.7,25950,2025-12-30,PE,35.0,8.53,-0.3987,0.003100,-21.0981,5.5701,-0.3614,12800175,7119075,233411850
2025-12-29 12:28:49,25971.3,25950,2025-12-30,CE,69.6,9.03,0.5968,0.003000,-22.4103,5.5865,0.4915,7417125,6175650,78506100
2025-12-29 12:28:49,25971.3,25950,2025-12-30,PE,34.8,8.58,-0.3982,0.003100,-21.2062,5.5685,-0.3550,12800175,7119075,233535150
2025-12-29 12:28:54,25970.05,25950,2025-12-30,CE,69.75,8.74,0.6103,0.003000,-21.4965,5.5361,0.4905,7417125,6175650,78530700
2025-12-29 12:28:54,25970.05,25950,2025-12-30,PE,34.8,8.74,-0.3897,0.003000,-21.4965,5.5361,-0.3595,12800175,7119075,233592000
2025-12-29 12:29:00,25971.9,25950,2025-12-30,CE,69.75,8.73,0.6104,0.003000,-21.4566,5.5352,0.4953,7417125,6175650,78567075
2025-12-29 12:29:00,25971.9,25950,2025-12-30,PE,34.8,8.77,-0.3901,0.003000,-21.5778,5.5374,-0.3549,12800175,7119075,233658075
2025-12-29 12:29:06,25969.45,25950,2025-12-30,CE,69.25,8.90,0.6037,0.003000,-21.9741,5.5612,0.4877,7640400,6398925,78617700
2025-12-29 12:29:06,25969.45,25950,2025-12-30,PE,35.1,8.65,-0.3935,0.003100,-21.3296,5.5504,-0.3603,12872025,7190925,233773500
2025-12-29 12:29:12,25970.1,25950,2025-12-30,CE,69.55,8.70,0.6108,0.003100,-21.3773,5.5332,0.4909,7640400,6398925,78633750
2025-12-29 12:29:12,25970.1,25950,2025-12-30,PE,35.05,8.80,-0.3905,0.003000,-21.6602,5.5384,-0.3597,12872025,7190925,233819325
2025-12-29 12:29:17,25969.35,25950,2025-12-30,CE,69.25,8.70,0.6108,0.003100,-21.3778,5.5331,0.4889,7640400,6398925,78653625
2025-12-29 12:29:17,25969.35,25950,2025-12-30,PE,35.2,8.79,-0.3903,0.003000,-21.6203,5.5375,-0.3615,12872025,7190925,233885025
2025-12-29 12:29:22,25971.3,25950,2025-12-30,CE,69.3,9.02,0.5976,0.003000,-22.3657,5.5828,0.4914,7640400,6398925,78675750
2025-12-29 12:29:22,25971.3,25950,2025-12-30,PE,35.1,8.59,-0.3978,0.003100,-21.2412,5.5658,-0.3549,12872025,7190925,233914350
2025-12-29 12:29:28,25970.7,25950,2025-12-30,CE,69.75,9.03,0.5968,0.003000,-22.4146,5.5853,0.4898,7640400,6398925,78697800
2025-12-29 12:29:28,25970.7,25950,2025-12-30,PE,34.85,8.58,-0.3982,0.003100,-21.2102,5.5673,-0.3564,12872025,7190925,233973450
2025-12-29 12:29:33,25969.0,25950,2025-12-30,CE,69.65,8.73,0.6105,0.003000,-21.4601,5.5341,0.4877,7640400,6398925,78718575
2025-12-29 12:29:33,25969.0,25950,2025-12-30,PE,34.95,8.79,-0.3903,0.003000,-21.6218,5.5371,-0.3624,12872025,7190925,234027600
2025-12-29 12:29:39,25970.6,25950,2025-12-30,CE,69.15,9.09,0.5971,0.003000,-22.5637,5.5841,0.4891,7640400,6398925,78763875
2025-12-29 12:29:39,25970.6,25950,2025-12-30,PE,35.15,8.54,-0.3969,0.003100,-21.1177,5.5622,-0.3563,12872025,7190925,234096750
2025-12-29 12:29:44,25968.4,25950,2025-12-30,CE,69.6,9.03,0.5953,0.003000,-22.4367,5.5899,0.4840,7640400,6398925,78774525
2025-12-29 12:29:44,25968.4,25950,2025-12-30,PE,34.85,8.56,-0.3996,0.003100,-21.1931,5.5718,-0.3622,12872025,7190925,234140325
2025-12-29 12:29:50,25970.15,25950,2025-12-30,CE,69.5,8.73,0.6105,0.003000,-21.4616,5.5337,0.4906,7640400,6398925,78820725
2025-12-29 12:29:50,25970.15,25950,2025-12-30,PE,35.0,8.79,-0.3903,0.003000,-21.6233,5.5366,-0.3594,12872025,7190925,234264450
2025-12-29 12:29:56,25970.25,25950,2025-12-30,CE,69.55,9.09,0.5953,0.003000,-22.5899,5.5897,0.4882,7640400,6398925,78831450
2025-12-29 12:29:56,25970.25,25950,2025-12-30,PE,34.8,8.56,-0.3990,0.003100,-21.1855,5.5693,-0.3573,12872025,7190925,234308475
2025-12-29 12:30:01,25970.75,25950,2025-12-30,CE,69.8,8.83,0.6077,0.003000,-21.7691,5.5442,0.4913,7640400,6398925,78977625
2025-12-29 12:30:01,25970.75,25950,2025-12-30,PE,34.55,8.70,-0.3907,0.003100,-21.4058,5.5377,-0.3571,12872025,7190925,234565200
2025-12-29 12:30:08,25969.85,25950,2025-12-30,CE,70.15,9.00,0.6010,0.003000,-22.2838,5.5692,0.4877,7640400,6398925,79035075
2025-12-29 12:30:08,25969.85,25950,2025-12-30,PE,34.55,8.56,-0.3940,0.003100,-21.1165,5.5502,-0.3583,12872025,7190925,234625725
2025-12-29 12:30:14,25969.55,25950,2025-12-30,CE,70.0,8.97,0.6037,0.003000,-22.1690,5.5590,0.4872,7640400,6398925,79062300
2025-12-29 12:30:14,25969.55,25950,2025-12-30,PE,34.55,8.61,-0.3920,0.003100,-21.2015,5.5427,-0.3595,12872025,7190925,234703800
2025-12-29 12:30:23,25968.75,25950,2025-12-30,CE,69.7,8.85,0.6075,0.003000,-21.8111,5.5444,0.4860,7640400,6398925,79087350
2025-12-29 12:30:23,25968.75,25950,2025-12-30,PE,34.75,8.67,-0.3903,0.003100,-21.3265,5.5358,-0.3619,12872025,7190925,234798600
2025-12-29 12:30:28,25968.45,25950,2025-12-30,CE,69.8,8.85,0.6066,0.003000,-21.8258,5.5476,0.4852,7640400,6398925,79139100
2025-12-29 12:30:28,25968.45,25950,2025-12-30,PE,34.95,8.71,-0.3918,0.003100,-21.4626,5.5413,-0.3630,12872025,7190925,234942000
2025-12-29 12:30:35,25969.0,25950,2025-12-30,CE,69.3,8.91,0.6038,0.003000,-22.0189,5.5581,0.4861,7640400,6398925,79180125
2025-12-29 12:30:35,25969.0,25950,2025-12-30,PE,35.15,8.70,-0.3937,0.003100,-21.4548,5.5487,-0.3615,12872025,7190925,235002750
2025-12-29 12:30:40,25969.35,25950,2025-12-30,CE,69.5,8.85,0.6060,0.003000,-21.8359,5.5496,0.4874,7640400,6398925,79208625
2025-12-29 12:30:40,25969.35,25950,2025-12-30,PE,35.0,8.73,-0.3925,0.003100,-21.5132,5.5441,-0.3608,12872025,7190925,235067100
2025-12-29 12:30:45,25968.15,25950,2025-12-30,CE,69.45,9.00,0.5978,0.003000,-22.3342,5.5798,0.4833,7640400,6398925,79223175
2025-12-29 12:30:45,25968.15,25950,2025-12-30,PE,35.05,8.58,-0.3976,0.003100,-21.2092,5.5627,-0.3628,12872025,7190925,235113675
2025-12-29 12:30:51,25972.15,25950,2025-12-30,CE,69.8,8.87,0.6044,0.003000,-21.8997,5.5557,0.4943,7640400,6398925,79244100
2025-12-29 12:30:51,25972.15,25950,2025-12-30,PE,34.9,8.71,-0.3939,0.003100,-21.4966,5.5489,-0.3534,12872025,7190925,235177275
2025-12-29 12:30:56,25970.85,25950,2025-12-30,CE,71.0,9.02,0.6047,0.003000,-22.2724,5.5541,0.4899,7640400,6398925,79403775
2025-12-29 12:30:56,25970.85,25950,2025-12-30,PE,33.7,8.54,-0.3897,0.003100,-21.0212,5.5322,-0.3554,12872025,7190925,235673775
2025-12-29 12:31:02,25971.1,25950,2025-12-30,CE,71.25,8.97,0.6076,0.003000,-22.1158,5.5428,0.4908,7640400,6398925,79488375
2025-12-29 12:31:02,25971.1,25950,2025-12-30,PE,33.45,8.58,-0.3876,0.003100,-21.0647,5.5237,-0.3550,12872025,7190925,235878750
2025-12-29 12:31:07,25972.6,25950,2025-12-30,CE,71.35,8.85,0.6142,0.003000,-21.7125,5.5165,0.4955,7640400,6398925,79560375
2025-12-29 12:31:07,25972.6,25950,2025-12-30,PE,33.55,8.65,-0.3833,0.003100,-21.1851,5.5060,-0.3517,12872025,7190925,236079750
2025-12-29 12:31:13,25972.25,25950,2025-12-30,CE,71.7,8.87,0.6134,0.003000,-21.7632,5.5196,0.4944,7640400,6398925,79617225
2025-12-29 12:31:13,25972.25,25950,2025-12-30,PE,33.25,8.65,-0.3839,0.003100,-21.1955,5.5084,-0.3526,12872025,7190925,236177475
2025-12-29 12:31:18,25971.95,25950,2025-12-30,CE,72.0,8.97,0.6115,0.003000,-22.0567,5.5272,0.4929,7640400,6398925,79728375
2025-12-29 12:31:18,25971.95,25950,2025-12-30,PE,33.15,8.61,-0.3840,0.003100,-21.0841,5.5083,-0.3530,12872025,7190925,236533275
2025-12-29 12:31:24,25971.0,25950,2025-12-30,CE,71.85,8.88,0.6177,0.003000,-21.7312,5.5015,0.4912,7640400,6398925,79806000
2025-12-29 12:31:24,25971.0,25950,2025-12-30,PE,33.2,8.62,-0.3790,0.003100,-21.0397,5.4867,-0.3555,12872025,7190925,236707125
2025-12-29 12:31:30,25972.25,25950,2025-12-30,CE,71.85,9.03,0.6096,0.002900,-22.2383,5.5345,0.4931,7640400,6398925,79882350
2025-12-29 12:31:30,25972.25,25950,2025-12-30,PE,33.25,8.56,-0.3846,0.003100,-20.9830,5.5106,-0.3518,12872025,7190925,236781225
2025-12-29 12:31:35,25970.85,25950,2025-12-30,CE,71.95,8.73,0.6209,0.003000,-21.3052,5.4874,0.4919,7640400,6398925,79929675
2025-12-29 12:31:35,25970.85,25950,2025-12-30,PE,33.35,8.73,-0.3791,0.003000,-21.3052,5.4874,-0.3567,12872025,7190925,236864925
2025-12-29 12:31:40,25972.8,25950,2025-12-30,CE,71.9,8.80,0.6190,0.003000,-21.5244,5.4955,0.4963,7640400,6398925,79981725
2025-12-29 12:31:40,25972.8,25950,2025-12-30,PE,33.25,8.71,-0.3799,0.003000,-21.2803,5.4903,-0.3516,12872025,7190925,236946000
2025-12-29 12:31:46,25970.75,25950,2025-12-30,CE,71.8,8.90,0.6148,0.003000,-21.8182,5.5129,0.4903,7640400,6398925,80047125
2025-12-29 12:31:46,25970.75,25950,2025-12-30,PE,33.45,8.65,-0.3821,0.003100,-21.1687,5.4997,-0.3563,12872025,7190925,236998125
2025-12-29 12:31:51,25970.7,25950,2025-12-30,CE,71.2,8.83,0.6147,0.003000,-21.6716,5.5132,0.4907,7640400,6398925,80116275
2025-12-29 12:31:51,25970.7,25950,2025-12-30,PE,33.95,8.70,-0.3836,0.003000,-21.3064,5.5058,-0.3568,12872025,7190925,237141075
2025-12-29 12:31:57,25969.65,25950,2025-12-30,CE,71.15,8.67,0.6208,0.003000,-21.1601,5.4870,0.4892,7640400,6398925,80163900
2025-12-29 12:31:57,25969.65,25950,2025-12-30,PE,33.85,8.80,-0.3810,0.003000,-21.5264,5.4949,-0.3603,12872025,7190925,237228900
2025-12-29 12:32:02,25967.35,25950,2025-12-30,CE,70.55,9.03,0.6070,0.003000,-22.2836,5.5438,0.4808,7640400,6398925,80207475
2025-12-29 12:32:02,25967.35,25950,2025-12-30,PE,34.25,8.61,-0.3880,0.003100,-21.1517,5.5234,-0.3648,12872025,7190925,237328125
2025-12-29 12:32:08,25966.45,25950,2025-12-30,CE,70.75,8.64,0.6193,0.003100,-21.1103,5.4928,0.4810,7735350,6493875,80261700
2025-12-29 12:32:08,25966.45,25950,2025-12-30,PE,34.2,8.85,-0.3834,0.003000,-21.6794,5.5047,-0.3687,12714075,7032975,237414150
2025-12-29 12:32:13,25966.9,25950,2025-12-30,CE,70.9,8.71,0.6162,0.003000,-21.3491,5.5060,0.4817,7735350,6493875,80277375
2025-12-29 12:32:13,25966.9,25950,2025-12-30,PE,34.1,8.79,-0.3847,0.003000,-21.5520,5.5101,-0.3671,12714075,7032975,237480675
2025-12-29 12:32:19,25966.8,25950,2025-12-30,CE,70.6,8.77,0.6145,0.003000,-21.5266,5.5129,0.4810,7735350,6493875,80291475
2025-12-29 12:32:19,25966.8,25950,2025-12-30,PE,34.25,8.74,-0.3851,0.003000,-21.4455,5.5113,-0.3670,12714075,7032975,237551100
2025-12-29 12:32:24,25966.55,25950,2025-12-30,CE,70.55,8.96,0.6079,0.003000,-22.0838,5.5397,0.4791,7735350,6493875,80318250
2025-12-29 12:32:24,25966.55,25950,2025-12-30,PE,34.3,8.65,-0.3885,0.003100,-21.2752,5.5251,-0.3671,12714075,7032975,237601725
2025-12-29 12:32:29,25967.6,25950,2025-12-30,CE,70.6,8.88,0.6087,0.003000,-21.8823,5.5360,0.4823,7735350,6493875,80370150
2025-12-29 12:32:29,25967.6,25950,2025-12-30,PE,34.3,8.68,-0.3889,0.003100,-21.3566,5.5265,-0.3645,12714075,7032975,237692100
2025-12-29 12:32:35,25967.6,25950,2025-12-30,CE,70.6,8.54,0.6218,0.003100,-20.8480,5.4813,0.4846,7735350,6493875,80408175
2025-12-29 12:32:35,25967.6,25950,2025-12-30,PE,34.35,8.90,-0.3828,0.003000,-21.7839,5.5014,-0.3660,12714075,7032975,237760200
2025-12-29 12:32:41,25971.7,25950,2025-12-30,CE,71.0,8.54,0.6221,0.003100,-20.8432,5.4798,0.4953,7735350,6493875,80437350
2025-12-29 12:32:41,25971.7,25950,2025-12-30,PE,34.1,8.88,-0.3823,0.003000,-21.7388,5.4992,-0.3555,12714075,7032975,237856725
2025-12-29 12:32:46,25968.65,25950,2025-12-30,CE,71.3,8.64,0.6209,0.003100,-21.0883,5.4851,0.4866,7735350,6493875,80463450
2025-12-29 12:32:46,25968.65,25950,2025-12-30,PE,33.75,8.85,-0.3819,0.003000,-21.6580,5.4973,-0.3630,12714075,7032975,237977100
2025-12-29 12:32:51,25968.8,25950,2025-12-30,CE,70.35,8.91,0.6102,0.003000,-21.9378,5.5297,0.4850,7735350,6493875,80541675
2025-12-29 12:32:51,25968.8,25950,2025-12-30,PE,34.35,8.67,-0.3868,0.003100,-21.2899,5.5175,-0.3613,12714075,7032975,238075575
2025-12-29 12:32:57,25968.5,25950,2025-12-30,CE,69.45,8.76,0.6132,0.003000,-21.5144,5.5171,0.4853,7735350,6493875,80625000
2025-12-29 12:32:57,25968.5,25950,2025-12-30,PE,34.75,8.74,-0.3866,0.003000,-21.4738,5.5163,-0.3625,12714075,7032975,238168875
2025-12-29 12:33:02,25967.7,25950,2025-12-30,CE,69.95,8.41,0.6247,0.003100,-20.4679,5.4676,0.4857,7735350,6493875,80657925
2025-12-29 12:33:02,25967.7,25950,2025-12-30,PE,34.65,8.94,-0.3824,0.003000,-21.8939,5.4992,-0.3659,12714075,7032975,238248900
2025-12-29 12:33:07,25964.05,25950,2025-12-30,CE,70.05,8.82,0.6095,0.003000,-21.7248,5.5319,0.4735,7735350,6493875,80699325
2025-12-29 12:33:07,25964.05,25950,2025-12-30,PE,34.55,8.71,-0.3892,0.003100,-21.4416,5.5268,-0.3738,12714075,7032975,238323225
2025-12-29 12:33:13,25967.25,25950,2025-12-30,CE,69.75,8.30,0.6287,0.003200,-20.1396,5.4485,0.4853,7735350,6493875,80757750
2025-12-29 12:33:13,25967.25,25950,2025-12-30,PE,34.8,9.05,-0.3814,0.002900,-22.1395,5.4947,-0.3677,12714075,7032975,238434450
2025-12-29 12:33:18,25966.65,25950,2025-12-30,CE,69.45,8.54,0.6187,0.003100,-20.9035,5.4933,0.4819,7735350,6493875,80776875
2025-12-29 12:33:18,25966.65,25950,2025-12-30,PE,34.85,8.88,-0.3855,0.003000,-21.7972,5.5117,-0.3681,12714075,7032975,238478775
2025-12-29 12:33:24,25967.55,25950,2025-12-30,CE,69.95,9.00,0.6011,0.003000,-22.3048,5.5632,0.4811,7735350,6493875,80813925
2025-12-29 12:33:24,25967.55,25950,2025-12-30,PE,34.55,8.59,-0.3942,0.003100,-21.2169,5.5457,-0.3638,12714075,7032975,238563600
2025-12-29 12:33:29,25967.8,25950,2025-12-30,CE,70.3,8.51,0.6195,0.003100,-20.8180,5.4899,0.4851,7735350,6493875,80836575
2025-12-29 12:33:29,25967.8,25950,2025-12-30,PE,34.2,8.90,-0.3854,0.003000,-21.8339,5.5109,-0.3653,12714075,7032975,238667175
2025-12-29 12:33:34,25967.4,25950,2025-12-30,CE,69.85,8.48,0.6236,0.003100,-20.6750,5.4715,0.4843,7735350,6493875,80873250
2025-12-29 12:33:34,25967.4,25950,2025-12-30,PE,34.5,8.90,-0.3818,0.003000,-21.7750,5.4958,-0.3663,12714075,7032975,238696575
2025-12-29 12:33:40,25967.85,25950,2025-12-30,CE,69.7,8.45,0.6240,0.003100,-20.5938,5.4695,0.4856,7735350,6493875,80895225
2025-12-29 12:33:40,25967.85,25950,2025-12-30,PE,34.7,8.94,-0.3824,0.003000,-21.8975,5.4981,-0.3654,12714075,7032975,238733775
2025-12-29 12:33:45,25966.15,25950,2025-12-30,CE,69.4,8.68,0.6133,0.003100,-21.3307,5.5155,0.4796,7735350,6493875,80941575
2025-12-29 12:33:45,25966.15,25950,2025-12-30,PE,34.8,8.79,-0.3880,0.003000,-21.6144,5.5210,-0.3687,12714075,7032975,238849425
2025-12-29 12:33:51,25967.85,25950,2025-12-30,CE,69.4,8.80,0.6073,0.003000,-21.7255,5.5394,0.4831,7735350,6493875,80965800
2025-12-29 12:33:51,25967.85,25950,2025-12-30,PE,35.05,8.71,-0.3917,0.003100,-21.4831,5.5352,-0.3638,12714075,7032975,238920225
2025-12-29 12:33:56,25964.95,25950,2025-12-30,CE,69.1,8.91,0.6024,0.003000,-22.0621,5.5575,0.4750,7735350,6493875,80981925
2025-12-29 12:33:56,25964.95,25950,2025-12-30,PE,34.9,8.65,-0.3946,0.003100,-21.3768,5.5464,-0.3709,12714075,7032975,239014425
2025-12-29 12:34:01,25965.15,25950,2025-12-30,CE,69.15,8.71,0.6084,0.003100,-21.4846,5.5347,0.4767,7735350,6493875,81074700
2025-12-29 12:34:01,25965.15,25950,2025-12-30,PE,35.05,8.74,-0.3920,0.003100,-21.5654,5.5361,-0.3709,12714075,7032975,239164575
2025-12-29 12:34:07,25965.3,25950,2025-12-30,CE,69.35,9.00,0.5976,0.003000,-22.3606,5.5746,0.4753,7735350,6493875,81088425
2025-12-29 12:34:07,25965.3,25950,2025-12-30,PE,34.95,8.56,-0.3976,0.003100,-21.1942,5.5569,-0.3694,12714075,7032975,239217900
2025-12-29 12:34:12,25965.55,25950,2025-12-30,CE,69.4,8.88,0.6028,0.003000,-21.9837,5.5556,0.4766,7735350,6493875,81107025
2025-12-29 12:34:12,25965.55,25950,2025-12-30,PE,34.7,8.65,-0.3946,0.003100,-21.3789,5.5457,-0.3693,12714075,7032975,239275575
2025-12-29 12:34:18,25965.2,25950,2025-12-30,CE,69.55,8.71,0.6108,0.003100,-21.4487,5.5246,0.4768,7735350,6493875,81123150
2025-12-29 12:34:18,25965.2,25950,2025-12-30,PE,34.85,8.76,-0.3897,0.003000,-21.5702,5.5269,-0.3708,12714075,7032975,239328375
2025-12-29 12:34:23,25963.95,25950,2025-12-30,CE,69.35,8.80,0.6073,0.003000,-21.7291,5.5383,0.4730,7735350,6493875,81139425
2025-12-29 12:34:23,25963.95,25950,2025-12-30,PE,34.95,8.71,-0.3916,0.003100,-21.4867,5.5341,-0.3737,12714075,7032975,239368425
2025-12-29 12:34:28,25964.05,25950,2025-12-30,CE,69.25,8.79,0.6075,0.003000,-21.6893,5.5375,0.4733,7735350,6493875,81156750
2025-12-29 12:34:28,25964.05,25950,2025-12-30,PE,34.95,8.71,-0.3916,0.003100,-21.4872,5.5339,-0.3735,12714075,7032975,239408775
2025-12-29 12:34:34,25961.05,25950,2025-12-30,CE,68.9,9.00,0.5982,0.003000,-22.3549,5.5717,0.4645,7735350,6493875,81202500
2025-12-29 12:34:34,25961.05,25950,2025-12-30,PE,35.1,8.61,-0.3975,0.003100,-21.3089,5.5558,-0.3807,12714075,7032975,239467200
2025-12-29 12:34:39,25960.95,25950,2025-12-30,CE,63.95,8.71,0.6078,0.003100,-21.4974,5.5360,0.4657,7735350,6493875,81824775
2025-12-29 12:34:39,25960.95,25950,2025-12-30,PE,38.35,8.76,-0.3928,0.003000,-21.6187,5.5381,-0.3817,12714075,7032975,240523650
2025-12-29 12:34:44,25960.45,25950,2025-12-30,CE,64.9,8.79,0.5864,0.003100,-21.9772,5.6101,0.4640,7735350,6493875,82095000
2025-12-29 12:34:44,25960.45,25950,2025-12-30,PE,37.6,8.64,-0.4122,0.003100,-21.5777,5.6055,-0.3824,12714075,7032975,241079400
2025-12-29 12:34:50,25959.45,25950,2025-12-30,CE,63.55,8.53,0.5921,0.003200,-21.2596,5.5917,0.4626,7735350,6493875,82229850
2025-12-29 12:34:50,25959.45,25950,2025-12-30,PE,38.4,8.83,-0.4110,0.003100,-22.0600,5.6018,-0.3858,12714075,7032975,241408575
2025-12-29 12:34:55,25958.45,25950,2025-12-30,CE,62.4,8.68,0.5802,0.003100,-21.7814,5.6280,0.4592,7735350,6493875,82486800
2025-12-29 12:34:55,25958.45,25950,2025-12-30,PE,39.5,8.71,-0.4200,0.003100,-21.8610,5.6287,-0.3879,12714075,7032975,242040150
2025-12-29 12:35:01,25958.9,25950,2025-12-30,CE,62.5,8.38,0.5889,0.003200,-20.9187,5.6017,0.4618,7735350,6493875,82749150
2025-12-29 12:35:01,25958.9,25950,2025-12-30,PE,39.4,9.03,-0.4174,0.003000,-22.6353,5.6211,-0.3881,12714075,7032975,242515725
2025-12-29 12:35:06,25960.4,25950,2025-12-30,CE,65.4,8.54,0.5815,0.003200,-21.4240,5.6240,0.4650,7735350,6493875,83073900
2025-12-29 12:35:06,25960.4,25950,2025-12-30,PE,36.9,8.85,-0.4212,0.003100,-22.2203,5.6319,-0.3834,12714075,7032975,243171225
2025-12-29 12:35:11,25959.85,25950,2025-12-30,CE,64.45,8.71,0.5859,0.003100,-21.7950,5.6109,0.4627,7770750,6529275,83207775
2025-12-29 12:35:11,25959.85,25950,2025-12-30,PE,37.5,8.70,-0.4140,0.003100,-21.7551,5.6104,-0.3841,12199275,6518175,243455025
2025-12-29 12:35:17,25959.05,25950,2025-12-30,CE,64.3,8.33,0.6003,0.003200,-20.6625,5.5623,0.4623,7770750,6529275,83393700
2025-12-29 12:35:17,25959.05,25950,2025-12-30,PE,37.8,8.91,-0.4060,0.003000,-22.1890,5.5846,-0.3871,12199275,6518175,243871875
2025-12-29 12:35:22,25960.35,25950,2025-12-30,CE,64.7,8.42,0.5954,0.003200,-20.9544,5.5793,0.4654,7770750,6529275,83471325
2025-12-29 12:35:22,25960.35,25950,2025-12-30,PE,37.6,8.88,-0.4093,0.003000,-22.1568,5.5954,-0.3836,12199275,6518175,244053225
2025-12-29 12:35:28,25960.9,25950,2025-12-30,CE,65.25,8.47,0.5946,0.003200,-21.0794,5.5820,0.4665,7770750,6529275,83565450
2025-12-29 12:35:28,25960.9,25950,2025-12-30,PE,37.25,8.85,-0.4093,0.003000,-22.0812,5.5952,-0.3821,12199275,6518175,244319925
2025-12-29 12:35:33,25961.2,25950,2025-12-30,CE,64.8,8.62,0.5930,0.003100,-21.4809,5.5873,0.4665,7770750,6529275,83643375
2025-12-29 12:35:33,25961.2,25950,2025-12-30,PE,37.55,8.74,-0.4082,0.003100,-21.8015,5.5915,-0.3808,12199275,6518175,244494450
2025-12-29 12:35:39,25961.7,25950,2025-12-30,CE,65.4,8.53,0.5949,0.003200,-21.2287,5.5807,0.4683,7770750,6529275,83754450
2025-12-29 12:35:39,25961.7,25950,2025-12-30,PE,37.05,8.85,-0.4084,0.003000,-22.0706,5.5919,-0.3800,12199275,6518175,244688850
2025-12-29 12:35:44,25962.2,25950,2025-12-30,CE,65.55,8.54,0.5970,0.003100,-21.2406,5.5736,0.4695,7770750,6529275,83835075
2025-12-29 12:35:44,25962.2,25950,2025-12-30,PE,36.95,8.82,-0.4059,0.003100,-21.9631,5.5837,-0.3785,12199275,6518175,244815900
2025-12-29 12:35:50,25962.45,25950,2025-12-30,CE,65.6,8.96,0.5815,0.003000,-22.4627,5.6228,0.4679,7770750,6529275,83883750
2025-12-29 12:35:50,25962.45,25950,2025-12-30,PE,37.05,8.53,-0.4146,0.003200,-21.3459,5.6109,-0.3763,12199275,6518175,244963200
2025-12-29 12:35:55,25962.85,25950,2025-12-30,CE,65.75,8.97,0.5811,0.003000,-22.5066,5.6240,0.4688,7770750,6529275,83961450
2025-12-29 12:35:55,25962.85,25950,2025-12-30,PE,36.95,8.51,-0.4147,0.003200,-21.3101,5.6113,-0.3751,12199275,6518175,245071500
2025-12-29 12:36:00,25962.55,25950,2025-12-30,CE,65.35,8.53,0.5987,0.003100,-21.1809,5.5670,0.4705,7770750,6529275,84003525
2025-12-29 12:36:00,25962.55,25950,2025-12-30,PE,37.35,8.85,-0.4047,0.003000,-22.0246,5.5791,-0.3777,12199275,6518175,245155725
2025-12-29 12:36:06,25962.05,25950,2025-12-30,CE,65.35,8.94,0.5814,0.003000,-22.4280,5.6229,0.4669,7770750,6529275,84121200
2025-12-29 12:36:06,25962.05,25950,2025-12-30,PE,37.1,8.58,-0.4153,0.003200,-21.4709,5.6128,-0.3776,12199275,6518175,245315700
2025-12-29 12:36:11,25961.4,25950,2025-12-30,CE,65.35,8.64,0.5923,0.003100,-21.5326,5.5889,0.4668,7770750,6529275,84189225
2025-12-29 12:36:11,25961.4,25950,2025-12-30,PE,37.35,8.76,-0.4090,0.003100,-21.8531,5.5930,-0.3802,12199275,6518175,245410575
2025-12-29 12:36:17,25961.25,25950,2025-12-30,CE,65.2,8.87,0.5851,0.003100,-22.1945,5.6113,0.4652,7770750,6529275,84264900
2025-12-29 12:36:17,25961.25,25950,2025-12-30,PE,37.45,8.65,-0.4129,0.003100,-21.6353,5.6050,-0.3800,12199275,6518175,245560650
2025-12-29 12:36:22,25961.3,25950,2025-12-30,CE,65.85,8.73,0.5876,0.003100,-21.8207,5.6033,0.4660,7770750,6529275,84327300
2025-12-29 12:36:22,25961.3,25950,2025-12-30,PE,37.05,8.73,-0.4124,0.003100,-21.8207,5.6033,-0.3803,12199275,6518175,245693550
2025-12-29 12:36:28,25960.5,25950,2025-12-30,CE,65.4,8.76,0.5910,0.003100,-21.8552,5.5924,0.4638,7770750,6529275,84407475
2025-12-29 12:36:28,25960.5,25950,2025-12-30,PE,37.35,8.74,-0.4088,0.003100,-21.8152,5.5919,-0.3824,12199275,6518175,245770950
2025-12-29 12:36:33,25960.5,25950,2025-12-30,CE,65.2,8.70,0.5895,0.003100,-21.7227,5.5972,0.4640,7770750,6529275,84462000
2025-12-29 12:36:33,25960.5,25950,2025-12-30,PE,37.5,8.74,-0.4110,0.003100,-21.8428,5.5986,-0.3823,12199275,6518175,245844075
2025-12-29 12:36:38,25960.35,25950,2025-12-30,CE,65.05,8.51,0.5973,0.003200,-21.1658,5.5707,0.4646,7770750,6529275,84500550
2025-12-29 12:36:38,25960.35,25950,2025-12-30,PE,37.6,8.88,-0.4065,0.003000,-22.1294,5.5841,-0.3834,12199275,6518175,245931675
2025-12-29 12:36:44,25959.35,25950,2025-12-30,CE,65.2,8.99,0.5782,0.003000,-22.5828,5.6305,0.4597,7770750,6529275,84541350
2025-12-29 12:36:44,25959.35,25950,2025-12-30,PE,37.55,8.56,-0.4180,0.003200,-21.4675,5.6196,-0.3844,12199275,6518175,246023475
2025-12-29 12:36:49,25959.95,25950,2025-12-30,CE,65.2,8.68,0.5918,0.003100,-21.6570,5.5892,0.4626,7770750,6529275,84560175
2025-12-29 12:36:49,25959.95,25950,2025-12-30,PE,37.35,8.79,-0.4093,0.003100,-21.9375,5.5928,-0.3839,12199275,6518175,246084675
2025-12-29 12:36:55,25959.65,25950,2025-12-30,CE,65.35,8.58,0.5945,0.003100,-21.3568,5.5801,0.4623,7770750,6529275,84587775
2025-12-29 12:36:55,25959.65,25950,2025-12-30,PE,37.35,8.83,-0.4082,0.003100,-22.0386,5.5892,-0.3849,12199275,6518175,246143100
2025-12-29 12:37:00,25961.35,25950,2025-12-30,CE,64.9,8.59,0.5943,0.003100,-21.3975,5.5805,0.4667,7770750,6529275,84637875
2025-12-29 12:37:00,25961.35,25950,2025-12-30,PE,37.6,8.83,-0.4082,0.003100,-22.0391,5.5890,-0.3805,12199275,6518175,246218925
2025-12-29 12:37:06,25959.65,25950,2025-12-30,CE,64.95,8.93,0.5797,0.003000,-22.4156,5.6259,0.4606,7770750,6529275,84670200
2025-12-29 12:37:06,25959.65,25950,2025-12-30,PE,37.45,8.61,-0.4175,0.003200,-21.5786,5.6175,-0.3838,12199275,6518175,246321075
2025-12-29 12:37:12,25960.5,25950,2025-12-30,CE,65.1,8.68,0.5896,0.003100,-21.6864,5.5956,0.4640,7770750,6529275,84692925
2025-12-29 12:37:12,25960.5,25950,2025-12-30,PE,37.55,8.76,-0.4111,0.003100,-21.8865,5.5981,-0.3823,12199275,6518175,246386325
2025-12-29 12:37:17,25958.9,25950,2025-12-30,CE,65.0,8.58,0.5929,0.003100,-21.3796,5.5846,0.4602,7770750,6529275,84781725
2025-12-29 12:37:17,25958.9,25950,2025-12-30,PE,37.25,8.82,-0.4096,0.003100,-22.0208,5.5928,-0.3867,12199275,6518175,246565425
2025-12-29 12:37:22,25960.2,25950,2025-12-30,CE,65.15,8.59,0.5928,0.003100,-21.4202,5.5850,0.4636,7770750,6529275,84823500
2025-12-29 12:37:22,25960.2,25950,2025-12-30,PE,37.3,8.79,-0.4092,0.003100,-21.9412,5.5917,-0.3832,12199275,6518175,246659850
2025-12-29 12:37:28,25959.65,25950,2025-12-30,CE,64.9,8.71,0.5893,0.003100,-21.7686,5.5960,0.4615,7770750,6529275,84854325
2025-12-29 12:37:28,25959.65,25950,2025-12-30,PE,37.45,8.73,-0.4108,0.003100,-21.8086,5.5965,-0.3843,12199275,6518175,246739350
2025-12-29 12:37:33,25959.8,25950,2025-12-30,CE,64.55,8.61,0.5926,0.003100,-21.4613,5.5852,0.4624,7770750,6529275,84881850
2025-12-29 12:37:33,25959.8,25950,2025-12-30,PE,37.8,8.80,-0.4094,0.003100,-21.9823,5.5919,-0.3842,12199275,6518175,246815250
2025-12-29 12:37:39,25960.35,25950,2025-12-30,CE,64.3,8.56,0.5925,0.003200,-21.3495,5.5855,0.4640,7770750,6529275,84948600
2025-12-29 12:37:39,25960.35,25950,2025-12-30,PE,37.85,8.82,-0.4102,0.003100,-22.0306,5.5942,-0.3829,12199275,6518175,246908325
2025-12-29 12:37:44,25962.35,25950,2025-12-30,CE,65.5,8.88,0.5795,0.003100,-22.3073,5.6253,0.4676,7770750,6529275,85010475
2025-12-29 12:37:44,25962.35,25950,2025-12-30,PE,36.95,8.62,-0.4182,0.003100,-21.6298,5.6185,-0.3766,12199275,6518175,247250925
2025-12-29 12:37:50,25962.45,25950,2025-12-30,CE,65.9,8.80,0.5832,0.003100,-22.0735,5.6143,0.4682,7770750,6529275,85061850
2025-12-29 12:37:50,25962.45,25950,2025-12-30,PE,36.6,8.64,-0.4152,0.003100,-21.6344,5.6095,-0.3765,12199275,6518175,247403475
2025-12-29 12:37:55,25963.7,25950,2025-12-30,CE,65.8,8.93,0.5831,0.003000,-22.3826,5.6147,0.4707,7770750,6529275,85146225
2025-12-29 12:37:55,25963.7,25950,2025-12-30,PE,36.5,8.53,-0.4132,0.003200,-21.3442,5.6032,-0.3725,12199275,6518175,247679625
2025-12-29 12:38:01,25964.55,25950,2025-12-30,CE,65.95,8.94,0.5838,0.003000,-22.4123,5.6123,0.4727,7770750,6529275,85214025
2025-12-29 12:38:01,25964.55,25950,2025-12-30,PE,36.4,8.48,-0.4118,0.003200,-21.2135,5.5987,-0.3699,12199275,6518175,247802850
2025-12-29 12:38:06,25964.05,25950,2025-12-30,CE,66.15,8.85,0.5880,0.003100,-22.1325,5.5993,0.4720,7770750,6529275,85297425
2025-12-29 12:38:06,25964.05,25950,2025-12-30,PE,36.35,8.58,-0.4093,0.003100,-21.4118,5.5905,-0.3719,12199275,6518175,247909875
2025-12-29 12:38:12,25963.8,25950,2025-12-30,CE,66.45,8.79,0.5917,0.003100,-21.9343,5.5873,0.4716,8214450,6972975,85355550
2025-12-29 12:38:12,25963.8,25950,2025-12-30,PE,36.25,8.64,-0.4067,0.003100,-21.5333,5.5821,-0.3729,12653250,6972150,248037600
2025-12-29 12:38:17,25963.7,25950,2025-12-30,CE,66.05,8.59,0.6044,0.003100,-21.2694,5.5425,0.4725,8214450,6972975,85602225
2025-12-29 12:38:17,25963.7,25950,2025-12-30,PE,36.45,8.76,-0.3976,0.003100,-21.7133,5.5498,-0.3738,12653250,6972150,248472150
2025-12-29 12:38:23,25964.65,25950,2025-12-30,CE,66.25,8.73,0.5948,0.003100,-21.7434,5.5766,0.4741,8214450,6972975,85654500
2025-12-29 12:38:23,25964.65,25950,2025-12-30,PE,36.35,8.64,-0.4042,0.003100,-21.5024,5.5732,-0.3706,12653250,6972150,248557650
2025-12-29 12:38:28,25961.25,25950,2025-12-30,CE,65.95,8.68,0.5959,0.003100,-21.6152,5.5726,0.4656,8214450,6972975,85698675
2025-12-29 12:38:28,25961.25,25950,2025-12-30,PE,36.6,8.73,-0.4046,0.003100,-21.7358,5.5743,-0.3799,12653250,6972150,248647575
2025-12-29 12:38:34,25962.85,25950,2025-12-30,CE,65.6,8.64,0.5964,0.003100,-21.4952,5.5708,0.4699,8214450,6972975,85738800
2025-12-29 12:38:34,25962.85,25950,2025-12-30,PE,36.65,8.73,-0.4046,0.003100,-21.7363,5.5742,-0.3758,12653250,6972150,248754150
2025-12-29 12:38:39,25964.5,25950,2025-12-30,CE,65.7,8.79,0.5889,0.003100,-21.9724,5.5953,0.4733,8214450,6972975,85767225
2025-12-29 12:38:39,25964.5,25950,2025-12-30,PE,36.7,8.61,-0.4092,0.003100,-21.4918,5.5894,-0.3708,12653250,6972150,248816850
2025-12-29 12:38:45,25963.25,25950,2025-12-30,CE,65.7,8.85,0.5884,0.003100,-22.1331,5.5971,0.4697,8214450,6972975,85788525
2025-12-29 12:38:45,25963.25,25950,2025-12-30,PE,36.65,8.59,-0.4091,0.003100,-21.4523,5.5887,-0.3739,12653250,6972150,248856450
2025-12-29 12:38:50,25962.6,25950,2025-12-30,CE,65.7,8.65,0.5937,0.003100,-21.5696,5.5793,0.4692,8214450,6972975,85813500
2025-12-29 12:38:50,25962.6,25950,2025-12-30,PE,36.7,8.73,-0.4071,0.003100,-21.7702,5.5820,-0.3763,12653250,6972150,248900700
2025-12-29 12:38:55,25964.05,25950,2025-12-30,CE,65.75,8.70,0.5933,0.003100,-21.6905,5.5808,0.4726,8214450,6972975,85849650
2025-12-29 12:38:55,25964.05,25950,2025-12-30,PE,36.6,8.70,-0.4067,0.003100,-21.6905,5.5808,-0.3724,12653250,6972150,248947725
2025-12-29 12:39:01,25961.4,25950,2025-12-30,CE,65.6,8.62,0.5966,0.003100,-21.4576,5.5694,0.4661,8214450,6972975,85872000
2025-12-29 12:39:01,25961.4,25950,2025-12-30,PE,36.75,8.76,-0.4049,0.003100,-21.8193,5.5745,-0.3796,12653250,6972150,249011025
2025-12-29 12:39:06,25962.55,25950,2025-12-30,CE,65.6,8.61,0.5958,0.003100,-21.4303,5.5719,0.4692,8214450,6972975,85887825
2025-12-29 12:39:06,25962.55,25950,2025-12-30,PE,36.8,8.77,-0.4060,0.003100,-21.8721,5.5780,-0.3766,12653250,6972150,249064800
2025-12-29 12:39:12,25961.8,25950,2025-12-30,CE,65.55,8.70,0.5917,0.003100,-21.7120,5.5855,0.4667,8214450,6972975,85909125
2025-12-29 12:39:12,25961.8,25950,2025-12-30,PE,36.75,8.67,-0.4080,0.003100,-21.6318,5.5844,-0.3780,12653250,6972150,249114975
2025-12-29 12:39:17,25962.0,25950,2025-12-30,CE,65.35,8.80,0.5857,0.003100,-22.0543,5.6041,0.4667,8214450,6972975,85987500
2025-12-29 12:39:17,25962.0,25950,2025-12-30,PE,37.0,8.64,-0.4127,0.003100,-21.6144,5.5991,-0.3773,12653250,6972150,249282075
2025-12-29 12:39:23,25962.95,25950,2025-12-30,CE,65.3,8.59,0.5969,0.003100,-21.3797,5.5675,0.4703,8214450,6972975,86013375
2025-12-29 12:39:23,25962.95,25950,2025-12-30,PE,36.95,8.79,-0.4052,0.003100,-21.9023,5.5749,-0.3756,12653250,6972150,249342375
2025-12-29 12:39:28,25961.3,25950,2025-12-30,CE,65.35,8.54,0.5965,0.003200,-21.2721,5.5689,0.4662,8214450,6972975,86048325
2025-12-29 12:39:28,25961.3,25950,2025-12-30,PE,37.1,8.79,-0.4061,0.003100,-21.9150,5.5778,-0.3799,12653250,6972150,249575475
2025-12-29 12:39:34,25959.8,25950,2025-12-30,CE,64.9,8.50,0.5970,0.003200,-21.1520,5.5670,0.4624,8214450,6972975,86061750
2025-12-29 12:39:34,25959.8,25950,2025-12-30,PE,37.5,8.82,-0.4064,0.003100,-21.9958,5.5787,-0.3838,12653250,6972150,249660525
2025-12-29 12:39:39,25960.7,25950,2025-12-30,CE,65.05,8.59,0.5944,0.003100,-21.4142,5.5756,0.4643,8214450,6972975,86106300
2025-12-29 12:39:39,25960.7,25950,2025-12-30,PE,37.2,8.80,-0.4078,0.003100,-21.9761,5.5831,-0.3814,12653250,6972150,249765675
2025-12-29 12:39:45,25961.9,25950,2025-12-30,CE,65.85,8.90,0.5809,0.003100,-22.3432,5.6177,0.4658,8214450,6972975,86144550
2025-12-29 12:39:45,25961.9,25950,2025-12-30,PE,36.6,8.56,-0.4160,0.003200,-21.4651,5.6085,-0.3770,12653250,6972150,249888225
2025-12-29 12:39:50,25964.0,25950,2025-12-30,CE,65.5,9.03,0.5782,0.003000,-22.7197,5.6252,0.4704,8214450,6972975,86165325
2025-12-29 12:39:50,25964.0,25950,2025-12-30,PE,36.9,8.47,-0.4167,0.003200,-21.2441,5.6105,-0.3709,12653250,6972150,249983100
2025-12-29 12:39:56,25963.95,25950,2025-12-30,CE,65.7,8.99,0.5804,0.003000,-22.5802,5.6188,0.4704,8214450,6972975,86184750
2025-12-29 12:39:56,25963.95,25950,2025-12-30,PE,36.8,8.53,-0.4154,0.003200,-21.3827,5.6064,-0.3714,12653250,6972150,250029825
2025-12-29 12:40:01,25961.2,25950,2025-12-30,CE,65.65,8.64,0.5952,0.003100,-21.5205,5.5725,0.4652,8214450,6972975,86196000
2025-12-29 12:40:01,25961.2,25950,2025-12-30,PE,36.85,8.77,-0.4063,0.003100,-21.8820,5.5774,-0.3799,12653250,6972150,250078125
2025-12-29 12:40:07,25961.1,25950,2025-12-30,CE,65.05,8.91,0.5845,0.003000,-22.3427,5.6067,0.4636,8214450,6972975,86241600
2025-12-29 12:40:07,25961.1,25950,2025-12-30,PE,37.35,8.59,-0.4125,0.003200,-21.5029,5.5973,-0.3792,12653250,6972150,250167975
2025-12-29 12:40:12,25961.0,25950,2025-12-30,CE,65.15,8.82,0.5853,0.003100,-22.1040,5.6038,0.4638,8214450,6972975,86284125
2025-12-29 12:40:12,25961.0,25950,2025-12-30,PE,37.25,8.64,-0.4130,0.003100,-21.6240,5.5984,-0.3797,12653250,6972150,250301700
2025-12-29 12:40:17,25960.1,25950,2025-12-30,CE,64.95,8.74,0.5882,0.003100,-21.8784,5.5947,0.4618,8214450,6972975,86303400
2025-12-29 12:40:17,25960.1,25950,2025-12-30,PE,37.2,8.70,-0.4114,0.003100,-21.7582,5.5933,-0.3823,12653250,6972150,250345800
2025-12-29 12:40:23,25961.5,25950,2025-12-30,CE,65.05,8.74,0.5882,0.003100,-21.8789,5.5946,0.4654,8214450,6972975,86351400
2025-12-29 12:40:23,25961.5,25950,2025-12-30,PE,37.25,8.68,-0.4112,0.003100,-21.7187,5.5927,-0.3786,12653250,6972150,250420650
2025-12-29 12:40:28,25960.5,25950,2025-12-30,CE,65.05,8.82,0.5838,0.003100,-22.1238,5.6080,0.4624,8214450,6972975,86375700
2025-12-29 12:40:28,25960.5,25950,2025-12-30,PE,37.15,8.62,-0.4144,0.003100,-21.6042,5.6023,-0.3809,12653250,6972150,250490250
2025-12-29 12:40:34,25960.85,25950,2025-12-30,CE,64.95,8.83,0.5839,0.003100,-22.1607,5.6074,0.4632,8214450,6972975,86407350
2025-12-29 12:40:34,25960.85,25950,2025-12-30,PE,37.35,8.62,-0.4141,0.003100,-21.6011,5.6012,-0.3799,12653250,6972150,250574850
2025-12-29 12:40:39,25960.95,25950,2025-12-30,CE,64.95,8.65,0.5897,0.003100,-21.6325,5.5893,0.4644,8214450,6972975,86422575
2025-12-29 12:40:39,25960.95,25950,2025-12-30,PE,37.25,8.76,-0.4113,0.003100,-21.9130,5.5927,-0.3803,12653250,6972150,250639800
2025-12-29 12:40:45,25960.55,25950,2025-12-30,CE,65.0,8.62,0.5910,0.003100,-21.5412,5.5851,0.4634,8214450,6972975,86437650
2025-12-29 12:40:45,25960.55,25950,2025-12-30,PE,37.2,8.76,-0.4104,0.003100,-21.9020,5.5896,-0.3813,12653250,6972150,250684800
2025-12-29 12:40:50,25961.9,25950,2025-12-30,CE,64.75,8.70,0.5896,0.003100,-21.7499,5.5894,0.4665,8214450,6972975,86463975
2025-12-29 12:40:50,25961.9,25950,2025-12-30,PE,37.5,8.73,-0.4107,0.003100,-21.8301,5.5904,-0.3777,12653250,6972150,250765200
2025-12-29 12:40:56,25960.85,25950,2025-12-30,CE,65.2,8.70,0.5887,0.003100,-21.7619,5.5923,0.4638,8214450,6972975,86499075
2025-12-29 12:40:56,25960.85,25950,2025-12-30,PE,37.05,8.71,-0.4115,0.003100,-21.8020,5.5927,-0.3803,12653250,6972150,250920600
2025-12-29 12:41:01,25958.25,25950,2025-12-30,CE,65.15,8.97,0.5779,0.003000,-22.5783,5.6241,0.4559,8214450,6972975,86529225
2025-12-29 12:41:01,25958.25,25950,2025-12-30,PE,37.05,8.50,-0.4180,0.003200,-21.3420,5.6120,-0.3861,12653250,6972150,250971975
2025-12-29 12:41:07,25959.35,25950,2025-12-30,CE,64.55,8.70,0.5902,0.003100,-21.7438,5.5870,0.4598,8214450,6972975,86555550
2025-12-29 12:41:07,25959.35,25950,2025-12-30,PE,37.45,8.74,-0.4102,0.003100,-21.8640,5.5885,-0.3843,12653250,6972150,251061225
2025-12-29 12:41:12,25957.6,25950,2025-12-30,CE,64.45,8.79,0.5822,0.003100,-22.0703,5.6112,0.4549,8331900,7090425,86664675
2025-12-29 12:41:12,25957.6,25950,2025-12-30,PE,37.55,8.64,-0.4164,0.003100,-21.6709,5.6070,-0.3884,12723525,7042425,251267025
2025-12-29 12:41:18,25958.75,25950,2025-12-30,CE,63.4,8.58,0.5911,0.003200,-21.4285,5.5835,0.4588,8331900,7090425,86798025
2025-12-29 12:41:18,25958.75,25950,2025-12-30,PE,38.3,8.77,-0.4108,0.003100,-21.9497,5.5900,-0.3859,12723525,7042425,251544975
2025-12-29 12:41:23,25958.15,25950,2025-12-30,CE,63.4,8.82,0.5795,0.003100,-22.1791,5.6188,0.4562,8331900,7090425,86874600
2025-12-29 12:41:23,25958.15,25950,2025-12-30,PE,38.2,8.62,-0.4188,0.003200,-21.6605,5.6137,-0.3868,12723525,7042425,251827575
2025-12-29 12:41:29,25960.2,25950,2025-12-30,CE,64.45,8.41,0.5926,0.003200,-20.9920,5.5784,0.4634,8331900,7090425,86924325
2025-12-29 12:41:29,25960.2,25950,2025-12-30,PE,37.5,8.88,-0.4122,0.003000,-22.2350,5.5940,-0.3826,12723525,7042425,252027750
2025-12-29 12:41:34,25960.15,25950,2025-12-30,CE,64.7,8.71,0.5829,0.003100,-21.8728,5.6086,0.4617,8331900,7090425,86978325
2025-12-29 12:41:34,25960.15,25950,2025-12-30,PE,37.3,8.68,-0.4168,0.003100,-21.7929,5.6077,-0.3818,12723525,7042425,252114900
2025-12-29 12:41:39,25961.75,25950,2025-12-30,CE,65.0,8.79,0.5828,0.003100,-22.0659,5.6087,0.4655,8331900,7090425,87018225
2025-12-29 12:41:39,25961.75,25950,2025-12-30,PE,37.15,8.64,-0.4157,0.003100,-21.6663,5.6044,-0.3774,12723525,7042425,252212700
2025-12-29 12:41:45,25960.8,25950,2025-12-30,CE,64.75,8.85,0.5829,0.003100,-22.2191,5.6084,0.4627,8331900,7090425,87055050
2025-12-29 12:41:45,25960.8,25950,2025-12-30,PE,37.3,8.58,-0.4145,0.003200,-21.4996,5.6006,-0.3796,12723525,7042425,252549525
2025-12-29 12:41:50,25960.45,25950,2025-12-30,CE,64.65,8.61,0.5908,0.003100,-21.5119,5.5836,0.4629,8331900,7090425,87081450
2025-12-29 12:41:50,25960.45,25950,2025-12-30,PE,37.35,8.74,-0.4105,0.003100,-21.8728,5.5881,-0.3813,12723525,7042425,252606900
2025-12-29 12:41:56,25959.35,25950,2025-12-30,CE,64.5,8.44,0.5987,0.003200,-20.9927,5.5569,0.4608,8331900,7090425,87100050
2025-12-29 12:41:56,25959.35,25950,2025-12-30,PE,37.45,8.90,-0.4062,0.003000,-22.1997,5.5740,-0.3848,12723525,7042425,252630150
2025-12-29 12:42:01,25957.7,25950,2025-12-30,CE,64.55,8.42,0.5988,0.003200,-20.9529,5.5562,0.4565,8331900,7090425,87119625
2025-12-29 12:42:01,25957.7,25950,2025-12-30,PE,37.4,8.90,-0.4062,0.003000,-22.2002,5.5739,-0.3890,12723525,7042425,252669825
2025-12-29 12:42:07,25959.25,25950,2025-12-30,CE,64.3,8.56,0.5920,0.003200,-21.3852,5.5795,0.4600,8331900,7090425,87140475
2025-12-29 12:42:07,25959.25,25950,2025-12-30,PE,37.5,8.77,-0.4102,0.003100,-21.9468,5.5867,-0.3844,12723525,7042425,252731700
2025-12-29 12:42:12,25958.8,25950,2025-12-30,CE,63.35,8.58,0.5886,0.003200,-21.4653,5.5899,0.4586,8331900,7090425,87260850
2025-12-29 12:42:12,25958.8,25950,2025-12-30,PE,38.0,8.74,-0.4130,0.003100,-21.9059,5.5951,-0.3854,12723525,7042425,252900300
2025-12-29 12:42:18,25958.2,25950,2025-12-30,CE,62.9,8.59,0.5844,0.003200,-21.5543,5.6028,0.4570,8331900,7090425,87421200
2025-12-29 12:42:18,25958.2,25950,2025-12-30,PE,38.25,8.70,-0.4166,0.003100,-21.8342,5.6058,-0.3868,12723525,7042425,253117200
2025-12-29 12:42:23,25958.5,25950,2025-12-30,CE,63.5,8.58,0.5814,0.003200,-21.5506,5.6115,0.4578,8331900,7090425,87492900
2025-12-29 12:42:23,25958.5,25950,2025-12-30,PE,37.85,8.74,-0.4201,0.003100,-21.9897,5.6159,-0.3862,12723525,7042425,253263750
2025-12-29 12:42:29,25958.85,25950,2025-12-30,CE,63.5,8.45,0.5902,0.003200,-21.1423,5.5844,0.4593,8331900,7090425,87518775
2025-12-29 12:42:29,25958.85,25950,2025-12-30,PE,38.0,8.82,-0.4134,0.003100,-22.1039,5.5960,-0.3856,12723525,7042425,253321200
2025-12-29 12:42:34,25959.95,25950,2025-12-30,CE,63.5,8.71,0.5805,0.003100,-21.9075,5.6140,0.4610,8331900,7090425,87542700
2025-12-29 12:42:34,25959.95,25950,2025-12-30,PE,37.9,8.62,-0.4187,0.003200,-21.6680,5.6115,-0.3818,12723525,7042425,253382775
2025-12-29 12:42:40,25959.35,25950,2025-12-30,CE,63.65,8.62,0.5841,0.003100,-21.6364,5.6031,0.4598,8331900,7090425,87571050
2025-12-29 12:42:40,25959.35,25950,2025-12-30,PE,37.75,8.70,-0.4166,0.003100,-21.8363,5.6052,-0.3837,12723525,7042425,253534875
2025-12-29 12:42:45,25959.15,25950,2025-12-30,CE,63.6,8.38,0.5974,0.003200,-20.8620,5.5597,0.4604,8331900,7090425,87608475
2025-12-29 12:42:45,25959.15,25950,2025-12-30,PE,37.7,8.88,-0.4079,0.003000,-22.1889,5.5780,-0.3850,12723525,7042425,253625025
2025-12-29 12:42:50,25960.75,25950,2025-12-30,CE,63.95,8.32,0.5981,0.003200,-20.7014,5.5571,0.4650,8331900,7090425,87640350
2025-12-29 12:42:50,25960.75,25950,2025-12-30,PE,37.5,8.91,-0.4082,0.003000,-22.2698,5.5789,-0.3811,12723525,7042425,253705650
2025-12-29 12:42:56,25959.6,25950,2025-12-30,CE,64.1,8.74,0.5799,0.003100,-21.9929,5.6150,0.4598,8331900,7090425,87678825
2025-12-29 12:42:56,25959.6,25950,2025-12-30,PE,37.5,8.61,-0.4189,0.003200,-21.6337,5.6115,-0.3826,12723525,7042425,253787100
2025-12-29 12:43:01,25959.15,25950,2025-12-30,CE,64.7,8.87,0.5788,0.003100,-22.3127,5.6179,0.4581,8331900,7090425,87724275
2025-12-29 12:43:01,25959.15,25950,2025-12-30,PE,37.05,8.54,-0.4183,0.003200,-21.4745,5.6096,-0.3834,12723525,7042425,253940550
2025-12-29 12:43:07,25959.35,25950,2025-12-30,CE,64.65,8.88,0.5790,0.003100,-22.3497,5.6173,0.4585,8331900,7090425,87776850
2025-12-29 12:43:07,25959.35,25950,2025-12-30,PE,37.25,8.53,-0.4179,0.003200,-21.4316,5.6082,-0.3828,12723525,7042425,254039550
2025-12-29 12:43:12,25960.2,25950,2025-12-30,CE,64.35,8.39,0.5983,0.003200,-20.8927,5.5560,0.4630,8331900,7090425,87836025
2025-12-29 12:43:12,25960.2,25950,2025-12-30,PE,37.3,8.90,-0.4071,0.003000,-22.2204,5.5746,-0.3823,12723525,7042425,254230350
2025-12-29 12:43:18,25961.3,25950,2025-12-30,CE,64.25,8.35,0.5997,0.003200,-20.7595,5.5506,0.4662,8331900,7090425,87859275
2025-12-29 12:43:18,25961.3,25950,2025-12-30,PE,37.4,8.93,-0.4065,0.003000,-22.2893,5.5725,-0.3797,12723525,7042425,254356725
2025-12-29 12:43:23,25960.1,25950,2025-12-30,CE,64.2,8.38,0.5994,0.003200,-20.8407,5.5517,0.4628,8331900,7090425,87890550
2025-12-29 12:43:23,25960.1,25950,2025-12-30,PE,37.4,8.87,-0.4059,0.003000,-22.1291,5.5702,-0.3824,12723525,7042425,254412150
2025-12-29 12:43:28,25959.85,25950,2025-12-30,CE,64.2,8.82,0.5792,0.003100,-22.1963,5.6159,0.4600,8331900,7090425,87903525
2025-12-29 12:43:28,25959.85,25950,2025-12-30,PE,37.5,8.56,-0.4185,0.003200,-21.5177,5.6092,-0.3816,12723525,7042425,254460375
2025-12-29 12:43:34,25960.1,25950,2025-12-30,CE,64.15,8.44,0.5955,0.003200,-21.0448,5.5650,0.4624,8331900,7090425,87921000
2025-12-29 12:43:34,25960.1,25950,2025-12-30,PE,37.45,8.85,-0.4088,0.003100,-22.1299,5.5795,-0.3823,12723525,7042425,254494125
2025-12-29 12:43:39,25961.05,25950,2025-12-30,CE,64.25,8.76,0.5829,0.003100,-22.0027,5.6051,0.4633,8331900,7090425,87938400
2025-12-29 12:43:39,25961.05,25950,2025-12-30,PE,37.35,8.64,-0.4160,0.003100,-21.6829,5.6017,-0.3788,12723525,7042425,254559000
2025-12-29 12:43:46,25960.0,25950,2025-12-30,CE,64.4,8.45,0.5954,0.003200,-21.0860,5.5652,0.4620,8331900,7090425,87953325
2025-12-29 12:43:46,25960.0,25950,2025-12-30,PE,37.2,8.80,-0.4083,0.003100,-22.0105,5.5777,-0.3823,12723525,7042425,254618475
2025-12-29 12:43:52,25959.75,25950,2025-12-30,CE,63.75,8.91,0.5785,0.003100,-22.4379,5.6175,0.4592,8331900,7090425,88052100
2025-12-29 12:43:52,25959.75,25950,2025-12-30,PE,37.65,8.48,-0.4177,0.003200,-21.3200,5.6065,-0.3814,12723525,7042425,254890200
2025-12-29 12:43:58,25959.4,25950,2025-12-30,CE,63.6,8.44,0.5933,0.003200,-21.0758,5.5717,0.4604,8331900,7090425,88119375
2025-12-29 12:43:58,25959.4,25950,2025-12-30,PE,37.75,8.82,-0.4106,0.003100,-22.0796,5.5846,-0.3838,12723525,7042425,254966475
2025-12-29 12:44:03,25958.9,25950,2025-12-30,CE,63.35,8.79,0.5795,0.003100,-22.1204,5.6141,0.4575,8331900,7090425,88140300
2025-12-29 12:44:03,25958.9,25950,2025-12-30,PE,37.75,8.59,-0.4187,0.003200,-21.6013,5.6089,-0.3841,12723525,7042425,255013650
2025-12-29 12:44:09,25958.4,25950,2025-12-30,CE,63.8,8.32,0.5966,0.003200,-20.7305,5.5603,0.4582,8331900,7090425,88180200
2025-12-29 12:44:09,25958.4,25950,2025-12-30,PE,37.45,8.90,-0.4095,0.003000,-22.2581,5.5809,-0.3867,12723525,7042425,255070275
2025-12-29 12:44:14,25958.8,25950,2025-12-30,CE,63.7,8.51,0.5903,0.003200,-21.3059,5.5812,0.4584,8488575,7247100,88199700
2025-12-29 12:44:14,25958.8,25950,2025-12-30,PE,37.55,8.73,-0.4119,0.003100,-21.8675,5.5881,-0.3849,12641175,6960075,255087750
2025-12-29 12:44:19,25958.65,25950,2025-12-30,CE,63.7,8.74,0.5799,0.003100,-22.0023,5.6125,0.4570,8488575,7247100,88274250
2025-12-29 12:44:19,25958.65,25950,2025-12-30,PE,37.45,8.56,-0.4184,0.003200,-21.5230,5.6076,-0.3846,12641175,6960075,255164025
2025-12-29 12:44:25,25959.35,25950,2025-12-30,CE,63.85,8.45,0.5935,0.003200,-21.1146,5.5705,0.4601,8488575,7247100,88286625
2025-12-29 12:44:25,25959.35,25950,2025-12-30,PE,37.25,8.77,-0.4098,0.003100,-21.9581,5.5814,-0.3837,12641175,6960075,255189375
2025-12-29 12:44:30,25960.65,25950,2025-12-30,CE,63.9,8.36,0.5954,0.003200,-20.8615,5.5637,0.4640,8488575,7247100,88305150
2025-12-29 12:44:30,25960.65,25950,2025-12-30,PE,37.4,8.83,-0.4095,0.003100,-22.1075,5.5803,-0.3806,12641175,6960075,255207975
2025-12-29 12:44:36,25957.95,25950,2025-12-30,CE,63.75,8.38,0.5959,0.003200,-20.8941,5.5619,0.4566,8488575,7247100,88325925
2025-12-29 12:44:36,25957.95,25950,2025-12-30,PE,37.5,8.82,-0.4087,0.003100,-22.0600,5.5776,-0.3874,12641175,6960075,255236850
2025-12-29 12:44:41,25959.45,25950,2025-12-30,CE,63.1,8.79,0.5795,0.003100,-22.1242,5.6130,0.4587,8488575,7247100,88393875
2025-12-29 12:44:41,25959.45,25950,2025-12-30,PE,38.0,8.54,-0.4183,0.003200,-21.4852,5.6066,-0.3823,12641175,6960075,255393075
2025-12-29 12:44:47,25961.3,25950,2025-12-30,CE,62.95,8.51,0.5865,0.003200,-21.3549,5.5923,0.4649,8488575,7247100,88435200
2025-12-29 12:44:47,25961.3,25950,2025-12-30,PE,37.9,8.73,-0.4156,0.003100,-21.9154,5.5986,-0.3784,12641175,6960075,255471900
2025-12-29 12:44:52,25960.1,25950,2025-12-30,CE,63.75,8.29,0.5950,0.003300,-20.6788,5.5646,0.4628,8488575,7247100,88472850
2025-12-29 12:44:52,25960.1,25950,2025-12-30,PE,37.5,8.90,-0.4113,0.003000,-22.2856,5.5855,-0.3822,12641175,6960075,255554775
2025-12-29 12:44:57,25961.0,25950,2025-12-30,CE,63.75,8.70,0.5819,0.003100,-21.8693,5.6056,0.4631,8488575,7247100,88521150
2025-12-29 12:44:57,25961.0,25950,2025-12-30,PE,37.6,8.61,-0.4173,0.003200,-21.6295,5.6031,-0.3785,12641175,6960075,255628725
2025-12-29 12:45:03,25960.35,25950,2025-12-30,CE,63.7,8.39,0.5957,0.003200,-20.9374,5.5616,0.4629,8488575,7247100,88557900
2025-12-29 12:45:03,25960.35,25950,2025-12-30,PE,37.55,8.85,-0.4090,0.003100,-22.1436,5.5777,-0.3813,12641175,6960075,255670650
2025-12-29 12:45:09,25959.55,25950,2025-12-30,CE,63.65,8.88,0.5747,0.003100,-22.4102,5.6252,0.4585,8488575,7247100,88584900
2025-12-29 12:45:09,25959.55,25950,2025-12-30,PE,37.65,8.45,-0.4216,0.003200,-21.2938,5.6151,-0.3815,12641175,6960075,255757650
2025-12-29 12:45:15,25958.25,25950,2025-12-30,CE,63.55,8.35,0.5962,0.003200,-20.8176,5.5595,0.4574,8488575,7247100,88610550
2025-12-29 12:45:15,25958.25,25950,2025-12-30,PE,37.75,8.85,-0.4090,0.003100,-22.1447,5.5774,-0.3866,12641175,6960075,255804675
2025-12-29 12:45:21,25958.5,25950,2025-12-30,CE,63.4,8.76,0.5798,0.003100,-22.0488,5.6110,0.4563,8488575,7247100,88646025
2025-12-29 12:45:21,25958.5,25950,2025-12-30,PE,37.9,8.58,-0.4186,0.003200,-21.5694,5.6062,-0.3848,12641175,6960075,255888000
2025-12-29 12:45:26,25958.7,25950,2025-12-30,CE,63.25,8.70,0.5803,0.003100,-21.8896,5.6093,0.4570,8488575,7247100,88677825
2025-12-29 12:45:26,25958.7,25950,2025-12-30,PE,37.8,8.64,-0.4191,0.003200,-21.7298,5.6077,-0.3845,12641175,6960075,255949575
2025-12-29 12:45:32,25958.0,25950,2025-12-30,CE,63.25,8.70,0.5803,0.003100,-21.8901,5.6092,0.4552,8488575,7247100,88698750
2025-12-29 12:45:32,25958.0,25950,2025-12-30,PE,37.75,8.62,-0.4190,0.003200,-21.6904,5.6072,-0.3863,12641175,6960075,256008225
2025-12-29 12:45:38,25957.8,25950,2025-12-30,CE,63.25,8.83,0.5745,0.003100,-22.3004,5.6249,0.4541,8488575,7247100,88781700
2025-12-29 12:45:38,25957.8,25950,2025-12-30,PE,37.7,8.47,-0.4224,0.003200,-21.3436,5.6163,-0.3861,12641175,6960075,256105950
2025-12-29 12:45:43,25956.95,25950,2025-12-30,CE,63.25,8.67,0.5806,0.003100,-21.8118,5.6079,0.4525,8488575,7247100,88797225
2025-12-29 12:45:43,25956.95,25950,2025-12-30,PE,37.75,8.61,-0.4188,0.003200,-21.6520,5.6063,-0.3889,12641175,6960075,256150650
2025-12-29 12:45:49,25958.35,25950,2025-12-30,CE,63.5,8.70,0.5804,0.003100,-21.8923,5.6086,0.4560,8488575,7247100,88863975
2025-12-29 12:45:49,25958.35,25950,2025-12-30,PE,37.5,8.59,-0.4187,0.003200,-21.6126,5.6057,-0.3851,12641175,6960075,256237575
2025-12-29 12:45:54,25958.15,25950,2025-12-30,CE,63.25,8.73,0.5795,0.003100,-21.9796,5.6110,0.4553,8488575,7247100,88889475
2025-12-29 12:45:54,25958.15,25950,2025-12-30,PE,37.75,8.61,-0.4195,0.003200,-21.6601,5.6078,-0.3857,12641175,6960075,256319925
2025-12-29 12:46:00,25957.9,25950,2025-12-30,CE,62.8,8.88,0.5735,0.003100,-22.4285,5.6269,0.4541,8488575,7247100,88912350
2025-12-29 12:46:00,25957.9,25950,2025-12-30,PE,38.0,8.45,-0.4229,0.003200,-21.3125,5.6171,-0.3857,12641175,6960075,256363950
2025-12-29 12:46:06,25957.95,25950,2025-12-30,CE,62.55,8.73,0.5798,0.003100,-21.9773,5.6098,0.4548,8488575,7247100,89167200
2025-12-29 12:46:06,25957.95,25950,2025-12-30,PE,37.95,8.59,-0.4190,0.003200,-21.6177,5.6062,-0.3861,12641175,6960075,256683975
2025-12-29 12:46:12,25956.95,25950,2025-12-30,CE,63.0,8.51,0.5798,0.003200,-21.4394,5.6095,0.4530,8488575,7247100,89245275
2025-12-29 12:46:12,25956.95,25950,2025-12-30,PE,37.9,8.71,-0.4220,0.003100,-21.9584,5.6145,-0.3892,12641175,6960075,256784550
2025-12-29 12:46:18,25958.4,25950,2025-12-30,CE,63.2,8.94,0.5703,0.003100,-22.6180,5.6345,0.4550,8488575,7247100,89325225
2025-12-29 12:46:18,25958.4,25950,2025-12-30,PE,38.0,8.44,-0.4257,0.003200,-21.3043,5.6239,-0.3842,12641175,6960075,256933425
2025-12-29 12:46:23,25958.8,25950,2025-12-30,CE,63.65,8.58,0.5840,0.003200,-21.5478,5.5968,0.4575,8488575,7247100,89378400
2025-12-29 12:46:23,25958.8,25950,2025-12-30,PE,37.65,8.71,-0.4173,0.003100,-21.9079,5.6007,-0.3844,12641175,6960075,257027175
2025-12-29 12:46:29,25958.15,25950,2025-12-30,CE,63.9,8.90,0.5716,0.003100,-22.4906,5.6310,0.4545,8488575,7247100,89425950
2025-12-29 12:46:29,25958.15,25950,2025-12-30,PE,37.5,8.45,-0.4248,0.003200,-21.3355,5.6214,-0.3849,12641175,6960075,257121525
2025-12-29 12:46:34,25958.6,25950,2025-12-30,CE,64.05,8.39,0.5945,0.003200,-20.9631,5.5632,0.4578,8488575,7247100,89487075
2025-12-29 12:46:34,25958.6,25950,2025-12-30,PE,37.35,8.83,-0.4101,0.003100,-22.1289,5.5784,-0.3853,12641175,6960075,257225925
2025-12-29 12:46:40,25961.15,25950,2025-12-30,CE,64.25,8.80,0.5794,0.003100,-22.1774,5.6098,0.4625,8488575,7247100,89561025
2025-12-29 12:46:40,25961.15,25950,2025-12-30,PE,37.1,8.56,-0.4184,0.003200,-21.5380,5.6034,-0.3774,12641175,6960075,257506500
2025-12-29 12:46:45,25960.95,25950,2025-12-30,CE,63.95,8.85,0.5790,0.003100,-22.2978,5.6107,0.4618,8488575,7247100,89602500
2025-12-29 12:46:45,25960.95,25950,2025-12-30,PE,37.25,8.53,-0.4181,0.003200,-21.4586,5.6024,-0.3778,12641175,6960075,257794275
2025-12-29 12:46:50,25961.05,25950,2025-12-30,CE,64.0,8.91,0.5776,0.003100,-22.4682,5.6146,0.4617,8488575,7247100,89647350
2025-12-29 12:46:50,25961.05,25950,2025-12-30,PE,37.25,8.42,-0.4181,0.003200,-21.1898,5.6021,-0.3769,12641175,6960075,257927775
2025-12-29 12:46:56,25961.1,25950,2025-12-30,CE,64.15,8.90,0.5753,0.003100,-22.4553,5.6207,0.4618,8488575,7247100,89674200
2025-12-29 12:46:56,25961.1,25950,2025-12-30,PE,37.1,8.47,-0.4211,0.003200,-21.3380,5.6105,-0.3770,12641175,6960075,258041925
2025-12-29 12:47:01,25959.95,25950,2025-12-30,CE,64.6,8.93,0.5756,0.003100,-22.5291,5.6196,0.4588,8488575,7247100,89730975
2025-12-29 12:47:01,25959.95,25950,2025-12-30,PE,36.6,8.44,-0.4201,0.003200,-21.2518,5.6078,-0.3799,12641175,6960075,258412725
2025-12-29 12:47:07,25961.0,25950,2025-12-30,CE,64.4,8.54,0.5929,0.003200,-21.3685,5.5678,0.4633,8488575,7247100,89807325
2025-12-29 12:47:07,25961.0,25950,2025-12-30,PE,36.7,8.71,-0.4088,0.003100,-21.8108,5.5735,-0.3785,12641175,6960075,258593625
2025-12-29 12:47:12,25960.45,25950,2025-12-30,CE,64.35,8.87,0.5808,0.003100,-22.3198,5.6052,0.4603,8488575,7247100,89834025
2025-12-29 12:47:12,25960.45,25950,2025-12-30,PE,36.75,8.42,-0.4152,0.003200,-21.1594,5.5929,-0.3785,12641175,6960075,258674850
2025-12-29 12:47:17,25959.2,25950,2025-12-30,CE,64.55,8.36,0.5997,0.003200,-20.8236,5.5440,0.4594,8574375,7332900,89875125
2025-12-29 12:47:17,25959.2,25950,2025-12-30,PE,36.7,8.80,-0.4051,0.003100,-21.9929,5.5611,-0.3835,12454050,6772950,258786525
2025-12-29 12:47:23,25959.25,25950,2025-12-30,CE,64.1,8.61,0.5907,0.003100,-21.5508,5.5746,0.4583,8574375,7332900,89941350
2025-12-29 12:47:23,25959.25,25950,2025-12-30,PE,37.1,8.67,-0.4099,0.003100,-21.7115,5.5766,-0.3828,12454050,6772950,258881325
2025-12-29 12:47:28,25959.7,25950,2025-12-30,CE,64.0,8.39,0.5974,0.003200,-20.9314,5.5516,0.4605,8574375,7332900,89985300
2025-12-29 12:47:28,25959.7,25950,2025-12-30,PE,37.1,8.80,-0.4070,0.003100,-22.0190,5.5668,-0.3822,12454050,6772950,258918075
2025-12-29 12:47:34,25959.5,25950,2025-12-30,CE,63.9,8.47,0.5937,0.003200,-21.1705,5.5641,0.4596,8574375,7332900,90027375
2025-12-29 12:47:34,25959.5,25950,2025-12-30,PE,37.15,8.76,-0.4093,0.003100,-21.9346,5.5741,-0.3825,12454050,6772950,259031025
2025-12-29 12:47:39,25960.6,25950,2025-12-30,CE,64.35,8.74,0.5837,0.003100,-21.9818,5.5956,0.4611,8574375,7332900,90051975
2025-12-29 12:47:39,25960.6,25950,2025-12-30,PE,36.9,8.58,-0.4147,0.003200,-21.5412,5.5907,-0.3788,12454050,6772950,259153050
2025-12-29 12:47:45,25959.95,25950,2025-12-30,CE,64.2,8.85,0.5794,0.003100,-22.3011,5.6081,0.4589,8574375,7332900,90078450
2025-12-29 12:47:45,25959.95,25950,2025-12-30,PE,36.85,8.48,-0.4173,0.003200,-21.3414,5.5984,-0.3800,12454050,6772950,259253850
2025-12-29 12:47:50,25961.3,25950,2025-12-30,CE,64.35,8.42,0.5977,0.003200,-21.0057,5.5500,0.4646,8574375,7332900,90098625
2025-12-29 12:47:50,25961.3,25950,2025-12-30,PE,36.95,8.79,-0.4062,0.003100,-21.9728,5.5636,-0.3780,12454050,6772950,259298850
2025-12-29 12:47:56,25960.65,25950,2025-12-30,CE,64.4,8.67,0.5879,0.003100,-21.7421,5.5824,0.4615,8574375,7332900,90130125
2025-12-29 12:47:56,25960.65,25950,2025-12-30,PE,36.8,8.64,-0.4118,0.003100,-21.6619,5.5815,-0.3789,12454050,6772950,259338750
2025-12-29 12:48:01,25959.75,25950,2025-12-30,CE,64.4,8.68,0.5874,0.003100,-21.7866,5.5837,0.4591,8574375,7332900,90148800
2025-12-29 12:48:01,25959.75,25950,2025-12-30,PE,36.85,8.64,-0.4121,0.003100,-21.6663,5.5823,-0.3812,12454050,6772950,259377975
2025-12-29 12:48:07,25961.65,25950,2025-12-30,CE,64.5,8.44,0.5969,0.003200,-21.0560,5.5523,0.4653,8574375,7332900,90177525
2025-12-29 12:48:07,25961.65,25950,2025-12-30,PE,36.85,8.80,-0.4070,0.003100,-22.0227,5.5657,-0.3771,12454050,6772950,259410300
2025-12-29 12:48:12,25960.55,25950,2025-12-30,CE,64.15,8.68,0.5874,0.003100,-21.7877,5.5834,0.4612,8574375,7332900,90200925
2025-12-29 12:48:12,25960.55,25950,2025-12-30,PE,37.1,8.64,-0.4121,0.003100,-21.6673,5.5820,-0.3791,12454050,6772950,259467000
2025-12-29 12:48:17,25959.95,25950,2025-12-30,CE,64.3,8.79,0.5836,0.003100,-22.1021,5.5949,0.4591,8574375,7332900,90228300
2025-12-29 12:48:17,25959.95,25950,2025-12-30,PE,36.95,8.56,-0.4142,0.003200,-21.5011,5.5883,-0.3802,12454050,6772950,259507500
2025-12-29 12:48:23,25960.05,25950,2025-12-30,CE,63.7,8.70,0.5867,0.003100,-21.8364,5.5855,0.4597,8574375,7332900,90271800
2025-12-29 12:48:23,25960.05,25950,2025-12-30,PE,37.3,8.64,-0.4127,0.003100,-21.6760,5.5836,-0.3803,12454050,6772950,259587225
2025-12-29 12:48:28,25959.05,25950,2025-12-30,CE,63.95,8.68,0.5846,0.003100,-21.8239,5.5912,0.4572,8574375,7332900,90333300
2025-12-29 12:48:28,25959.05,25950,2025-12-30,PE,37.25,8.61,-0.4153,0.003200,-21.6303,5.5911,-0.3828,12454050,6772950,259707075
2025-12-29 12:48:34,25958.75,25950,2025-12-30,CE,63.8,8.68,0.5846,0.003100,-21.8239,5.5912,0.4564,8574375,7332900,90368175
2025-12-29 12:48:34,25958.75,25950,2025-12-30,PE,37.3,8.62,-0.4148,0.003200,-21.6636,5.5895,-0.3836,12454050,6772950,259752975
2025-12-29 12:48:39,25959.3,25950,2025-12-30,CE,63.75,8.88,0.5776,0.003100,-22.4040,5.6114,0.4569,8574375,7332900,90380175
2025-12-29 12:48:39,25959.3,25950,2025-12-30,PE,37.35,8.50,-0.4191,0.003200,-21.4050,5.6018,-0.3816,12454050,6772950,259777875
2025-12-29 12:48:45,25958.85,25950,2025-12-30,CE,63.85,8.82,0.5797,0.003100,-22.2278,5.6055,0.4560,8574375,7332900,90389775
2025-12-29 12:48:45,25958.85,25950,2025-12-30,PE,37.3,8.53,-0.4177,0.003200,-21.4678,5.5978,-0.3829,12454050,6772950,259807800
2025-12-29 12:48:50,25958.2,25950,2025-12-30,CE,63.75,8.80,0.5798,0.003100,-22.1884,5.6049,0.4544,8574375,7332900,90406725
2025-12-29 12:48:50,25958.2,25950,2025-12-30,PE,37.15,8.53,-0.4177,0.003200,-21.4684,5.5977,-0.3846,12454050,6772950,259841325
2025-12-29 12:48:56,25958.25,25950,2025-12-30,CE,64.1,8.70,0.5839,0.003100,-21.8734,5.5929,0.4549,8574375,7332900,90423150
2025-12-29 12:48:56,25958.25,25950,2025-12-30,PE,37.2,8.62,-0.4154,0.003200,-21.6731,5.5908,-0.3848,12454050,6772950,259885200
2025-12-29 12:49:01,25958.75,25950,2025-12-30,CE,64.3,8.53,0.5896,0.003200,-21.3838,5.5751,0.4569,8574375,7332900,90440025
2025-12-29 12:49:01,25958.75,25950,2025-12-30,PE,36.95,8.71,-0.4122,0.003100,-21.8657,5.5809,-0.3839,12454050,6772950,259945575
2025-12-29 12:49:07,25958.3,25950,2025-12-30,CE,63.9,8.36,0.5994,0.003200,-20.8391,5.5418,0.4565,8574375,7332900,90455850
2025-12-29 12:49:07,25958.3,25950,2025-12-30,PE,37.15,8.82,-0.4056,0.003100,-22.0492,5.5593,-0.3855,12454050,6772950,259962525
2025-12-29 12:49:12,25957.4,25950,2025-12-30,CE,63.65,8.56,0.5899,0.003200,-21.4575,5.5738,0.4532,8574375,7332900,90472125
2025-12-29 12:49:12,25957.4,25950,2025-12-30,PE,37.3,8.67,-0.4111,0.003100,-21.7387,5.5772,-0.3872,12454050,6772950,260013825
2025-12-29 12:49:18,25959.0,25950,2025-12-30,CE,63.25,8.38,0.5973,0.003200,-20.9060,5.5489,0.4582,8574375,7332900,90538800
2025-12-29 12:49:18,25959.0,25950,2025-12-30,PE,37.7,8.82,-0.4074,0.003100,-22.0746,5.5651,-0.3837,12454050,6772950,260159925
2025-12-29 12:49:23,25957.0,25950,2025-12-30,CE,63.15,8.39,0.5930,0.003200,-21.0008,5.5634,0.4528,8574375,7332900,90587625
2025-12-29 12:49:23,25957.0,25950,2025-12-30,PE,37.7,8.80,-0.4112,0.003100,-22.0865,5.5772,-0.3887,12454050,6772950,260258100
2025-12-29 12:49:28,25958.25,25950,2025-12-30,CE,63.2,8.42,0.5914,0.003200,-21.0978,5.5685,0.4560,8574375,7332900,90654525
2025-12-29 12:49:28,25958.25,25950,2025-12-30,PE,37.7,8.80,-0.4125,0.003100,-22.1023,5.5809,-0.3854,12454050,6772950,260329050
2025-12-29 12:49:34,25956.7,25950,2025-12-30,CE,63.0,8.39,0.5917,0.003200,-21.0179,5.5673,0.4519,8574375,7332900,90681375
2025-12-29 12:49:34,25956.7,25950,2025-12-30,PE,37.95,8.80,-0.4125,0.003100,-22.1028,5.5807,-0.3894,12454050,6772950,260388300
2025-12-29 12:49:39,25956.65,25950,2025-12-30,CE,62.65,8.80,0.5764,0.003100,-22.2311,5.6128,0.4502,8574375,7332900,90711450
2025-12-29 12:49:39,25956.65,25950,2025-12-30,PE,38.0,8.51,-0.4211,0.003200,-21.4722,5.6058,-0.3884,12454050,6772950,260450550
2025-12-29 12:49:45,25957.85,25950,2025-12-30,CE,62.55,8.76,0.5768,0.003100,-22.1119,5.6116,0.4534,8574375,7332900,90799125
2025-12-29 12:49:45,25957.85,25950,2025-12-30,PE,38.15,8.54,-0.4214,0.003200,-21.5527,5.6064,-0.3853,12454050,6772950,260695875
2025-12-29 12:49:50,25958.25,25950,2025-12-30,CE,62.8,8.59,0.5805,0.003200,-21.6490,5.6012,0.4551,8574375,7332900,90846450
2025-12-29 12:49:50,25958.25,25950,2025-12-30,PE,37.9,8.67,-0.4202,0.003100,-21.8490,5.6032,-0.3848,12454050,6772950,260841675
2025-12-29 12:49:55,25958.8,25950,2025-12-30,CE,63.25,8.70,0.5773,0.003100,-21.9532,5.6099,0.4561,8574375,7332900,90866025
2025-12-29 12:49:55,25958.8,25950,2025-12-30,PE,37.7,8.59,-0.4218,0.003200,-21.6736,5.6073,-0.3830,12454050,6772950,260921025
2025-12-29 12:50:01,25958.35,25950,2025-12-30,CE,63.8,8.68,0.5790,0.003100,-21.8969,5.6050,0.4550,8574375,7332900,90891375
2025-12-29 12:50:01,25958.35,25950,2025-12-30,PE,37.35,8.61,-0.4203,0.003200,-21.6970,5.6031,-0.3843,12454050,6772950,261004350
2025-12-29 12:50:06,25958.45,25950,2025-12-30,CE,63.75,8.85,0.5776,0.003100,-22.3371,5.6089,0.4545,8574375,7332900,90931350
2025-12-29 12:50:06,25958.45,25950,2025-12-30,PE,37.25,8.51,-0.4195,0.003200,-21.4576,5.6005,-0.3835,12454050,6772950,261089025
2025-12-29 12:50:12,25957.25,25950,2025-12-30,CE,63.6,8.71,0.5828,0.003100,-21.9325,5.5939,0.4519,8574375,7332900,90945975
2025-12-29 12:50:12,25957.25,25950,2025-12-30,PE,37.35,8.59,-0.4160,0.003200,-21.6120,5.5904,-0.3870,12454050,6772950,261145200
2025-12-29 12:50:17,25956.2,25950,2025-12-30,CE,63.5,8.87,0.5759,0.003100,-22.3948,5.6132,0.4486,8737575,7496100,90960375
2025-12-29 12:50:17,25956.2,25950,2025-12-30,PE,37.45,8.48,-0.4208,0.003200,-21.3960,5.6039,-0.3894,12347475,6666375,261175125
2025-12-29 12:50:23,25958.65,25950,2025-12-30,CE,63.15,8.70,0.5827,0.003100,-21.8971,5.5940,0.4556,8737575,7496100,90980100
2025-12-29 12:50:23,25958.65,25950,2025-12-30,PE,37.85,8.62,-0.4166,0.003200,-21.6968,5.5919,-0.3834,12347475,6666375,261235650
2025-12-29 12:50:28,25958.5,25950,2025-12-30,CE,63.55,8.70,0.5817,0.003100,-21.9083,5.5966,0.4551,8737575,7496100,90995700
2025-12-29 12:50:28,25958.5,25950,2025-12-30,PE,37.5,8.64,-0.4177,0.003200,-21.7482,5.5950,-0.3839,12347475,6666375,261280650
2025-12-29 12:50:33,25959.65,25950,2025-12-30,CE,64.15,8.70,0.5833,0.003100,-21.8915,5.5918,0.4581,8737575,7496100,91060275
2025-12-29 12:50:33,25959.65,25950,2025-12-30,PE,37.0,8.64,-0.4161,0.003200,-21.7313,5.5900,-0.3809,12347475,6666375,261404850
2025-12-29 12:50:39,25960.9,25950,2025-12-30,CE,64.05,8.73,0.5827,0.003100,-21.9758,5.5934,0.4612,8737575,7496100,91085700
2025-12-29 12:50:39,25960.9,25950,2025-12-30,PE,37.2,8.64,-0.4165,0.003200,-21.7354,5.5908,-0.3776,12347475,6666375,261467700
2025-12-29 12:50:44,25958.7,25950,2025-12-30,CE,64.15,8.76,0.5837,0.003100,-22.0421,5.5904,0.4553,8737575,7496100,91098975
2025-12-29 12:50:44,25958.7,25950,2025-12-30,PE,37.2,8.59,-0.4148,0.003200,-21.6011,5.5856,-0.3831,12347475,6666375,261521325
2025-12-29 12:50:50,25955.55,25950,2025-12-30,CE,62.75,8.82,0.5809,0.003100,-22.2278,5.5982,0.4470,8737575,7496100,91160775
2025-12-29 12:50:50,25955.55,25950,2025-12-30,PE,38.0,8.51,-0.4163,0.003200,-21.4268,5.5899,-0.3911,12347475,6666375,261655650
2025-12-29 12:50:55,25956.4,25950,2025-12-30,CE,62.65,8.77,0.5776,0.003100,-22.1496,5.6073,0.4493,8737575,7496100,91207500
2025-12-29 12:50:55,25956.4,25950,2025-12-30,PE,38.1,8.56,-0.4205,0.003200,-21.5899,5.6020,-0.3890,12347475,6666375,261806325
2025-12-29 12:51:00,25956.5,25950,2025-12-30,CE,62.75,8.45,0.5879,0.003200,-21.2264,5.5770,0.4508,8737575,7496100,91240050
2025-12-29 12:51:00,25956.5,25950,2025-12-30,PE,38.05,8.67,-0.4202,0.003100,-21.8572,5.6009,-0.3891,12347475,6666375,261918225
2025-12-29 12:51:06,25955.35,25950,2025-12-30,CE,62.1,8.74,0.5741,0.003100,-22.1109,5.6162,0.4467,8737575,7496100,91329150
2025-12-29 12:51:06,25955.35,25950,2025-12-30,PE,38.3,8.56,-0.4243,0.003200,-21.6319,5.6120,-0.3917,12347475,6666375,262037775
2025-12-29 12:51:11,25956.05,25950,2025-12-30,CE,62.55,8.87,0.5704,0.003100,-22.4586,5.6256,0.4480,8737575,7496100,91434375
2025-12-29 12:51:11,25956.05,25950,2025-12-30,PE,38.1,8.45,-0.4263,0.003200,-21.3822,5.6171,-0.3894,12347475,6666375,262175400
2025-12-29 12:51:16,25954.5,25950,2025-12-30,CE,62.85,8.64,0.5801,0.003200,-21.7788,5.5996,0.4447,8737575,7496100,91472550
2025-12-29 12:51:16,25954.5,25950,2025-12-30,PE,38.05,8.64,-0.4199,0.003200,-21.7788,5.5996,-0.3942,12347475,6666375,262265550
2025-12-29 12:51:22,25955.45,25950,2025-12-30,CE,62.75,8.87,0.5713,0.003100,-22.4505,5.6230,0.4464,8737575,7496100,91491900
2025-12-29 12:51:22,25955.45,25950,2025-12-30,PE,38.2,8.50,-0.4257,0.003200,-21.4934,5.6152,-0.3912,12347475,6666375,262339125
2025-12-29 12:51:27,25954.45,25950,2025-12-30,CE,62.7,8.87,0.5713,0.003100,-22.4505,5.6230,0.4439,8737575,7496100,91514025
2025-12-29 12:51:27,25954.45,25950,2025-12-30,PE,38.1,8.50,-0.4257,0.003200,-21.4934,5.6152,-0.3938,12347475,6666375,262398300
2025-12-29 12:51:33,25955.5,25950,2025-12-30,CE,62.3,8.87,0.5713,0.003100,-22.4511,5.6229,0.4465,8737575,7496100,91544175
2025-12-29 12:51:33,25955.5,25950,2025-12-30,PE,38.2,8.50,-0.4257,0.003200,-21.4940,5.6151,-0.3910,12347475,6666375,262516500
2025-12-29 12:51:38,25954.4,25950,2025-12-30,CE,62.0,8.64,0.5782,0.003200,-21.8010,5.6045,0.4444,8737575,7496100,91631475
2025-12-29 12:51:38,25954.4,25950,2025-12-30,PE,38.5,8.64,-0.4218,0.003200,-21.8011,5.6045,-0.3944,12347475,6666375,262720500
2025-12-29 12:51:43,25956.05,25950,2025-12-30,CE,63.15,8.65,0.5755,0.003200,-21.8688,5.6114,0.4486,8737575,7496100,91767750
2025-12-29 12:51:43,25956.05,25950,2025-12-30,PE,37.7,8.61,-0.4241,0.003200,-21.7490,5.6103,-0.3899,12347475,6666375,263071575
2025-12-29 12:51:49,25955.95,25950,2025-12-30,CE,63.25,8.88,0.5700,0.003100,-22.5054,5.6256,0.4476,8737575,7496100,91841550
2025-12-29 12:51:49,25955.95,25950,2025-12-30,PE,37.65,8.45,-0.4266,0.003200,-21.3892,5.6168,-0.3896,12347475,6666375,263157300
2025-12-29 12:51:54,25956.45,25950,2025-12-30,CE,63.4,8.76,0.5790,0.003100,-22.1027,5.6017,0.4492,8737575,7496100,91901400
2025-12-29 12:51:54,25956.45,25950,2025-12-30,PE,37.6,8.56,-0.4192,0.003200,-21.5825,5.5966,-0.3886,12347475,6666375,263232525
2025-12-29 12:52:00,25955.2,25950,2025-12-30,CE,62.85,8.88,0.5737,0.003100,-22.4692,5.6160,0.4456,8737575,7496100,91929225
2025-12-29 12:52:00,25955.2,25950,2025-12-30,PE,37.75,8.47,-0.4229,0.003200,-21.3910,5.6066,-0.3916,12347475,6666375,263276700
2025-12-29 12:52:05,25954.25,25950,2025-12-30,CE,62.85,8.73,0.5805,0.003100,-22.0100,5.5971,0.4436,8737575,7496100,91991400
2025-12-29 12:52:05,25954.25,25950,2025-12-30,PE,37.9,8.62,-0.4185,0.003200,-21.7297,5.5943,-0.3946,12347475,6666375,263329800
2025-12-29 12:52:10,25956.2,25950,2025-12-30,CE,63.1,8.68,0.5803,0.003100,-21.8974,5.5975,0.4488,8737575,7496100,92026050
2025-12-29 12:52:10,25956.2,25950,2025-12-30,PE,37.8,8.64,-0.4193,0.003200,-21.7773,5.5963,-0.3895,12347475,6666375,263397075
2025-12-29 12:52:16,25954.8,25950,2025-12-30,CE,63.25,8.67,0.5811,0.003100,-21.8509,5.5952,0.4452,8737575,7496100,92055075
2025-12-29 12:52:16,25954.8,25950,2025-12-30,PE,37.85,8.64,-0.4186,0.003200,-21.7708,5.5944,-0.3932,12347475,6666375,263445450
2025-12-29 12:52:21,25955.7,25950,2025-12-30,CE,63.0,8.90,0.5736,0.003100,-22.5114,5.6157,0.4467,8737575,7496100,92068800
2025-12-29 12:52:21,25955.7,25950,2025-12-30,PE,37.85,8.48,-0.4230,0.003200,-21.4332,5.6063,-0.3902,12347475,6666375,263476650
2025-12-29 12:52:27,25956.6,25950,2025-12-30,CE,63.15,8.67,0.5817,0.003100,-21.8449,5.5931,0.4498,8737575,7496100,92095725
2025-12-29 12:52:27,25956.6,25950,2025-12-30,PE,37.75,8.64,-0.4180,0.003200,-21.7648,5.5922,-0.3884,12347475,6666375,263520750
2025-12-29 12:52:32,25954.6,25950,2025-12-30,CE,63.3,8.68,0.5803,0.003100,-21.8996,5.5969,0.4445,8737575,7496100,92120850
2025-12-29 12:52:32,25954.6,25950,2025-12-30,PE,37.7,8.64,-0.4193,0.003200,-21.7795,5.5957,-0.3936,12347475,6666375,263556975
2025-12-29 12:52:37,25955.85,25950,2025-12-30,CE,63.5,8.71,0.5801,0.003100,-21.9802,5.5975,0.4477,8737575,7496100,92147400
2025-12-29 12:52:37,25955.85,25950,2025-12-30,PE,37.7,8.62,-0.4191,0.003200,-21.7400,5.5952,-0.3903,12347475,6666375,263628000
2025-12-29 12:52:43,25955.85,25950,2025-12-30,CE,63.55,8.64,0.5842,0.003200,-21.7412,5.5853,0.4479,8737575,7496100,92163825
2025-12-29 12:52:43,25955.85,25950,2025-12-30,PE,37.75,8.67,-0.4161,0.003100,-21.8214,5.5862,-0.3904,12347475,6666375,263664375
2025-12-29 12:52:48,25957.05,25950,2025-12-30,CE,63.65,8.67,0.5836,0.003100,-21.8261,5.5868,0.4509,8737575,7496100,92198025
2025-12-29 12:52:48,25957.05,25950,2025-12-30,PE,37.6,8.68,-0.4165,0.003100,-21.8662,5.5872,-0.3873,12347475,6666375,263740050
2025-12-29 12:52:54,25956.4,25950,2025-12-30,CE,63.45,8.90,0.5751,0.003100,-22.4993,5.6106,0.4484,8737575,7496100,92229600
2025-12-29 12:52:54,25956.4,25950,2025-12-30,PE,37.55,8.51,-0.4217,0.003200,-21.5000,5.6016,-0.3883,12347475,6666375,263797275
2025-12-29 12:52:59,25956.4,25950,2025-12-30,CE,63.4,8.59,0.5862,0.003200,-21.6044,5.5786,0.4494,8737575,7496100,92251800
2025-12-29 12:52:59,25956.4,25950,2025-12-30,PE,37.7,8.71,-0.4149,0.003100,-21.9256,5.5822,-0.3891,12347475,6666375,263831175
2025-12-29 12:53:05,25955.55,25950,2025-12-30,CE,63.35,8.76,0.5803,0.003100,-22.0972,5.5959,0.4466,8737575,7496100,92297400
2025-12-29 12:53:05,25955.55,25950,2025-12-30,PE,37.65,8.61,-0.4183,0.003200,-21.6967,5.5919,-0.3909,12347475,6666375,263907600
2025-12-29 12:53:10,25957.85,25950,2025-12-30,CE,63.7,8.62,0.5841,0.003200,-21.7085,5.5847,0.4531,8737575,7496100,92323275
2025-12-29 12:53:10,25957.85,25950,2025-12-30,PE,37.45,8.67,-0.4164,0.003100,-21.8289,5.5860,-0.3851,12347475,6666375,263938650
2025-12-29 12:53:16,25954.9,25950,2025-12-30,CE,62.45,8.90,0.5751,0.003100,-22.5021,5.6099,0.4444,8906325,7664850,92416350
2025-12-29 12:53:16,25954.9,25950,2025-12-30,PE,38.15,8.48,-0.4214,0.003200,-21.4227,5.6001,-0.3921,12228525,6547425,264087450
2025-12-29 12:53:21,25956.55,25950,2025-12-30,CE,62.4,8.70,0.5774,0.003100,-21.9765,5.6035,0.4493,8906325,7664850,92459700
2025-12-29 12:53:21,25956.55,25950,2025-12-30,PE,38.1,8.59,-0.4217,0.003200,-21.6965,5.6009,-0.3881,12228525,6547425,264155250
2025-12-29 12:53:27,25957.15,25950,2025-12-30,CE,63.35,8.68,0.5772,0.003100,-21.9404,5.6038,0.4509,8906325,7664850,92510625
2025-12-29 12:53:27,25957.15,25950,2025-12-30,PE,37.65,8.61,-0.4221,0.003200,-21.7404,5.6020,-0.3866,12228525,6547425,264205800
2025-12-29 12:53:32,25957.7,25950,2025-12-30,CE,63.0,8.80,0.5768,0.003100,-22.2541,5.6049,0.4519,8906325,7664850,92525100
2025-12-29 12:53:32,25957.7,25950,2025-12-30,PE,37.7,8.53,-0.4208,0.003200,-21.5341,5.5981,-0.3848,12228525,6547425,264272475
2025-12-29 12:53:38,25956.9,25950,2025-12-30,CE,62.85,8.62,0.5825,0.003200,-21.7293,5.5886,0.4505,8906325,7664850,92546325
2025-12-29 12:53:38,25956.9,25950,2025-12-30,PE,37.95,8.68,-0.4181,0.003100,-21.8897,5.5903,-0.3875,12228525,6547425,264307425
2025-12-29 12:53:43,25956.5,25950,2025-12-30,CE,62.85,8.67,0.5799,0.003200,-21.8747,5.5960,0.4492,8906325,7664850,92560425
2025-12-29 12:53:43,25956.5,25950,2025-12-30,PE,37.65,8.64,-0.4199,0.003200,-21.7947,5.5952,-0.3884,12228525,6547425,264335850
2025-12-29 12:53:49,25956.6,25950,2025-12-30,CE,62.9,8.73,0.5787,0.003100,-22.0428,5.5990,0.4492,8906325,7664850,92605575
2025-12-29 12:53:49,25956.6,25950,2025-12-30,PE,37.8,8.56,-0.4198,0.003200,-21.6025,5.5947,-0.3878,12228525,6547425,264440925
2025-12-29 12:53:54,25956.15,25950,2025-12-30,CE,62.9,8.51,0.5838,0.003200,-21.4471,5.5841,0.4488,8906325,7664850,92640675
2025-12-29 12:53:54,25956.15,25950,2025-12-30,PE,37.8,8.73,-0.4182,0.003100,-22.0086,5.5900,-0.3896,12228525,6547425,264566700
2025-12-29 12:54:00,25954.7,25950,2025-12-30,CE,63.1,8.62,0.5812,0.003200,-21.7463,5.5915,0.4446,8906325,7664850,92673075
2025-12-29 12:54:00,25954.7,25950,2025-12-30,PE,37.7,8.65,-0.4190,0.003200,-21.8264,5.5923,-0.3931,12228525,6547425,264647250
2025-12-29 12:54:05,25955.95,25950,2025-12-30,CE,62.95,8.62,0.5838,0.003200,-21.7181,5.5840,0.4479,8906325,7664850,92699850
2025-12-29 12:54:05,25955.95,25950,2025-12-30,PE,37.85,8.68,-0.4168,0.003100,-21.8786,5.5857,-0.3899,12228525,6547425,264693975
2025-12-29 12:54:11,25955.6,25950,2025-12-30,CE,62.7,8.51,0.5851,0.003200,-21.4341,5.5798,0.4473,8906325,7664850,92732925
2025-12-29 12:54:11,25955.6,25950,2025-12-30,PE,37.8,8.73,-0.4169,0.003100,-21.9959,5.5859,-0.3909,12228525,6547425,264760950
2025-12-29 12:54:16,25955.75,25950,2025-12-30,CE,62.65,8.53,0.5840,0.003200,-21.4857,5.5830,0.4476,8906325,7664850,92762925
2025-12-29 12:54:16,25955.75,25950,2025-12-30,PE,37.8,8.71,-0.4177,0.003100,-21.9671,5.5881,-0.3905,12228525,6547425,264809025
2025-12-29 12:54:22,25957.25,25950,2025-12-30,CE,62.9,8.58,0.5829,0.003200,-21.6139,5.5860,0.4514,8906325,7664850,92815275
2025-12-29 12:54:22,25957.25,25950,2025-12-30,PE,37.65,8.68,-0.4180,0.003100,-21.8946,5.5889,-0.3864,12228525,6547425,264892200
2025-12-29 12:54:27,25956.5,25950,2025-12-30,CE,62.7,8.51,0.5864,0.003200,-21.4208,5.5755,0.4496,8906325,7664850,92831400
2025-12-29 12:54:27,25956.5,25950,2025-12-30,PE,37.9,8.71,-0.4155,0.003100,-21.9428,5.5813,-0.3885,12228525,6547425,264924975
2025-12-29 12:54:33,25954.2,25950,2025-12-30,CE,62.55,8.85,0.5730,0.003100,-22.4165,5.6130,0.4425,8906325,7664850,92844225
2025-12-29 12:54:33,25954.2,25950,2025-12-30,PE,37.85,8.50,-0.4241,0.003200,-21.4977,5.6052,-0.3938,12228525,6547425,264968925
2025-12-29 12:54:38,25954.75,25950,2025-12-30,CE,62.4,8.85,0.5706,0.003100,-22.4420,5.6191,0.4439,8906325,7664850,92867850
2025-12-29 12:54:38,25954.75,25950,2025-12-30,PE,37.9,8.47,-0.4264,0.003200,-21.4443,5.6112,-0.3922,12228525,6547425,265018500
2025-12-29 12:54:43,25955.45,25950,2025-12-30,CE,62.65,8.90,0.5699,0.003100,-22.5653,5.6206,0.4455,8906325,7664850,92919525
2025-12-29 12:54:43,25955.45,25950,2025-12-30,PE,37.9,8.41,-0.4262,0.003300,-21.2883,5.6105,-0.3901,12228525,6547425,265042575
2025-12-29 12:54:49,25959.65,25950,2025-12-30,CE,63.85,8.88,0.5737,0.003100,-22.4890,5.6107,0.4562,8906325,7664850,93010725
2025-12-29 12:54:49,25959.65,25950,2025-12-30,PE,37.0,8.44,-0.4225,0.003200,-21.3298,5.6005,-0.3790,12228525,6547425,265295100
2025-12-29 12:54:54,25958.8,25950,2025-12-30,CE,63.8,8.90,0.5767,0.003100,-22.4969,5.6027,0.4539,8906325,7664850,93090450
2025-12-29 12:54:54,25958.8,25950,2025-12-30,PE,37.1,8.41,-0.4190,0.003200,-21.2158,5.5905,-0.3811,12228525,6547425,265451550
2025-12-29 12:55:00,25958.5,25950,2025-12-30,CE,63.55,8.58,0.5893,0.003200,-21.5433,5.5654,0.4545,8906325,7664850,93149250
2025-12-29 12:55:00,25958.5,25950,2025-12-30,PE,37.5,8.67,-0.4116,0.003100,-21.7847,5.5683,-0.3830,12228525,6547425,265536300
2025-12-29 12:55:05,25957.2,25950,2025-12-30,CE,63.45,8.70,0.5825,0.003100,-21.9324,5.5861,0.4506,8906325,7664850,93212700
2025-12-29 12:55:05,25957.2,25950,2025-12-30,PE,37.75,8.64,-0.4170,0.003200,-21.7720,5.5845,-0.3862,12228525,6547425,265638300
2025-12-29 12:55:11,25956.6,25950,2025-12-30,CE,63.55,8.15,0.6034,0.003300,-20.2919,5.5164,0.4511,8906325,7664850,93240525
2025-12-29 12:55:11,25956.6,25950,2025-12-30,PE,37.5,9.03,-0.4063,0.003000,-22.6381,5.5513,-0.3892,12228525,6547425,265707675
2025-12-29 12:55:16,25956.35,25950,2025-12-30,CE,63.5,8.71,0.5817,0.003100,-21.9808,5.5881,0.4483,8906325,7664850,93260700
2025-12-29 12:55:16,25956.35,25950,2025-12-30,PE,37.6,8.62,-0.4175,0.003200,-21.7402,5.5856,-0.3883,12228525,6547425,265751700
2025-12-29 12:55:22,25957.25,25950,2025-12-30,CE,63.4,8.67,0.5837,0.003100,-21.8430,5.5821,0.4507,8906325,7664850,93292500
2025-12-29 12:55:22,25957.25,25950,2025-12-30,PE,37.55,8.67,-0.4163,0.003100,-21.8430,5.5821,-0.3862,12228525,6547425,265794750
2025-12-29 12:55:27,25957.35,25950,2025-12-30,CE,63.5,8.71,0.5817,0.003100,-21.9819,5.5878,0.4508,8906325,7664850,93315975
2025-12-29 12:55:27,25957.35,25950,2025-12-30,PE,37.4,8.62,-0.4175,0.003200,-21.7413,5.5853,-0.3857,12228525,6547425,265855275
2025-12-29 12:55:33,25958.8,25950,2025-12-30,CE,63.45,8.88,0.5756,0.003100,-22.4741,5.6046,0.4538,8906325,7664850,93347025
2025-12-29 12:55:33,25958.8,25950,2025-12-30,PE,37.35,8.48,-0.4210,0.003200,-21.4338,5.5951,-0.3812,12228525,6547425,265892400
2025-12-29 12:55:38,25956.9,25950,2025-12-30,CE,63.85,8.88,0.5759,0.003100,-22.4714,5.6036,0.4490,8906325,7664850,93370350
2025-12-29 12:55:38,25956.9,25950,2025-12-30,PE,37.1,8.48,-0.4207,0.003200,-21.4309,5.5941,-0.3863,12228525,6547425,265918725
2025-12-29 12:55:43,25958.6,25950,2025-12-30,CE,64.0,8.70,0.5850,0.003100,-21.9071,5.5777,0.4540,8906325,7664850,93432225
2025-12-29 12:55:43,25958.6,25950,2025-12-30,PE,37.0,8.61,-0.4141,0.003200,-21.6661,5.5750,-0.3823,12228525,6547425,266004075
2025-12-29 12:55:49,25958.65,25950,2025-12-30,CE,63.95,8.58,0.5900,0.003200,-21.5409,5.5619,0.4546,8906325,7664850,93546975
2025-12-29 12:55:49,25958.65,25950,2025-12-30,PE,37.0,8.68,-0.4111,0.003100,-21.8227,5.5653,-0.3825,12228525,6547425,266133975
2025-12-29 12:55:54,25958.9,25950,2025-12-30,CE,64.05,8.61,0.5897,0.003200,-21.6219,5.5627,0.4551,8906325,7664850,93580500
2025-12-29 12:55:54,25958.9,25950,2025-12-30,PE,37.15,8.70,-0.4113,0.003100,-21.8635,5.5657,-0.3819,12228525,6547425,266182275
2025-12-29 12:56:00,25959.1,25950,2025-12-30,CE,64.15,8.44,0.5959,0.003200,-21.1224,5.5420,0.4564,8906325,7664850,93611400
2025-12-29 12:56:00,25959.1,25950,2025-12-30,PE,37.15,8.82,-0.4081,0.003100,-22.1313,5.5556,-0.3819,12228525,6547425,266200650
2025-12-29 12:56:05,25958.65,25950,2025-12-30,CE,63.7,8.56,0.5908,0.003200,-21.4944,5.5589,0.4547,8906325,7664850,93659700
2025-12-29 12:56:05,25958.65,25950,2025-12-30,PE,37.2,8.73,-0.4109,0.003100,-21.9374,5.5643,-0.3826,12228525,6547425,266260200
2025-12-29 12:56:11,25958.75,25950,2025-12-30,CE,63.8,8.58,0.5897,0.003200,-21.5469,5.5623,0.4548,8906325,7664850,93672450
2025-12-29 12:56:11,25958.75,25950,2025-12-30,PE,37.15,8.74,-0.4120,0.003100,-21.9897,5.5676,-0.3824,12228525,6547425,266283300
2025-12-29 12:56:16,25958.15,25950,2025-12-30,CE,63.7,8.59,0.5895,0.003200,-21.5877,5.5626,0.4532,9141450,7899975,93707625
2025-12-29 12:56:16,25958.15,25950,2025-12-30,PE,37.15,8.73,-0.4119,0.003100,-21.9500,5.5670,-0.3839,12235050,6553950,266306325
2025-12-29 12:56:22,25960.25,25950,2025-12-30,CE,63.9,8.53,0.5901,0.003200,-21.4272,5.5605,0.4589,9141450,7899975,93724725
2025-12-29 12:56:22,25960.25,25950,2025-12-30,PE,37.0,8.74,-0.4120,0.003100,-21.9908,5.5673,-0.3785,12235050,6553950,266343300
2025-12-29 12:56:27,25960.85,25950,2025-12-30,CE,64.4,8.59,0.5895,0.003200,-21.5888,5.5623,0.4602,9141450,7899975,93774450
2025-12-29 12:56:27,25960.85,25950,2025-12-30,PE,36.5,8.68,-0.4114,0.003100,-21.8304,5.5652,-0.3766,12235050,6553950,266501550
2025-12-29 12:56:32,25960.7,25950,2025-12-30,CE,64.45,8.67,0.5887,0.003100,-21.7906,5.5646,0.4594,9141450,7899975,93853650
2025-12-29 12:56:32,25960.7,25950,2025-12-30,PE,36.3,8.59,-0.4105,0.003200,-21.5893,5.5622,-0.3765,12235050,6553950,266929050
2025-12-29 12:56:38,25960.8,25950,2025-12-30,CE,64.4,8.73,0.5882,0.003100,-21.9521,5.5664,0.4593,9141450,7899975,93909375
2025-12-29 12:56:38,25960.8,25950,2025-12-30,PE,36.5,8.53,-0.4099,0.003200,-21.4288,5.5600,-0.3760,12235050,6553950,267137475
2025-12-29 12:56:43,25960.1,25950,2025-12-30,CE,64.3,8.76,0.5851,0.003100,-22.0670,5.5757,0.4573,9141450,7899975,93948000
2025-12-29 12:56:43,25960.1,25950,2025-12-30,PE,36.75,8.54,-0.4129,0.003200,-21.5042,5.5693,-0.3778,12235050,6553950,267234600
2025-12-29 12:56:49,25960.0,25950,2025-12-30,CE,64.35,8.41,0.5994,0.003200,-21.0042,5.5281,0.4587,9141450,7899975,94028400
2025-12-29 12:56:49,25960.0,25950,2025-12-30,PE,36.85,8.79,-0.4047,0.003100,-22.0154,5.5428,-0.3792,12235050,6553950,267322275
2025-12-29 12:56:54,25960.5,25950,2025-12-30,CE,64.45,8.26,0.6045,0.003300,-20.5549,5.5096,0.4608,9141450,7899975,94062750
2025-12-29 12:56:54,25960.5,25950,2025-12-30,PE,36.75,8.91,-0.4029,0.003000,-22.2976,5.5366,-0.3785,12235050,6553950,267382275
2025-12-29 12:57:00,25959.15,25950,2025-12-30,CE,64.1,8.29,0.6048,0.003200,-20.6276,5.5084,0.4570,9141450,7899975,94123200
2025-12-29 12:57:00,25959.15,25950,2025-12-30,PE,36.85,8.88,-0.4020,0.003000,-22.2087,5.5332,-0.3818,12235050,6553950,267428250
2025-12-29 12:57:05,25959.55,25950,2025-12-30,CE,64.15,8.73,0.5854,0.003100,-21.9894,5.5741,0.4560,9141450,7899975,94165500
2025-12-29 12:57:05,25959.55,25950,2025-12-30,PE,36.75,8.61,-0.4135,0.003200,-21.6678,5.5704,-0.3795,12235050,6553950,267473475
2025-12-29 12:57:11,25959.1,25950,2025-12-30,CE,64.6,8.26,0.6055,0.003300,-20.5428,5.5055,0.4570,9141450,7899975,94189800
2025-12-29 12:57:11,25959.1,25950,2025-12-30,PE,36.55,8.93,-0.4022,0.003000,-22.3270,5.5336,-0.3821,12235050,6553950,267540225
2025-12-29 12:57:16,25959.75,25950,2025-12-30,CE,64.45,8.41,0.5998,0.003200,-21.0025,5.5262,0.4580,9141450,7899975,94240575
2025-12-29 12:57:16,25959.75,25950,2025-12-30,PE,36.8,8.79,-0.4044,0.003100,-22.0140,5.5410,-0.3798,12235050,6553950,267581550
2025-12-29 12:57:22,25960.1,25950,2025-12-30,CE,64.25,8.16,0.6099,0.003300,-20.2529,5.4881,0.4602,9141450,7899975,94255800
2025-12-29 12:57:22,25960.1,25950,2025-12-30,PE,36.7,8.99,-0.3998,0.003000,-22.4471,5.5250,-0.3798,12235050,6553950,267619950
2025-12-29 12:57:27,25958.1,25950,2025-12-30,CE,63.55,8.32,0.6041,0.003200,-20.7159,5.5103,0.4539,9141450,7899975,94300575
2025-12-29 12:57:27,25958.1,25950,2025-12-30,PE,37.05,8.88,-0.4023,0.003000,-22.2157,5.5335,-0.3843,12235050,6553950,267712500
2025-12-29 12:57:33,25957.6,25950,2025-12-30,CE,63.25,8.26,0.6012,0.003300,-20.6031,5.5205,0.4528,9141450,7899975,94350750
2025-12-29 12:57:33,25957.6,25950,2025-12-30,PE,37.6,8.91,-0.4059,0.003000,-22.3429,5.5458,-0.3857,12235050,6553950,267831750
2025-12-29 12:57:38,25956.45,25950,2025-12-30,CE,63.0,8.62,0.5845,0.003200,-21.7335,5.5757,0.4482,9141450,7899975,94457625
2025-12-29 12:57:38,25956.45,25950,2025-12-30,PE,37.45,8.68,-0.4161,0.003100,-21.8943,5.5775,-0.3878,12235050,6553950,267980250
2025-12-29 12:57:43,25957.9,25950,2025-12-30,CE,63.5,8.42,0.5916,0.003200,-21.1495,5.5534,0.4528,9141450,7899975,94490325
2025-12-29 12:57:43,25957.9,25950,2025-12-30,PE,37.25,8.77,-0.4119,0.003100,-22.0762,5.5648,-0.3843,12235050,6553950,268058100
2025-12-29 12:57:49,25958.7,25950,2025-12-30,CE,63.75,8.58,0.5897,0.003200,-21.5571,5.5594,0.4542,9141450,7899975,94507200
2025-12-29 12:57:49,25958.7,25950,2025-12-30,PE,37.1,8.71,-0.4117,0.003100,-21.9195,5.5638,-0.3820,12235050,6553950,268133175
2025-12-29 12:57:54,25960.1,25950,2025-12-30,CE,64.45,8.27,0.6001,0.003300,-20.6593,5.5239,0.4594,9141450,7899975,94589775
2025-12-29 12:57:54,25960.1,25950,2025-12-30,PE,36.6,8.91,-0.4068,0.003000,-22.3579,5.5481,-0.3793,12235050,6553950,268241325
2025-12-29 12:58:00,25959.2,25950,2025-12-30,CE,64.95,8.45,0.5980,0.003200,-21.1458,5.5312,0.4561,9141450,7899975,94637250
2025-12-29 12:58:00,25959.2,25950,2025-12-30,PE,36.25,8.77,-0.4054,0.003100,-21.9950,5.5432,-0.3809,12235050,6553950,268361025
2025-12-29 12:58:05,25959.8,25950,2025-12-30,CE,65.05,8.85,0.5852,0.003100,-22.3065,5.5729,0.4558,9141450,7899975,94821150
2025-12-29 12:58:05,25959.8,25950,2025-12-30,PE,35.85,8.48,-0.4113,0.003200,-21.3409,5.5618,-0.3780,12235050,6553950,268559475
2025-12-29 12:58:10,25962.55,25950,2025-12-30,CE,65.1,8.59,0.5974,0.003200,-21.4984,5.5329,0.4642,9141450,7899975,94920075
2025-12-29 12:58:10,25962.55,25950,2025-12-30,PE,35.7,8.65,-0.4032,0.003100,-21.6602,5.5353,-0.3717,12235050,6553950,268821375
2025-12-29 12:58:16,25961.55,25950,2025-12-30,CE,65.0,8.82,0.5867,0.003100,-22.2122,5.5680,0.4604,9141450,7899975,94972725
2025-12-29 12:58:16,25961.55,25950,2025-12-30,PE,35.85,8.44,-0.4095,0.003200,-21.2054,5.5559,-0.3731,12235050,6553950,268947375
2025-12-29 12:58:22,25962.05,25950,2025-12-30,CE,65.3,8.10,0.6150,0.003300,-20.0321,5.4657,0.4656,9141450,7899975,95034750
2025-12-29 12:58:22,25962.05,25950,2025-12-30,PE,35.75,8.94,-0.3953,0.003000,-22.2741,5.5070,-0.3744,12235050,6553950,269013225
2025-12-29 12:58:27,25961.1,25950,2025-12-30,CE,64.95,8.67,0.5926,0.003100,-21.7557,5.5490,0.4599,9141450,7899975,95072250
2025-12-29 12:58:27,25961.1,25950,2025-12-30,PE,36.05,8.58,-0.4065,0.003200,-21.5135,5.5458,-0.3750,12235050,6553950,269071725
2025-12-29 12:58:32,25960.9,25950,2025-12-30,CE,64.9,8.48,0.5996,0.003200,-21.2042,5.5248,0.4603,9141450,7899975,95119650
2025-12-29 12:58:32,25960.9,25950,2025-12-30,PE,35.9,8.70,-0.4028,0.003100,-21.7711,5.5332,-0.3761,12235050,6553950,269117700
2025-12-29 12:58:38,25961.0,25950,2025-12-30,CE,64.8,8.39,0.6045,0.003200,-20.9080,5.5068,0.4610,9141450,7899975,95149575
2025-12-29 12:58:38,25961.0,25950,2025-12-30,PE,36.0,8.76,-0.3997,0.003100,-21.8821,5.5223,-0.3761,12235050,6553950,269207400
2025-12-29 12:58:43,25960.0,25950,2025-12-30,CE,64.95,8.56,0.5946,0.003200,-21.4624,5.5417,0.4575,9141450,7899975,95174850
2025-12-29 12:58:43,25960.0,25950,2025-12-30,PE,36.0,8.67,-0.4065,0.003100,-21.7452,5.5455,-0.3783,12235050,6553950,269296050
2025-12-29 12:58:49,25963.1,25950,2025-12-30,CE,65.15,8.21,0.6120,0.003300,-20.3451,5.4775,0.4677,9141450,7899975,95205900
2025-12-29 12:58:49,25963.1,25950,2025-12-30,PE,35.85,8.90,-0.3963,0.003000,-22.1775,5.5099,-0.3715,12235050,6553950,269356725
2025-12-29 12:58:54,25962.25,25950,2025-12-30,CE,65.15,8.26,0.6094,0.003300,-20.4968,5.4874,0.4651,9141450,7899975,95246700
2025-12-29 12:58:54,25962.25,25950,2025-12-30,PE,35.8,8.85,-0.3976,0.003000,-22.0831,5.5145,-0.3733,12235050,6553950,269499000
2025-12-29 12:58:59,25962.6,25950,2025-12-30,CE,65.3,8.65,0.5940,0.003100,-21.7029,5.5433,0.4637,9141450,7899975,95348175
2025-12-29 12:58:59,25962.6,25950,2025-12-30,PE,35.7,8.59,-0.4054,0.003200,-21.5413,5.5411,-0.3710,12235050,6553950,269628000
2025-12-29 12:59:05,25962.9,25950,2025-12-30,CE,66.15,8.61,0.5964,0.003100,-21.5573,5.5351,0.4647,9141450,7899975,95503800
2025-12-29 12:59:05,25962.9,25950,2025-12-30,PE,34.85,8.61,-0.4036,0.003100,-21.5573,5.5351,-0.3703,12235050,6553950,269966325
2025-12-29 12:59:10,25964.1,25950,2025-12-30,CE,66.2,8.91,0.5877,0.003100,-22.4370,5.5634,0.4661,9141450,7899975,95616300
2025-12-29 12:59:10,25964.1,25950,2025-12-30,PE,34.95,8.36,-0.4068,0.003200,-20.9854,5.5453,-0.3657,12235050,6553950,270157650
2025-12-29 12:59:15,25962.95,25950,2025-12-30,CE,65.8,8.48,0.6066,0.003200,-21.1103,5.4977,0.4655,9012750,7771275,95711025
2025-12-29 12:59:15,25962.95,25950,2025-12-30,PE,35.25,8.70,-0.3959,0.003100,-21.6796,5.5073,-0.3707,12063750,6382650,270268275
2025-12-29 12:59:21,25963.45,25950,2025-12-30,CE,66.0,8.64,0.5973,0.003100,-21.6230,5.5315,0.4659,9012750,7771275,95751300
2025-12-29 12:59:21,25963.45,25950,2025-12-30,PE,35.3,8.56,-0.4019,0.003200,-21.4205,5.5285,-0.3686,12063750,6382650,270314100
2025-12-29 12:59:26,25964.2,25950,2025-12-30,CE,65.6,8.85,0.5889,0.003100,-22.2699,5.5592,0.4666,9012750,7771275,95813100
2025-12-29 12:59:26,25964.2,25950,2025-12-30,PE,35.5,8.44,-0.4069,0.003200,-21.1808,5.5454,-0.3658,12063750,6382650,270388500
2025-12-29 12:59:32,25962.0,25950,2025-12-30,CE,65.7,8.30,0.6108,0.003200,-20.5944,5.4809,0.4640,9012750,7771275,95850450
2025-12-29 12:59:32,25962.0,25950,2025-12-30,PE,35.5,8.83,-0.3956,0.003100,-22.0198,5.5059,-0.3737,12063750,6382650,270459150
2025-12-29 12:59:37,25962.1,25950,2025-12-30,CE,65.55,8.61,0.5989,0.003100,-21.5265,5.5255,0.4625,9012750,7771275,95920275
2025-12-29 12:59:37,25962.1,25950,2025-12-30,PE,35.8,8.62,-0.4013,0.003100,-21.5670,5.5261,-0.3724,12063750,6382650,270539475
2025-12-29 12:59:43,25962.6,25950,2025-12-30,CE,65.6,8.18,0.6157,0.003300,-20.2194,5.4608,0.4663,9012750,7771275,95955450
2025-12-29 12:59:43,25962.6,25950,2025-12-30,PE,35.65,8.94,-0.3938,0.003000,-22.2599,5.4989,-0.3727,12063750,6382650,270608925
2025-12-29 12:59:48,25962.6,25950,2025-12-30,CE,65.35,8.85,0.5877,0.003100,-22.2875,5.5624,0.4625,9012750,7771275,96018450
2025-12-29 12:59:48,25962.6,25950,2025-12-30,PE,35.9,8.48,-0.4087,0.003200,-21.3201,5.5506,-0.3702,12063750,6382650,270663075
2025-12-29 12:59:53,25961.8,25950,2025-12-30,CE,65.3,8.82,0.5880,0.003100,-22.2075,5.5613,0.4606,9012750,7771275,96114000
2025-12-29 12:59:53,25961.8,25950,2025-12-30,PE,35.9,8.50,-0.4088,0.003200,-21.3609,5.5510,-0.3724,12063750,6382650,270771825
2025-12-29 12:59:59,25961.0,25950,2025-12-30,CE,65.25,8.68,0.5924,0.003100,-21.8058,5.5468,0.4592,9012750,7771275,96134100
2025-12-29 12:59:59,25961.0,25950,2025-12-30,PE,35.85,8.58,-0.4064,0.003200,-21.5231,5.5431,-0.3749,12063750,6382650,270816450
2025-12-29 13:00:05,25961.5,25950,2025-12-30,CE,64.95,8.59,0.5934,0.003200,-21.5645,5.5433,0.4609,9012750,7771275,96223875
2025-12-29 13:00:05,25961.5,25950,2025-12-30,PE,35.95,8.65,-0.4072,0.003100,-21.7261,5.5454,-0.3740,12063750,6382650,270948000
2025-12-29 13:00:10,25963.05,25950,2025-12-30,CE,65.1,8.24,0.6100,0.003300,-20.4592,5.4829,0.4670,9012750,7771275,96277200
2025-12-29 13:00:10,25963.05,25950,2025-12-30,PE,35.9,8.88,-0.3976,0.003000,-22.1685,5.5122,-0.3712,12063750,6382650,270992025
2025-12-29 13:00:15,25963.3,25950,2025-12-30,CE,65.5,8.82,0.5871,0.003100,-22.2217,5.5634,0.4643,9012750,7771275,96326175
2025-12-29 13:00:15,25963.3,25950,2025-12-30,PE,35.6,8.48,-0.4096,0.003200,-21.3352,5.5528,-0.3683,12063750,6382650,271071000
2025-12-29 13:00:21,25962.1,25950,2025-12-30,CE,65.0,8.29,0.6104,0.003200,-20.5683,5.4811,0.4641,9012750,7771275,96380925
2025-12-29 13:00:21,25962.1,25950,2025-12-30,PE,36.1,8.85,-0.3964,0.003000,-22.0749,5.5073,-0.3734,12063750,6382650,271114350
2025-12-29 13:00:26,25961.8,25950,2025-12-30,CE,65.1,8.64,0.5939,0.003100,-21.6757,5.5412,0.4613,9012750,7771275,96426075
2025-12-29 13:00:26,25961.8,25950,2025-12-30,PE,35.95,8.64,-0.4061,0.003100,-21.6757,5.5412,-0.3731,12063750,6382650,271165875
2025-12-29 13:00:32,25959.75,25950,2025-12-30,CE,64.85,8.61,0.5955,0.003200,-21.5789,5.5357,0.4561,9012750,7771275,96459375
2025-12-29 13:00:32,25959.75,25950,2025-12-30,PE,36.1,8.65,-0.4050,0.003100,-21.7002,5.5374,-0.3784,12063750,6382650,271211100
2025-12-29 13:00:37,25959.45,25950,2025-12-30,CE,64.75,8.65,0.5931,0.003100,-21.7253,5.5435,0.4551,9012750,7771275,96479925
2025-12-29 13:00:37,25959.45,25950,2025-12-30,PE,36.15,8.61,-0.4064,0.003200,-21.6041,5.5419,-0.3790,12063750,6382650,271256850
2025-12-29 13:00:42,25960.65,25950,2025-12-30,CE,64.6,8.61,0.5948,0.003200,-21.5882,5.5375,0.4584,9012750,7771275,96511125
2025-12-29 13:00:42,25960.65,25950,2025-12-30,PE,36.15,8.67,-0.4058,0.003100,-21.7500,5.5397,-0.3761,12063750,6382650,271303950
2025-12-29 13:00:48,25961.75,25950,2025-12-30,CE,64.65,8.56,0.5953,0.003200,-21.4674,5.5357,0.4615,9012750,7771275,96546225
2025-12-29 13:00:48,25961.75,25950,2025-12-30,PE,36.15,8.68,-0.4060,0.003100,-21.7909,5.5401,-0.3733,12063750,6382650,271351425
2025-12-29 13:00:53,25961.55,25950,2025-12-30,CE,64.55,8.39,0.6017,0.003200,-20.9622,5.5132,0.4619,9012750,7771275,96575700
2025-12-29 13:00:53,25961.55,25950,2025-12-30,PE,36.3,8.76,-0.4024,0.003100,-21.9354,5.5279,-0.3742,12063750,6382650,271394775
2025-12-29 13:00:59,25961.1,25950,2025-12-30,CE,64.8,8.82,0.5852,0.003100,-22.2487,5.5678,0.4585,9012750,7771275,96633525
2025-12-29 13:00:59,25961.1,25950,2025-12-30,PE,36.15,8.50,-0.4117,0.003200,-21.4031,5.5581,-0.3740,12063750,6382650,271466625
2025-12-29 13:01:04,25961.05,25950,2025-12-30,CE,65.05,8.19,0.6096,0.003300,-20.3560,5.4828,0.4616,9012750,7771275,96645450
2025-12-29 13:01:04,25961.05,25950,2025-12-30,PE,35.9,8.91,-0.3988,0.003000,-22.2684,5.5152,-0.3762,12063750,6382650,271517550
2025-12-29 13:01:10,25960.7,25950,2025-12-30,CE,65.8,8.13,0.6177,0.003300,-20.0850,5.4498,0.4610,9012750,7771275,96816300
2025-12-29 13:01:10,25960.7,25950,2025-12-30,PE,35.25,8.93,-0.3924,0.003000,-22.2104,5.4909,-0.3771,12063750,6382650,271714725
2025-12-29 13:01:15,25960.6,25950,2025-12-30,CE,65.4,8.61,0.5964,0.003200,-21.5711,5.5311,0.4582,9012750,7771275,96860175
2025-12-29 13:01:15,25960.6,25950,2025-12-30,PE,35.65,8.61,-0.4036,0.003200,-21.5711,5.5311,-0.3758,12063750,6382650,271758600
2025-12-29 13:01:21,25962.95,25950,2025-12-30,CE,65.25,8.93,0.5852,0.003100,-22.5220,5.5673,0.4625,9012750,7771275,96873600
2025-12-29 13:01:21,25962.95,25950,2025-12-30,PE,35.65,8.39,-0.4096,0.003200,-21.1118,5.5508,-0.3684,12063750,6382650,271790700
2025-12-29 13:01:26,25962.2,25950,2025-12-30,CE,65.7,8.68,0.5947,0.003100,-21.7870,5.5368,0.4619,9012750,7771275,96921525
2025-12-29 13:01:26,25962.2,25950,2025-12-30,PE,35.35,8.54,-0.4039,0.003200,-21.4229,5.5317,-0.3712,12063750,6382650,271829025
2025-12-29 13:01:31,25961.5,25950,2025-12-30,CE,65.7,8.70,0.5945,0.003100,-21.8280,5.5372,0.4600,9012750,7771275,96954900
2025-12-29 13:01:31,25961.5,25950,2025-12-30,PE,35.4,8.54,-0.4039,0.003200,-21.4234,5.5316,-0.3731,12063750,6382650,271866000
2025-12-29 13:01:37,25962.55,25950,2025-12-30,CE,65.9,8.85,0.5883,0.003100,-22.2921,5.5571,0.4618,9012750,7771275,96989925
2025-12-29 13:01:37,25962.55,25950,2025-12-30,PE,35.15,8.44,-0.4075,0.003200,-21.2025,5.5436,-0.3697,12063750,6382650,271929000
2025-12-29 13:01:42,25963.15,25950,2025-12-30,CE,66.0,8.42,0.6071,0.003200,-20.9669,5.4916,0.4658,9012750,7771275,97028550
2025-12-29 13:01:42,25963.15,25950,2025-12-30,PE,35.0,8.71,-0.3963,0.003100,-21.7402,5.5047,-0.3697,12063750,6382650,272027925
2025-12-29 13:01:48,25963.75,25950,2025-12-30,CE,65.85,8.51,0.6032,0.003200,-21.2527,5.5063,0.4668,9012750,7771275,97064250
2025-12-29 13:01:48,25963.75,25950,2025-12-30,PE,35.0,8.65,-0.3984,0.003100,-21.6183,5.5121,-0.3678,12063750,6382650,272183775
2025-12-29 13:01:53,25961.9,25950,2025-12-30,CE,64.8,8.85,0.5902,0.003100,-22.2704,5.5508,0.4601,9012750,7771275,97156725
2025-12-29 13:01:53,25961.9,25950,2025-12-30,PE,35.9,8.42,-0.4054,0.003200,-21.1392,5.5361,-0.3713,12063750,6382650,272252325
2025-12-29 13:01:59,25961.5,25950,2025-12-30,CE,64.75,8.67,0.5923,0.003100,-21.7824,5.5436,0.4600,9012750,7771275,97190100
2025-12-29 13:01:59,25961.5,25950,2025-12-30,PE,35.85,8.54,-0.4064,0.003200,-21.4591,5.5394,-0.3730,12063750,6382650,272307675
2025-12-29 13:02:04,25959.7,25950,2025-12-30,CE,64.9,8.29,0.6069,0.003200,-20.6301,5.4918,0.4571,9012750,7771275,97217100
2025-12-29 13:02:04,25959.7,25950,2025-12-30,PE,35.9,8.80,-0.3992,0.003100,-22.0127,5.5146,-0.3789,12063750,6382650,272341350
2025-12-29 13:02:10,25960.6,25950,2025-12-30,CE,65.25,8.54,0.5955,0.003200,-21.4360,5.5325,0.4583,9012750,7771275,97285500
2025-12-29 13:02:10,25960.6,25950,2025-12-30,PE,35.55,8.65,-0.4056,0.003100,-21.7192,5.5364,-0.3758,12063750,6382650,272465250
2025-12-29 13:02:15,25962.4,25950,2025-12-30,CE,64.95,8.68,0.5935,0.003100,-21.8088,5.5394,0.4622,9180450,7938975,97302300
2025-12-29 13:02:15,25962.4,25950,2025-12-30,PE,35.8,8.56,-0.4053,0.003200,-21.4853,5.5351,-0.3707,12064650,6383550,272509200
2025-12-29 13:02:20,25962.35,25950,2025-12-30,CE,65.2,8.82,0.5859,0.003100,-22.2507,5.5634,0.4613,9180450,7938975,97320525
2025-12-29 13:02:20,25962.35,25950,2025-12-30,PE,35.7,8.42,-0.4102,0.003200,-21.2027,5.5510,-0.3700,12064650,6383550,272546475
2025-12-29 13:12:43,25969.4,25950,2025-12-30,CE,65.95,8.27,0.6168,0.003200,-20.5117,5.4336,0.4805,9402825,8161350,103044975
2025-12-29 13:12:43,25969.4,25950,2025-12-30,PE,35.8,8.97,-0.3919,0.003000,-22.3985,5.4692,-0.3531,12241650,6560550,281798100
2025-12-29 13:12:49,25969.9,25950,2025-12-30,CE,65.8,8.68,0.5975,0.003100,-21.8269,5.5074,0.4785,9402825,8161350,103068975
2025-12-29 13:12:49,25969.9,25950,2025-12-30,PE,35.95,8.73,-0.4030,0.003100,-21.9489,5.5091,-0.3501,12241650,6560550,281852625
2025-12-29 13:12:54,25967.95,25950,2025-12-30,CE,65.55,8.18,0.6171,0.003300,-20.2811,5.4321,0.4772,9402825,8161350,103103625
2025-12-29 13:12:54,25967.95,25950,2025-12-30,PE,35.95,9.03,-0.3935,0.003000,-22.5773,5.4751,-0.3570,12241650,6560550,281894250
2025-12-29 13:12:59,25969.0,25950,2025-12-30,CE,65.65,8.15,0.6179,0.003300,-20.1942,5.4288,0.4803,9402825,8161350,103128675
2025-12-29 13:12:59,25969.0,25950,2025-12-30,PE,35.95,9.06,-0.3935,0.003000,-22.6549,5.4751,-0.3546,12241650,6560550,281959050
2025-12-29 13:13:05,25969.3,25950,2025-12-30,CE,66.0,8.67,0.5977,0.003100,-21.7879,5.5063,0.4770,9402825,8161350,103160175
2025-12-29 13:13:05,25969.3,25950,2025-12-30,PE,35.7,8.73,-0.4030,0.003100,-21.9505,5.5086,-0.3516,12241650,6560550,282007275
2025-12-29 13:13:10,25970.75,25950,2025-12-30,CE,66.25,8.87,0.5913,0.003100,-22.3742,5.5277,0.4792,9402825,8161350,103193850
2025-12-29 13:13:10,25970.75,25950,2025-12-30,PE,35.65,8.58,-0.4058,0.003200,-21.6037,5.5177,-0.3467,12241650,6560550,282046800
2025-12-29 13:13:16,25970.05,25950,2025-12-30,CE,66.45,8.59,0.6036,0.003200,-21.5152,5.4848,0.4795,9402825,8161350,103278000
2025-12-29 13:13:16,25970.05,25950,2025-12-30,PE,35.35,8.79,-0.3987,0.003100,-22.0454,5.4931,-0.3501,12241650,6560550,282155850
2025-12-29 13:13:21,25969.8,25950,2025-12-30,CE,66.35,8.71,0.5985,0.003100,-21.8948,5.5031,0.4779,9402825,8161350,103313250
2025-12-29 13:13:21,25969.8,25950,2025-12-30,PE,35.5,8.70,-0.4014,0.003100,-21.8542,5.5025,-0.3500,12241650,6560550,282227775
2025-12-29 13:13:27,25970.25,25950,2025-12-30,CE,66.1,8.87,0.5931,0.003100,-22.3521,5.5210,0.4778,9402825,8161350,103361475
2025-12-29 13:13:27,25970.25,25950,2025-12-30,PE,35.65,8.58,-0.4038,0.003200,-21.5807,5.5107,-0.3479,12241650,6560550,282285600
2025-12-29 13:13:32,25970.35,25950,2025-12-30,CE,65.95,8.26,0.6171,0.003200,-20.4755,5.4312,0.4829,9402825,8161350,103392375
2025-12-29 13:13:32,25970.35,25950,2025-12-30,PE,35.8,9.00,-0.3922,0.003000,-22.4858,5.4691,-0.3508,12241650,6560550,282313800
2025-12-29 13:13:37,25969.95,25950,2025-12-30,CE,65.8,8.24,0.6153,0.003300,-20.4653,5.4382,0.4819,9402825,8161350,103428900
2025-12-29 13:13:37,25969.95,25950,2025-12-30,PE,35.75,8.99,-0.3939,0.003000,-22.4736,5.4751,-0.3517,12241650,6560550,282340875
2025-12-29 13:13:43,25968.35,25950,2025-12-30,CE,65.45,8.83,0.5922,0.003100,-22.2889,5.5236,0.4733,9402825,8161350,103465050
2025-12-29 13:13:43,25968.35,25950,2025-12-30,PE,35.95,8.61,-0.4054,0.003200,-21.6803,5.5157,-0.3530,12241650,6560550,282403125
2025-12-29 13:13:48,25966.25,25950,2025-12-30,CE,64.55,8.16,0.6170,0.003300,-20.2505,5.4309,0.4725,9402825,8161350,103573500
2025-12-29 13:13:48,25966.25,25950,2025-12-30,PE,36.55,9.02,-0.3936,0.003000,-22.5471,5.4738,-0.3609,12241650,6560550,282544725
2025-12-29 13:13:54,25964.7,25950,2025-12-30,CE,64.4,8.91,0.5841,0.003100,-22.5853,5.5485,0.4636,9402825,8161350,103714200
2025-12-29 13:13:54,25964.7,25950,2025-12-30,PE,36.7,8.53,-0.4123,0.003200,-21.5750,5.5374,-0.3619,12241650,6560550,282693900
2025-12-29 13:13:59,25962.9,25950,2025-12-30,CE,64.15,8.48,0.5959,0.003200,-21.3570,5.5107,0.4615,9402825,8161350,103831500
2025-12-29 13:13:59,25962.9,25950,2025-12-30,PE,36.75,8.83,-0.4078,0.003100,-22.2906,5.5231,-0.3682,12241650,6560550,282830025
2025-12-29 13:14:04,25962.85,25950,2025-12-30,CE,63.9,8.30,0.6051,0.003300,-20.7716,5.4776,0.4624,9402825,8161350,103937400
2025-12-29 13:14:04,25962.85,25950,2025-12-30,PE,36.95,8.97,-0.4024,0.003000,-22.5650,5.5052,-0.3690,12241650,6560550,283067025
2025-12-29 13:14:10,25962.8,25950,2025-12-30,CE,63.15,8.27,0.6048,0.003300,-20.6997,5.4785,0.4624,9402825,8161350,104118525
2025-12-29 13:14:10,25962.8,25950,2025-12-30,PE,37.55,8.99,-0.4032,0.003000,-22.6148,5.5077,-0.3692,12241650,6560550,283250550
2025-12-29 13:14:15,25962.6,25950,2025-12-30,CE,63.05,8.41,0.5967,0.003200,-21.1554,5.5073,0.4610,9402825,8161350,104298825
2025-12-29 13:14:15,25962.6,25950,2025-12-30,PE,37.55,8.91,-0.4085,0.003100,-22.4950,5.5252,-0.3693,12241650,6560550,283471500
2025-12-29 13:14:21,25963.0,25950,2025-12-30,CE,63.7,8.22,0.6038,0.003300,-20.6016,5.4820,0.4632,9284025,8042550,104421825
2025-12-29 13:14:21,25963.0,25950,2025-12-30,PE,37.25,9.00,-0.4049,0.003000,-22.6781,5.5129,-0.3687,12178950,6497850,283780425
2025-12-29 13:14:26,25963.3,25950,2025-12-30,CE,63.35,8.19,0.6061,0.003300,-20.4928,5.4731,0.4641,9284025,8042550,104474550
2025-12-29 13:14:26,25963.3,25950,2025-12-30,PE,37.45,9.05,-0.4035,0.003000,-22.7754,5.5083,-0.3682,12178950,6497850,283918950
2025-12-29 13:14:32,25960.35,25950,2025-12-30,CE,62.8,8.22,0.6021,0.003300,-20.6252,5.4877,0.4559,9284025,8042550,104559225
2025-12-29 13:14:32,25960.35,25950,2025-12-30,PE,37.8,9.03,-0.4067,0.003000,-22.7812,5.5187,-0.3754,12178950,6497850,284034300
2025-12-29 13:14:37,25959.7,25950,2025-12-30,CE,62.55,8.24,0.6016,0.003300,-20.6710,5.4894,0.4540,9284025,8042550,104658375
2025-12-29 13:14:37,25959.7,25950,2025-12-30,PE,37.8,9.02,-0.4068,0.003000,-22.7453,5.5190,-0.3770,12178950,6497850,284266650
2025-12-29 13:14:43,25955.35,25950,2025-12-30,CE,59.0,8.18,0.6017,0.003300,-20.5173,5.4890,0.4424,9284025,8042550,105302850
2025-12-29 13:14:43,25955.35,25950,2025-12-30,PE,39.65,9.05,-0.4077,0.003000,-22.8351,5.5218,-0.3878,12178950,6497850,284942250
2025-12-29 13:14:48,25954.1,25950,2025-12-30,CE,58.7,8.12,0.5974,0.003400,-20.4205,5.5039,0.4392,9284025,8042550,105591975
2025-12-29 13:14:48,25954.1,25950,2025-12-30,PE,39.9,9.03,-0.4121,0.003000,-22.8545,5.5356,-0.3909,12178950,6497850,285469050
2025-12-29 13:14:53,25953.5,25950,2025-12-30,CE,58.1,8.59,0.5660,0.003200,-21.9659,5.5941,0.4361,9284025,8042550,106017225
2025-12-29 13:14:53,25953.5,25950,2025-12-30,PE,41.45,8.61,-0.4341,0.003200,-22.0059,5.5944,-0.3912,12178950,6497850,286781400
2025-12-29 13:14:59,25952.95,25950,2025-12-30,CE,57.6,8.18,0.5756,0.003400,-20.8234,5.5700,0.4358,9284025,8042550,106231275
2025-12-29 13:14:59,25952.95,25950,2025-12-30,PE,41.9,9.12,-0.4320,0.003000,-23.3133,5.5894,-0.3939,12178950,6497850,287265225
2025-12-29 13:15:04,25954.4,25950,2025-12-30,CE,58.9,8.22,0.5698,0.003400,-20.9958,5.5845,0.4396,9284025,8042550,106465275
2025-12-29 13:15:04,25954.4,25950,2025-12-30,PE,40.7,9.06,-0.4364,0.003100,-23.1999,5.5994,-0.3901,12178950,6497850,287776350
2025-12-29 13:15:09,25955.4,25950,2025-12-30,CE,58.95,8.54,0.5647,0.003200,-21.8618,5.5965,0.4412,9284025,8042550,106651125
2025-12-29 13:15:09,25955.4,25950,2025-12-30,PE,40.5,8.76,-0.4368,0.003200,-22.4223,5.6000,-0.3867,12178950,6497850,288241500
2025-12-29 13:15:15,25955.15,25950,2025-12-30,CE,59.95,8.47,0.5669,0.003300,-21.6476,5.5913,0.4407,9284025,8042550,106816275
2025-12-29 13:15:15,25955.15,25950,2025-12-30,PE,39.85,8.83,-0.4358,0.003100,-22.6090,5.5976,-0.3875,12178950,6497850,288595050
2025-12-29 13:15:20,25954.55,25950,2025-12-30,CE,59.25,8.91,0.5565,0.003100,-22.8705,5.6135,0.4378,9284025,8042550,106922175
2025-12-29 13:15:20,25954.55,25950,2025-12-30,PE,40.45,8.50,-0.4408,0.003300,-21.7920,5.6081,-0.3880,12178950,6497850,288857550
2025-12-29 13:15:26,25952.65,25950,2025-12-30,CE,59.1,8.45,0.5706,0.003300,-21.5752,5.5821,0.4341,9284025,8042550,107030700
2025-12-29 13:15:26,25952.65,25950,2025-12-30,PE,40.5,8.90,-0.4328,0.003100,-22.7387,5.5904,-0.3940,12178950,6497850,289083300
2025-12-29 13:15:31,25952.2,25950,2025-12-30,CE,59.15,8.77,0.5552,0.003200,-22.5301,5.6157,0.4321,9284025,8042550,107287725
2025-12-29 13:15:31,25952.2,25950,2025-12-30,PE,40.6,8.64,-0.4440,0.003200,-22.1709,5.6140,-0.3945,12178950,6497850,289577175
2025-12-29 13:15:36,25954.3,25950,2025-12-30,CE,59.9,8.38,0.5713,0.003300,-21.3761,5.5801,0.4386,9284025,8042550,107469075
2025-12-29 13:15:36,25954.3,25950,2025-12-30,PE,40.35,8.97,-0.4333,0.003100,-22.9408,5.5913,-0.3900,12178950,6497850,289946850
2025-12-29 13:15:42,25953.75,25950,2025-12-30,CE,59.5,8.99,0.5536,0.003100,-23.0923,5.6184,0.4354,9284025,8042550,107900700
2025-12-29 13:15:42,25953.75,25950,2025-12-30,PE,40.35,8.54,-0.4437,0.003300,-21.9350,5.6132,-0.3902,12178950,6497850,290320800
2025-12-29 13:15:47,25955.25,25950,2025-12-30,CE,59.8,8.97,0.5543,0.003100,-23.0483,5.6169,0.4392,9284025,8042550,108052050
2025-12-29 13:15:47,25955.25,25950,2025-12-30,PE,40.35,8.50,-0.4428,0.003300,-21.8107,5.6111,-0.3861,12178950,6497850,290556600
2025-12-29 13:15:52,25955.8,25950,2025-12-30,CE,60.6,8.61,0.5659,0.003200,-22.0128,5.5925,0.4418,9284025,8042550,108229350
2025-12-29 13:15:52,25955.8,25950,2025-12-30,PE,39.8,8.80,-0.4355,0.003100,-22.5336,5.5959,-0.3856,12178950,6497850,290776650
2025-12-29 13:15:58,25952.15,25950,2025-12-30,CE,59.6,8.50,0.5748,0.003200,-21.6548,5.5704,0.4325,9284025,8042550,108505725
2025-12-29 13:15:58,25952.15,25950,2025-12-30,PE,40.75,8.85,-0.4280,0.003100,-22.5794,5.5779,-0.3951,12178950,6497850,291011100
2025-12-29 13:16:03,25951.6,25950,2025-12-30,CE,59.35,8.45,0.5749,0.003300,-21.5379,5.5701,0.4311,9284025,8042550,108659925
2025-12-29 13:16:03,25951.6,25950,2025-12-30,PE,40.95,8.96,-0.4292,0.003100,-22.8643,5.5807,-0.3967,12178950,6497850,291312000
2025-12-29 13:16:09,25953.0,25950,2025-12-30,CE,59.0,8.38,0.5755,0.003300,-21.3373,5.5682,0.4350,9284025,8042550,108875625
2025-12-29 13:16:09,25953.0,25950,2025-12-30,PE,41.25,9.06,-0.4300,0.003000,-23.1460,5.5825,-0.3934,12178950,6497850,291559125
2025-12-29 13:16:14,25951.4,25950,2025-12-30,CE,59.1,8.56,0.5662,0.003200,-21.8948,5.5911,0.4303,9284025,8042550,108983400
2025-12-29 13:16:14,25951.4,25950,2025-12-30,PE,41.05,8.91,-0.4363,0.003100,-22.8163,5.5970,-0.3970,12178950,6497850,291769950
2025-12-29 13:16:19,25949.15,25950,2025-12-30,CE,58.3,8.59,0.5660,0.003200,-21.9755,5.5915,0.4243,9284025,8042550,109062000
2025-12-29 13:16:19,25949.15,25950,2025-12-30,PE,41.85,8.88,-0.4361,0.003100,-22.7368,5.5963,-0.4026,12178950,6497850,291979800
2025-12-29 13:16:25,25949.85,25950,2025-12-30,CE,58.4,8.83,0.5526,0.003200,-22.7122,5.6189,0.4257,9284025,8042550,109306800
2025-12-29 13:16:25,25949.85,25950,2025-12-30,PE,41.5,8.65,-0.4463,0.003200,-22.2334,5.6169,-0.4005,12178950,6497850,292522050
2025-12-29 13:16:30,25949.65,25950,2025-12-30,CE,58.0,8.79,0.5519,0.003200,-22.6000,5.6200,0.4253,9284025,8042550,109534200
2025-12-29 13:16:30,25949.65,25950,2025-12-30,PE,41.65,8.70,-0.4475,0.003200,-22.3607,5.6190,-0.4010,12178950,6497850,292805550
2025-12-29 13:16:36,25948.6,25950,2025-12-30,CE,57.9,8.42,0.5650,0.003300,-21.5565,5.5933,0.4230,9284025,8042550,109652700
2025-12-29 13:16:36,25948.6,25950,2025-12-30,PE,41.7,8.97,-0.4388,0.003100,-22.9979,5.6020,-0.4041,12178950,6497850,293074650
2025-12-29 13:16:41,25949.25,25950,2025-12-30,CE,57.4,8.36,0.5671,0.003300,-21.3828,5.5881,0.4249,9284025,8042550,109917150
2025-12-29 13:16:41,25949.25,25950,2025-12-30,PE,41.95,8.97,-0.4373,0.003100,-22.9855,5.5983,-0.4024,12178950,6497850,293554800
2025-12-29 13:16:47,25946.95,25950,2025-12-30,CE,57.5,8.53,0.5557,0.003300,-21.9073,5.6123,0.4185,9284025,8042550,110043225
2025-12-29 13:16:47,25946.95,25950,2025-12-30,PE,41.95,8.82,-0.4460,0.003200,-22.6659,5.6157,-0.4081,12178950,6497850,293782200
2025-12-29 13:16:52,25946.95,25950,2025-12-30,CE,55.9,8.76,0.5489,0.003200,-22.5453,5.6245,0.4183,9284025,8042550,110372700
2025-12-29 13:16:52,25946.95,25950,2025-12-30,PE,43.0,8.64,-0.4504,0.003200,-22.2265,5.6233,-0.4079,12178950,6497850,294254625
2025-12-29 13:16:57,25945.0,25950,2025-12-30,CE,54.55,8.41,0.5575,0.003300,-21.5814,5.6084,0.4133,9284025,8042550,110752125
2025-12-29 13:16:57,25945.0,25950,2025-12-30,PE,44.9,8.88,-0.4454,0.003100,-22.8196,5.6143,-0.4130,12178950,6497850,295039800
2025-12-29 13:17:03,25942.75,25950,2025-12-30,CE,54.6,8.21,0.5578,0.003400,-21.0700,5.6076,0.4072,9284025,8042550,111246525
2025-12-29 13:17:03,25942.75,25950,2025-12-30,PE,44.35,9.12,-0.4477,0.003100,-23.4657,5.6185,-0.4186,12178950,6497850,295664775
2025-12-29 13:17:08,25942.5,25950,2025-12-30,CE,54.4,8.54,0.5436,0.003300,-22.0300,5.6324,0.4067,9284025,8042550,111462000
2025-12-29 13:17:08,25942.5,25950,2025-12-30,PE,44.3,8.93,-0.4582,0.003100,-23.0246,5.6351,-0.4193,12178950,6497850,296149275
2025-12-29 13:17:14,25942.4,25950,2025-12-30,CE,55.8,8.42,0.5442,0.003300,-21.7122,5.6313,0.4063,9284025,8042550,111823575
2025-12-29 13:17:14,25942.4,25950,2025-12-30,PE,42.85,8.94,-0.4583,0.003100,-23.0649,5.6351,-0.4195,12178950,6497850,296650425
2025-12-29 13:17:19,25941.35,25950,2025-12-30,CE,55.25,8.68,0.5429,0.003200,-22.3893,5.6331,0.4037,9284025,8042550,112131375
2025-12-29 13:17:19,25941.35,25950,2025-12-30,PE,43.8,8.65,-0.4569,0.003200,-22.3097,5.6329,-0.4224,12178950,6497850,297009675
2025-12-29 13:17:25,25940.5,25950,2025-12-30,CE,54.95,8.22,0.5561,0.003400,-21.1247,5.6105,0.4009,10556775,9315300,112547475
2025-12-29 13:17:25,25940.5,25950,2025-12-30,PE,43.65,9.08,-0.4490,0.003100,-23.3598,5.6202,-0.4241,11901975,6220875,297288825
2025-12-29 13:17:30,25940.1,25950,2025-12-30,CE,54.8,8.50,0.5438,0.003300,-21.9130,5.6315,0.4002,10556775,9315300,112876050
2025-12-29 13:17:30,25940.1,25950,2025-12-30,PE,43.9,8.76,-0.4574,0.003200,-22.5894,5.6334,-0.4254,11901975,6220875,297536625
2025-12-29 13:17:35,25941.55,25950,2025-12-30,CE,54.85,8.18,0.5557,0.003400,-21.0109,5.6109,0.4037,10556775,9315300,113142525
2025-12-29 13:17:35,25941.55,25950,2025-12-30,PE,43.8,9.08,-0.4496,0.003100,-23.3654,5.6209,-0.4214,11901975,6220875,297774600
2025-12-29 13:17:41,25942.3,25950,2025-12-30,CE,55.1,8.74,0.5334,0.003200,-22.5986,5.6449,0.4061,10556775,9315300,113374350
2025-12-29 13:17:41,25942.3,25950,2025-12-30,PE,43.5,8.61,-0.4661,0.003300,-22.2413,5.6443,-0.4198,11901975,6220875,298002750
2025-12-29 13:17:46,25940.65,25950,2025-12-30,CE,54.95,8.15,0.5583,0.003400,-20.9150,5.6053,0.4012,10556775,9315300,113685675
2025-12-29 13:17:46,25940.65,25950,2025-12-30,PE,43.8,9.09,-0.4476,0.003100,-23.3914,5.6169,-0.4236,11901975,6220875,298403475
2025-12-29 13:17:52,25942.15,25950,2025-12-30,CE,55.45,8.26,0.5542,0.003400,-21.2200,5.6132,0.4054,10556775,9315300,113782575
2025-12-29 13:17:52,25942.15,25950,2025-12-30,PE,43.5,9.03,-0.4503,0.003100,-23.2548,5.6215,-0.4199,11901975,6220875,298611150
2025-12-29 13:17:57,25942.65,25950,2025-12-30,CE,55.7,8.85,0.5330,0.003200,-22.8789,5.6447,0.4070,10556775,9315300,113915025
2025-12-29 13:17:57,25942.65,25950,2025-12-30,PE,43.3,8.54,-0.4659,0.003300,-22.0848,5.6434,-0.4189,11901975,6220875,298803975
2025-12-29 13:18:02,25943.2,25950,2025-12-30,CE,55.05,8.41,0.5509,0.003300,-21.6364,5.6189,0.4082,10556775,9315300,114036375
2025-12-29 13:18:02,25943.2,25950,2025-12-30,PE,43.8,8.93,-0.4519,0.003100,-22.9919,5.6239,-0.4173,11901975,6220875,299011500
2025-12-29 13:18:08,25942.8,25950,2025-12-30,CE,55.0,8.42,0.5475,0.003300,-21.6984,5.6245,0.4071,10556775,9315300,114141900
2025-12-29 13:18:08,25942.8,25950,2025-12-30,PE,43.8,8.94,-0.4551,0.003100,-23.0527,5.6288,-0.4183,11901975,6220875,299186325
2025-12-29 13:18:13,25944.4,25950,2025-12-30,CE,55.1,8.27,0.5544,0.003400,-21.2598,5.6121,0.4114,10556775,9315300,114269625
2025-12-29 13:18:13,25944.4,25950,2025-12-30,PE,43.5,9.02,-0.4499,0.003100,-23.2152,5.6202,-0.4142,11901975,6220875,299354925
2025-12-29 13:18:19,25945.65,25950,2025-12-30,CE,55.3,8.26,0.5545,0.003400,-21.2204,5.6118,0.4148,10556775,9315300,114346800
2025-12-29 13:18:19,25945.65,25950,2025-12-30,PE,43.25,9.00,-0.4498,0.003100,-23.1759,5.6199,-0.4111,11901975,6220875,299514975
2025-12-29 13:18:24,25944.25,25950,2025-12-30,CE,54.95,8.47,0.5473,0.003300,-21.8197,5.6244,0.4110,10556775,9315300,114435150
2025-12-29 13:18:24,25944.25,25950,2025-12-30,PE,43.7,8.82,-0.4545,0.003200,-22.7359,5.6274,-0.4146,11901975,6220875,299635650
2025-12-29 13:18:30,25943.25,25950,2025-12-30,CE,55.05,8.19,0.5559,0.003400,-21.0544,5.6088,0.4082,10556775,9315300,114525225
2025-12-29 13:18:30,25943.25,25950,2025-12-30,PE,43.8,9.11,-0.4495,0.003100,-23.4497,5.6190,-0.4170,11901975,6220875,299727300
2025-12-29 13:18:35,25942.2,25950,2025-12-30,CE,54.7,8.22,0.5551,0.003400,-21.1398,5.6103,0.4053,10556775,9315300,114618600
2025-12-29 13:18:35,25942.2,25950,2025-12-30,PE,44.05,9.08,-0.4499,0.003100,-23.3750,5.6197,-0.4196,11901975,6220875,300000750
2025-12-29 13:18:40,25942.6,25950,2025-12-30,CE,54.8,8.33,0.5484,0.003300,-21.4605,5.6222,0.4064,10556775,9315300,114682500
2025-12-29 13:18:40,25942.6,25950,2025-12-30,PE,44.05,9.00,-0.4551,0.003100,-23.2136,5.6279,-0.4186,11901975,6220875,300171600
2025-12-29 13:18:46,25939.8,25950,2025-12-30,CE,54.95,8.24,0.5533,0.003400,-21.1927,5.6134,0.3987,10556775,9315300,114753225
2025-12-29 13:18:46,25939.8,25950,2025-12-30,PE,43.9,9.11,-0.4516,0.003100,-23.4667,5.6222,-0.4255,11901975,6220875,300316425
2025-12-29 13:18:51,25939.55,25950,2025-12-30,CE,53.75,8.18,0.5506,0.003400,-21.0547,5.6179,0.3979,10556775,9315300,115126950
2025-12-29 13:18:51,25939.55,25950,2025-12-30,PE,45.0,9.12,-0.4544,0.003100,-23.5262,5.6265,-0.4260,11901975,6220875,301146825
2025-12-29 13:18:57,25941.6,25950,2025-12-30,CE,54.65,8.15,0.5515,0.003400,-20.9710,5.6162,0.4035,10556775,9315300,115245225
2025-12-29 13:18:57,25941.6,25950,2025-12-30,PE,44.3,9.16,-0.4540,0.003000,-23.6025,5.6256,-0.4209,11901975,6220875,301489125
2025-12-29 13:19:02,25942.25,25950,2025-12-30,CE,55.4,8.21,0.5497,0.003400,-21.1400,5.6191,0.4053,10556775,9315300,115386600
2025-12-29 13:19:02,25942.25,25950,2025-12-30,PE,43.6,9.12,-0.4550,0.003100,-23.5314,5.6271,-0.4193,11901975,6220875,301791375
2025-12-29 13:19:08,25943.0,25950,2025-12-30,CE,55.15,8.48,0.5482,0.003300,-21.8584,5.6216,0.4075,10556775,9315300,115479600
2025-12-29 13:19:08,25943.0,25950,2025-12-30,PE,44.05,8.91,-0.4540,0.003100,-22.9744,5.6253,-0.4175,11901975,6220875,301945875
2025-12-29 13:19:13,25942.95,25950,2025-12-30,CE,55.55,8.42,0.5492,0.003300,-21.6952,5.6198,0.4073,10556775,9315300,115583550
2025-12-29 13:19:13,25942.95,25950,2025-12-30,PE,43.6,8.97,-0.4537,0.003100,-23.1303,5.6247,-0.4176,11901975,6220875,302175375
2025-12-29 13:19:19,25944.4,25950,2025-12-30,CE,55.35,8.39,0.5524,0.003300,-21.5959,5.6141,0.4111,10556775,9315300,115660200
2025-12-29 13:19:19,25944.4,25950,2025-12-30,PE,43.85,9.00,-0.4511,0.003100,-23.1919,5.6202,-0.4140,11901975,6220875,302351025
2025-12-29 13:19:24,25945.35,25950,2025-12-30,CE,55.5,8.91,0.5312,0.003100,-23.0549,5.6441,0.4135,10556775,9315300,115738650
2025-12-29 13:19:24,25945.35,25950,2025-12-30,PE,43.65,8.58,-0.4676,0.003300,-22.1813,5.6428,-0.4114,11901975,6220875,302443125
2025-12-29 13:19:30,25947.0,25950,2025-12-30,CE,55.3,8.27,0.5565,0.003400,-21.2534,5.6060,0.4182,10556775,9315300,115795950
2025-12-29 13:19:30,25947.0,25950,2025-12-30,PE,43.85,9.11,-0.4485,0.003100,-23.4503,5.6156,-0.4075,11901975,6220875,302555925
2025-12-29 13:19:35,25947.65,25950,2025-12-30,CE,56.1,8.33,0.5541,0.003300,-21.4284,5.6105,0.4198,10556775,9315300,115978125
2025-12-29 13:19:35,25947.65,25950,2025-12-30,PE,43.05,9.03,-0.4500,0.003100,-23.2648,5.6179,-0.4058,11901975,6220875,302824050
2025-12-29 13:19:41,25947.65,25950,2025-12-30,CE,56.15,8.90,0.5354,0.003100,-22.9983,5.6390,0.4192,10556775,9315300,116131275
2025-12-29 13:19:41,25947.65,25950,2025-12-30,PE,43.15,8.56,-0.4633,0.003300,-22.1239,5.6374,-0.4053,11901975,6220875,303001575
2025-12-29 13:19:46,25947.35,25950,2025-12-30,CE,56.2,8.27,0.5598,0.003400,-21.2294,5.5988,0.4190,10556775,9315300,116226525
2025-12-29 13:19:46,25947.35,25950,2025-12-30,PE,42.5,9.08,-0.4453,0.003100,-23.3490,5.6093,-0.4065,11901975,6220875,303240150
2025-12-29 13:19:52,25948.7,25950,2025-12-30,CE,56.3,8.91,0.5356,0.003100,-23.0383,5.6383,0.4218,10556775,9315300,116402700
2025-12-29 13:19:52,25948.7,25950,2025-12-30,PE,42.45,8.47,-0.4626,0.003300,-21.8854,5.6360,-0.4024,11901975,6220875,303643725
2025-12-29 13:19:57,25948.65,25950,2025-12-30,CE,55.85,8.32,0.5609,0.003300,-21.3405,5.5962,0.4225,10556775,9315300,116485050
2025-12-29 13:19:57,25948.65,25950,2025-12-30,PE,43.1,8.99,-0.4435,0.003100,-23.1012,5.6054,-0.4032,11901975,6220875,303742350
2025-12-29 13:20:02,25946.8,25950,2025-12-30,CE,55.6,8.38,0.5558,0.003300,-21.5371,5.6063,0.4174,10556775,9315300,116574450
2025-12-29 13:20:02,25946.8,25950,2025-12-30,PE,43.4,8.91,-0.4474,0.003100,-22.9356,5.6125,-0.4077,11901975,6220875,303850575
2025-12-29 13:20:08,25948.4,25950,2025-12-30,CE,55.8,8.27,0.5582,0.003400,-21.2452,5.6015,0.4218,10556775,9315300,116646300
2025-12-29 13:20:08,25948.4,25950,2025-12-30,PE,43.15,9.06,-0.4467,0.003100,-23.3240,5.6112,-0.4038,11901975,6220875,304003950
2025-12-29 13:20:13,25947.45,25950,2025-12-30,CE,55.55,8.21,0.5616,0.003400,-21.0618,5.5941,0.4193,10556775,9315300,116694825
2025-12-29 13:20:13,25947.45,25950,2025-12-30,PE,43.4,9.08,-0.4441,0.003100,-23.3430,5.6060,-0.4062,11901975,6220875,304113300
2025-12-29 13:20:19,25946.15,25950,2025-12-30,CE,55.6,8.85,0.5349,0.003200,-22.8870,5.6384,0.4153,10556775,9315300,116742750
2025-12-29 13:20:19,25946.15,25950,2025-12-30,PE,43.55,8.56,-0.4640,0.003300,-22.1317,5.6370,-0.4091,11901975,6220875,304207875
2025-12-29 13:20:24,25945.8,25950,2025-12-30,CE,55.25,8.24,0.5590,0.003400,-21.1617,5.5992,0.4147,11739450,10497975,116807025
2025-12-29 13:20:24,25945.8,25950,2025-12-30,PE,43.7,9.11,-0.4464,0.003100,-23.4410,5.6101,-0.4102,11702775,6021675,304365975
2025-12-29 13:20:29,25947.0,25950,2025-12-30,CE,55.85,8.24,0.5570,0.003400,-21.1776,5.6031,0.4179,11739450,10497975,116850225
2025-12-29 13:20:29,25947.0,25950,2025-12-30,PE,43.2,9.11,-0.4482,0.003100,-23.4554,5.6133,-0.4073,11702775,6021675,304484400
2025-12-29 13:20:35,25947.1,25950,2025-12-30,CE,55.6,8.27,0.5555,0.003400,-21.2680,5.6060,0.4181,11739450,10497975,116906175
2025-12-29 13:20:35,25947.1,25950,2025-12-30,PE,43.5,9.06,-0.4492,0.003100,-23.3453,5.6148,-0.4070,11702775,6021675,304640100
2025-12-29 13:20:40,25947.7,25950,2025-12-30,CE,55.7,8.36,0.5539,0.003300,-21.5156,5.6089,0.4197,11739450,10497975,116935500
2025-12-29 13:20:40,25947.7,25950,2025-12-30,PE,43.25,9.00,-0.4498,0.003100,-23.1929,5.6157,-0.4054,11702775,6021675,304708350
2025-12-29 13:20:46,25947.45,25950,2025-12-30,CE,55.8,8.24,0.5577,0.003400,-21.1742,5.6013,0.4191,11739450,10497975,116973900
2025-12-29 13:20:46,25947.45,25950,2025-12-30,PE,43.25,9.06,-0.4473,0.003100,-23.3329,5.6112,-0.4060,11702775,6021675,304777950
2025-12-29 13:20:51,25948.85,25950,2025-12-30,CE,55.75,8.24,0.5580,0.003400,-21.1721,5.6005,0.4229,11739450,10497975,117026925
2025-12-29 13:20:51,25948.85,25950,2025-12-30,PE,43.2,9.08,-0.4471,0.003100,-23.3711,5.6107,-0.4026,11702775,6021675,304849500
2025-12-29 13:20:56,25948.6,25950,2025-12-30,CE,55.75,8.27,0.5582,0.003400,-21.2507,5.5999,0.4221,11739450,10497975,117133125
2025-12-29 13:20:56,25948.6,25950,2025-12-30,PE,43.4,9.06,-0.4467,0.003100,-23.3300,5.6097,-0.4032,11702775,6021675,304999425
2025-12-29 13:21:02,25946.95,25950,2025-12-30,CE,55.6,8.29,0.5571,0.003400,-21.2989,5.6020,0.4176,11739450,10497975,117204225
2025-12-29 13:21:02,25946.95,25950,2025-12-30,PE,43.3,9.09,-0.4478,0.003100,-23.4175,5.6115,-0.4072,11702775,6021675,305056275
2025-12-29 13:21:07,25948.05,25950,2025-12-30,CE,55.65,8.33,0.5548,0.003300,-21.4343,5.6063,0.4205,11739450,10497975,117272775
2025-12-29 13:21:07,25948.05,25950,2025-12-30,PE,43.15,9.00,-0.4492,0.003100,-23.1921,5.6137,-0.4044,11702775,6021675,305129025
2025-12-29 13:21:13,25948.75,25950,2025-12-30,CE,55.7,8.24,0.5594,0.003400,-21.1645,5.5970,0.4225,11739450,10497975,117305700
2025-12-29 13:21:13,25948.75,25950,2025-12-30,PE,43.25,9.09,-0.4460,0.003100,-23.4048,5.6078,-0.4028,11702775,6021675,305222100
2025-12-29 13:21:18,25949.6,25950,2025-12-30,CE,55.6,8.48,0.5502,0.003300,-21.8603,5.6143,0.4244,11739450,10497975,117341400
2025-12-29 13:21:18,25949.6,25950,2025-12-30,PE,43.25,8.85,-0.4518,0.003200,-22.8181,5.6178,-0.4003,11702775,6021675,305272275
2025-12-29 13:21:24,25947.1,25950,2025-12-30,CE,55.95,8.39,0.5524,0.003300,-21.6099,5.6103,0.4178,11739450,10497975,117402300
2025-12-29 13:21:24,25947.1,25950,2025-12-30,PE,43.05,8.93,-0.4506,0.003100,-23.0075,5.6157,-0.4067,11702775,6021675,305345325
2025-12-29 13:21:29,25946.6,25950,2025-12-30,CE,55.2,8.26,0.5583,0.003400,-21.2140,5.5988,0.4166,11739450,10497975,117472800
2025-12-29 13:21:29,25946.6,25950,2025-12-30,PE,43.45,9.06,-0.4467,0.003100,-23.3337,5.6088,-0.4080,11702775,6021675,305451600
2025-12-29 13:21:34,25947.75,25950,2025-12-30,CE,55.75,8.22,0.5578,0.003400,-21.1396,5.5996,0.4197,11739450,10497975,117510150
2025-12-29 13:21:34,25947.75,25950,2025-12-30,PE,43.05,9.11,-0.4476,0.003100,-23.4588,5.6102,-0.4052,11702775,6021675,305547900
2025-12-29 13:21:40,25947.05,25950,2025-12-30,CE,55.45,8.24,0.5587,0.003400,-21.1725,5.5976,0.4178,11739450,10497975,117543000
2025-12-29 13:21:40,25947.05,25950,2025-12-30,PE,43.3,9.08,-0.4465,0.003100,-23.3725,5.6081,-0.4068,11702775,6021675,305623500
2025-12-29 13:21:45,25946.8,25950,2025-12-30,CE,55.35,8.36,0.5529,0.003300,-21.5300,5.6087,0.4170,11739450,10497975,117605475
2025-12-29 13:21:45,25946.8,25950,2025-12-30,PE,43.45,8.94,-0.4504,0.003100,-23.0476,5.6147,-0.4073,11702775,6021675,305689725
2025-12-29 13:21:51,25946.6,25950,2025-12-30,CE,55.8,8.21,0.5569,0.003400,-21.1089,5.6009,0.4165,11739450,10497975,117651075
2025-12-29 13:21:51,25946.6,25950,2025-12-30,PE,43.05,9.06,-0.4483,0.003100,-23.3477,5.6109,-0.4079,11702775,6021675,305739150
2025-12-29 13:21:56,25946.45,25950,2025-12-30,CE,55.4,8.26,0.5573,0.003400,-21.2244,5.6001,0.4160,11739450,10497975,117681075
2025-12-29 13:21:56,25946.45,25950,2025-12-30,PE,43.3,9.03,-0.4475,0.003100,-23.2638,5.6094,-0.4082,11702775,6021675,305810925
2025-12-29 13:22:01,25945.95,25950,2025-12-30,CE,55.1,8.27,0.5572,0.003400,-21.2650,5.6001,0.4146,11739450,10497975,117720150
2025-12-29 13:22:01,25945.95,25950,2025-12-30,PE,43.35,9.05,-0.4475,0.003100,-23.3044,5.6094,-0.4095,11702775,6021675,305871675
2025-12-29 13:22:07,25946.5,25950,2025-12-30,CE,55.4,8.22,0.5585,0.003400,-21.1384,5.5972,0.4162,11739450,10497975,117870000
2025-12-29 13:22:07,25946.5,25950,2025-12-30,PE,43.35,9.09,-0.4469,0.003100,-23.4186,5.6079,-0.4081,11702775,6021675,306065475
2025-12-29 13:22:12,25945.0,25950,2025-12-30,CE,55.4,8.15,0.5573,0.003400,-20.9515,5.5993,0.4120,11739450,10497975,117905175
2025-12-29 13:22:12,25945.0,25950,2025-12-30,PE,43.3,9.09,-0.4484,0.003100,-23.4306,5.6105,-0.4118,11702775,6021675,306127950
2025-12-29 13:22:18,25945.3,25950,2025-12-30,CE,55.05,8.30,0.5550,0.003400,-21.3621,5.6038,0.4128,11739450,10497975,117970800
2025-12-29 13:22:18,25945.3,25950,2025-12-30,PE,43.35,8.97,-0.4490,0.003100,-23.1207,5.6113,-0.4110,11702775,6021675,306193350
2025-12-29 13:22:23,25945.55,25950,2025-12-30,CE,55.15,8.24,0.5554,0.003400,-21.2027,5.6029,0.4135,11739450,10497975,118014525
2025-12-29 13:22:23,25945.55,25950,2025-12-30,PE,43.45,9.02,-0.4492,0.003100,-23.2411,5.6116,-0.4104,11702775,6021675,306261150
2025-12-29 13:22:28,25943.5,25950,2025-12-30,CE,54.3,8.24,0.5554,0.003400,-21.2032,5.6028,0.4079,11739450,10497975,118110375
2025-12-29 13:22:28,25943.5,25950,2025-12-30,PE,44.05,9.03,-0.4493,0.003100,-23.2817,5.6116,-0.4154,11702775,6021675,306448050
2025-12-29 13:22:34,25942.05,25950,2025-12-30,CE,54.45,8.18,0.5558,0.003400,-21.0438,5.6018,0.4038,11739450,10497975,118234050
2025-12-29 13:22:34,25942.05,25950,2025-12-30,PE,44.2,9.11,-0.4497,0.003100,-23.4820,5.6122,-0.4190,11702775,6021675,306623925
2025-12-29 13:22:39,25943.1,25950,2025-12-30,CE,54.8,8.67,0.5334,0.003200,-22.4370,5.6359,0.4069,11739450,10497975,118300050
2025-12-29 13:22:39,25943.1,25950,2025-12-30,PE,43.95,8.67,-0.4666,0.003200,-22.4370,5.6359,-0.4165,11702775,6021675,306756900
2025-12-29 13:22:45,25943.55,25950,2025-12-30,CE,54.4,8.24,0.5530,0.003400,-21.2216,5.6067,0.4079,11739450,10497975,118357275
2025-12-29 13:22:45,25943.55,25950,2025-12-30,PE,44.25,9.09,-0.4518,0.003100,-23.4584,5.6153,-0.4152,11702775,6021675,306842625
2025-12-29 13:22:50,25945.7,25950,2025-12-30,CE,54.9,8.29,0.5497,0.003400,-21.3624,5.6124,0.4138,11739450,10497975,118399500
2025-12-29 13:22:50,25945.7,25950,2025-12-30,PE,43.9,9.02,-0.4542,0.003100,-23.2781,5.6190,-0.4099,11702775,6021675,306950250
2025-12-29 13:22:56,25946.9,25950,2025-12-30,CE,55.15,8.36,0.5489,0.003300,-21.5648,5.6136,0.4169,11739450,10497975,118458000
2025-12-29 13:22:56,25946.9,25950,2025-12-30,PE,43.65,8.96,-0.4542,0.003100,-23.1211,5.6189,-0.4068,11702775,6021675,307077300
2025-12-29 13:23:01,25946.0,25950,2025-12-30,CE,55.1,8.24,0.5554,0.003400,-21.2065,5.6018,0.4145,11739450,10497975,118488075
2025-12-29 13:23:01,25946.0,25950,2025-12-30,PE,43.6,9.06,-0.4495,0.003100,-23.3652,5.6110,-0.4091,11702775,6021675,307199775
2025-12-29 13:23:06,25945.45,25950,2025-12-30,CE,55.0,8.67,0.5399,0.003200,-22.4081,5.6272,0.4129,11739450,10497975,118531050
2025-12-29 13:23:06,25945.45,25950,2025-12-30,PE,43.8,8.71,-0.4603,0.003200,-22.5276,5.6274,-0.4103,11702775,6021675,307320075
2025-12-29 13:23:12,25944.85,25950,2025-12-30,CE,55.1,8.42,0.5473,0.003300,-21.7352,5.6158,0.4113,11739450,10497975,118578525
2025-12-29 13:23:12,25944.85,25950,2025-12-30,PE,43.5,8.91,-0.4552,0.003100,-23.0118,5.6198,-0.4119,11702775,6021675,307419450
2025-12-29 13:23:17,25944.5,25950,2025-12-30,CE,54.8,8.29,0.5551,0.003400,-21.3288,5.6018,0.4104,11739450,10497975,118612725
2025-12-29 13:23:17,25944.5,25950,2025-12-30,PE,44.0,9.08,-0.4495,0.003100,-23.4076,5.6105,-0.4128,11702775,6021675,307499625
2025-12-29 13:23:23,25944.05,25950,2025-12-30,CE,54.8,8.64,0.5397,0.003200,-22.3326,5.6268,0.4092,12055950,10814475,118649625
2025-12-29 13:23:23,25944.05,25950,2025-12-30,PE,43.95,8.71,-0.4607,0.003200,-22.5317,5.6273,-0.4139,11869050,6187950,307656000
2025-12-29 13:23:31,25945.0,25950,2025-12-30,CE,55.2,8.93,0.5271,0.003100,-23.1407,5.6408,0.4116,12055950,10814475,118722000
2025-12-29 13:23:31,25945.0,25950,2025-12-30,PE,43.7,8.51,-0.4717,0.003300,-22.0680,5.6395,-0.4114,11869050,6187950,307721625
2025-12-29 13:23:37,25945.65,25950,2025-12-30,CE,55.2,8.35,0.5507,0.003300,-21.5184,5.6094,0.4134,12055950,10814475,118781700
2025-12-29 13:23:37,25945.65,25950,2025-12-30,PE,43.65,9.00,-0.4528,0.003100,-23.2355,5.6155,-0.4098,11869050,6187950,307857900
2025-12-29 13:23:45,25944.8,25950,2025-12-30,CE,55.3,8.48,0.5473,0.003300,-21.8962,5.6149,0.4111,12055950,10814475,118871475
2025-12-29 13:23:45,25944.8,25950,2025-12-30,PE,43.75,8.91,-0.4549,0.003100,-23.0135,5.6184,-0.4119,11869050,6187950,307961775
2025-12-29 13:23:52,25947.75,25950,2025-12-30,CE,55.35,8.61,0.5427,0.003300,-22.2396,5.6217,0.4187,12055950,10814475,118930500
2025-12-29 13:23:52,25947.75,25950,2025-12-30,PE,43.65,8.80,-0.4582,0.003200,-22.7578,5.6231,-0.4043,11869050,6187950,308014650
2025-12-29 13:23:57,25946.85,25950,2025-12-30,CE,55.2,8.24,0.5574,0.003400,-21.1982,5.5961,0.4166,12055950,10814475,118982325
2025-12-29 13:23:57,25946.85,25950,2025-12-30,PE,43.7,9.11,-0.4479,0.003100,-23.4789,5.6064,-0.4068,11869050,6187950,308115750
2025-12-29 13:24:02,25946.0,25950,2025-12-30,CE,55.1,8.65,0.5406,0.003200,-22.3718,5.6244,0.4141,12055950,10814475,119060700
2025-12-29 13:24:02,25946.0,25950,2025-12-30,PE,43.8,8.76,-0.4599,0.003200,-22.6508,5.6250,-0.4087,11869050,6187950,308178975
2025-12-29 13:24:13,25945.35,25950,2025-12-30,CE,54.8,8.93,0.5297,0.003100,-23.1359,5.6372,0.4123,12055950,10814475,119103600
2025-12-29 13:24:13,25945.35,25950,2025-12-30,PE,43.9,8.53,-0.4691,0.003300,-22.1022,5.6358,-0.4103,11869050,6187950,308229900
2025-12-29 13:24:20,25946.2,25950,2025-12-30,CE,55.05,8.94,0.5305,0.003100,-23.1730,5.6360,0.4144,12055950,10814475,119178450
2025-12-29 13:24:20,25946.2,25950,2025-12-30,PE,43.8,8.51,-0.4680,0.003300,-22.0596,5.6344,-0.4080,11869050,6187950,308356650
2025-12-29 13:24:25,25947.45,25950,2025-12-30,CE,55.35,8.38,0.5509,0.003300,-21.6017,5.6076,0.4180,12055950,10814475,119197200
2025-12-29 13:24:25,25947.45,25950,2025-12-30,PE,43.6,8.97,-0.4524,0.003100,-23.1597,5.6133,-0.4051,11869050,6187950,308417625
2025-12-29 13:24:31,25945.95,25950,2025-12-30,CE,55.35,8.71,0.5365,0.003200,-22.5543,5.6290,0.4138,12055950,10814475,119225400
2025-12-29 13:24:31,25945.95,25950,2025-12-30,PE,43.55,8.70,-0.4635,0.003200,-22.5145,5.6289,-0.4087,11869050,6187950,308474850
2025-12-29 13:24:36,25946.1,25950,2025-12-30,CE,55.35,8.67,0.5399,0.003200,-22.4187,5.6244,0.4142,12055950,10814475,119253525
2025-12-29 13:24:36,25946.1,25950,2025-12-30,PE,43.7,8.74,-0.4605,0.003200,-22.6180,5.6249,-0.4083,11869050,6187950,308505300
2025-12-29 13:24:41,25945.0,25950,2025-12-30,CE,54.8,8.41,0.5497,0.003300,-21.6900,5.6092,0.4114,12055950,10814475,119307525
2025-12-29 13:24:41,25945.0,25950,2025-12-30,PE,44.05,8.96,-0.4532,0.003100,-23.1278,5.6142,-0.4112,11869050,6187950,308601675
2025-12-29 13:24:47,25946.0,25950,2025-12-30,CE,54.7,8.67,0.5399,0.003200,-22.4199,5.6241,0.4139,12055950,10814475,119332875
2025-12-29 13:24:47,25946.0,25950,2025-12-30,PE,44.1,8.77,-0.4606,0.003200,-22.6988,5.6248,-0.4086,11869050,6187950,308660925
2025-12-29 13:24:52,25943.85,25950,2025-12-30,CE,54.55,8.26,0.5543,0.003400,-21.2666,5.6005,0.4082,12055950,10814475,119390475
2025-12-29 13:24:52,25943.85,25950,2025-12-30,PE,44.3,9.09,-0.4505,0.003100,-23.4658,5.6093,-0.4140,11869050,6187950,308865525
2025-12-29 13:24:58,25944.45,25950,2025-12-30,CE,55.15,8.80,0.5329,0.003200,-22.8117,5.6323,0.4098,12055950,10814475,119428350
2025-12-29 13:24:58,25944.45,25950,2025-12-30,PE,43.75,8.64,-0.4665,0.003200,-22.3740,5.6315,-0.4125,11869050,6187950,308970000
2025-12-29 13:25:03,25943.35,25950,2025-12-30,CE,54.7,8.58,0.5422,0.003300,-22.1723,5.6202,0.4069,12055950,10814475,119454600
2025-12-29 13:25:03,25943.35,25950,2025-12-30,PE,44.1,8.83,-0.4589,0.003200,-22.8501,5.6220,-0.4153,11869050,6187950,309014100
2025-12-29 13:25:09,25944.6,25950,2025-12-30,CE,55.05,8.82,0.5329,0.003200,-22.8527,5.6320,0.4101,12055950,10814475,119484300
2025-12-29 13:25:09,25944.6,25950,2025-12-30,PE,43.9,8.64,-0.4665,0.003200,-22.3752,5.6312,-0.4120,11869050,6187950,309135825
2025-12-29 13:25:14,25944.15,25950,2025-12-30,CE,54.9,8.58,0.5403,0.003300,-22.1843,5.6226,0.4090,12055950,10814475,119535900
2025-12-29 13:25:14,25944.15,25950,2025-12-30,PE,44.05,8.83,-0.4608,0.003200,-22.8619,5.6242,-0.4132,11869050,6187950,309238575
2025-12-29 13:25:19,25945.55,25950,2025-12-30,CE,54.9,8.36,0.5513,0.003300,-21.5657,5.6052,0.4127,12055950,10814475,119550375
2025-12-29 13:25:19,25945.55,25950,2025-12-30,PE,43.95,9.00,-0.4522,0.003100,-23.2442,5.6114,-0.4097,11869050,6187950,309307650
2025-12-29 13:25:25,25946.25,25950,2025-12-30,CE,55.15,8.32,0.5516,0.003400,-21.4463,5.6045,0.4146,12055950,10814475,119598825
2025-12-29 13:25:25,25946.25,25950,2025-12-30,PE,43.65,9.03,-0.4524,0.003100,-23.3247,5.6115,-0.4079,11869050,6187950,309452850
2025-12-29 13:25:30,25946.95,25950,2025-12-30,CE,55.1,8.79,0.5352,0.003200,-22.7652,5.6287,0.4161,12055950,10814475,119625525
2025-12-29 13:25:30,25946.95,25950,2025-12-30,PE,43.75,8.61,-0.4641,0.003300,-22.2874,5.6278,-0.4058,11869050,6187950,309573825
2025-12-29 13:25:36,25945.85,25950,2025-12-30,CE,55.0,8.33,0.5515,0.003400,-21.4874,5.6044,0.4134,12055950,10814475,119658600
2025-12-29 13:25:36,25945.85,25950,2025-12-30,PE,43.85,9.02,-0.4523,0.003100,-23.2859,5.6110,-0.4088,11869050,6187950,309635775
2025-12-29 13:25:41,25945.3,25950,2025-12-30,CE,55.0,8.61,0.5411,0.003300,-22.2616,5.6207,0.4118,12055950,10814475,119678325
2025-12-29 13:25:41,25945.3,25950,2025-12-30,PE,43.65,8.80,-0.4598,0.003200,-22.7800,5.6220,-0.4101,11869050,6187950,309708150
2025-12-29 13:25:46,25943.45,25950,2025-12-30,CE,54.7,8.59,0.5415,0.003300,-22.2205,5.6200,0.4070,12055950,10814475,119724075
2025-12-29 13:25:46,25943.45,25950,2025-12-30,PE,43.95,8.80,-0.4594,0.003200,-22.7788,5.6214,-0.4148,11869050,6187950,309773700
2025-12-29 13:25:52,25944.6,25950,2025-12-30,CE,54.85,8.30,0.5517,0.003400,-21.4091,5.6036,0.4100,12055950,10814475,119758200
2025-12-29 13:25:52,25944.6,25950,2025-12-30,PE,43.7,9.00,-0.4522,0.003100,-23.2478,5.6105,-0.4119,11869050,6187950,309807825
2025-12-29 13:25:57,25944.15,25950,2025-12-30,CE,55.35,8.38,0.5499,0.003300,-21.6191,5.6065,0.4088,12055950,10814475,119843775
2025-12-29 13:25:57,25944.15,25950,2025-12-30,PE,43.5,8.97,-0.4533,0.003100,-23.1774,5.6119,-0.4130,11869050,6187950,309934125
2025-12-29 13:26:02,25945.1,25950,2025-12-30,CE,55.05,8.61,0.5418,0.003300,-22.2609,5.6191,0.4112,12055950,10814475,119866875
2025-12-29 13:26:02,25945.1,25950,2025-12-30,PE,43.6,8.79,-0.4590,0.003200,-22.7395,5.6203,-0.4106,11869050,6187950,310000050
2025-12-29 13:26:08,25944.0,25950,2025-12-30,CE,55.6,8.18,0.5586,0.003400,-21.0471,5.5899,0.4083,12055950,10814475,119938050
2025-12-29 13:26:08,25944.0,25950,2025-12-30,PE,43.05,9.14,-0.4474,0.003100,-23.5703,5.6016,-0.4133,11869050,6187950,310144425
2025-12-29 13:26:13,25946.1,25950,2025-12-30,CE,55.4,8.54,0.5460,0.003300,-22.0794,5.6124,0.4138,12055950,10814475,119972025
2025-12-29 13:26:13,25946.1,25950,2025-12-30,PE,43.4,8.82,-0.4554,0.003200,-22.7981,5.6146,-0.4080,11869050,6187950,310245075
2025-12-29 13:26:19,25946.0,25950,2025-12-30,CE,55.5,8.42,0.5510,0.003300,-21.7325,5.6040,0.4136,12055950,10814475,120022050
2025-12-29 13:26:19,25946.0,25950,2025-12-30,PE,43.35,8.97,-0.4520,0.003100,-23.1716,5.6093,-0.4083,11869050,6187950,310302975
2025-12-29 13:26:24,25946.95,25950,2025-12-30,CE,55.8,8.62,0.5433,0.003200,-22.2939,5.6162,0.4160,12317625,11076150,120059175
2025-12-29 13:26:24,25946.95,25950,2025-12-30,PE,43.05,8.79,-0.4574,0.003200,-22.7328,5.6174,-0.4057,11837700,6156600,310388625
2025-12-29 13:26:29,25947.15,25950,2025-12-30,CE,55.7,8.53,0.5484,0.003300,-22.0266,5.6082,0.4165,12317625,11076150,120115650
2025-12-29 13:26:29,25947.15,25950,2025-12-30,PE,43.2,8.85,-0.4533,0.003200,-22.8657,5.6110,-0.4053,11837700,6156600,310570275
2025-12-29 13:26:35,25946.4,25950,2025-12-30,CE,55.5,8.54,0.5470,0.003300,-22.0755,5.6103,0.4145,12317625,11076150,120161475
2025-12-29 13:26:35,25946.4,25950,2025-12-30,PE,43.4,8.85,-0.4546,0.003200,-22.8744,5.6128,-0.4071,11837700,6156600,310646775
2025-12-29 13:26:40,25948.6,25950,2025-12-30,CE,55.75,8.67,0.5431,0.003200,-22.4153,5.6161,0.4201,12317625,11076150,120187575
2025-12-29 13:26:40,25948.6,25950,2025-12-30,PE,43.1,8.73,-0.4572,0.003200,-22.5750,5.6165,-0.4014,11837700,6156600,310682400
2025-12-29 13:26:45,25945.35,25950,2025-12-30,CE,55.55,8.33,0.5549,0.003300,-21.4718,5.5962,0.4118,12317625,11076150,120239550
2025-12-29 13:26:45,25945.35,25950,2025-12-30,PE,43.25,8.99,-0.4490,0.003100,-23.1928,5.6034,-0.4098,11837700,6156600,310740150
2025-12-29 13:26:51,25947.35,25950,2025-12-30,CE,55.5,8.65,0.5435,0.003200,-22.3747,5.6152,0.4169,12317625,11076150,120282825
2025-12-29 13:26:51,25947.35,25950,2025-12-30,PE,43.45,8.74,-0.4569,0.003200,-22.6142,5.6159,-0.4046,11837700,6156600,310838025
2025-12-29 13:26:56,25946.75,25950,2025-12-30,CE,55.6,8.35,0.5548,0.003300,-21.5129,5.5961,0.4155,12317625,11076150,120312825
2025-12-29 13:26:56,25946.75,25950,2025-12-30,PE,43.2,8.97,-0.4489,0.003100,-23.1540,5.6030,-0.4063,11837700,6156600,310913025
2025-12-29 13:27:01,25945.65,25950,2025-12-30,CE,55.4,8.36,0.5547,0.003300,-21.5536,5.5961,0.4125,12317625,11076150,120360975
2025-12-29 13:27:01,25945.65,25950,2025-12-30,PE,43.35,9.00,-0.4491,0.003100,-23.2346,5.6031,-0.4090,11837700,6156600,310961775
2025-12-29 13:27:07,25946.7,25950,2025-12-30,CE,55.45,8.33,0.5549,0.003300,-21.4740,5.5956,0.4153,12317625,11076150,120408075
2025-12-29 13:27:07,25946.7,25950,2025-12-30,PE,43.25,9.02,-0.4492,0.003100,-23.2752,5.6031,-0.4064,11837700,6156600,311024850
2025-12-29 13:27:12,25945.6,25950,2025-12-30,CE,54.9,8.33,0.5549,0.003300,-21.4752,5.5952,0.4124,12317625,11076150,120514200
2025-12-29 13:27:12,25945.6,25950,2025-12-30,PE,43.9,9.03,-0.4492,0.003100,-23.3165,5.6029,-0.4091,11837700,6156600,311291175
2025-12-29 13:27:18,25944.15,25950,2025-12-30,CE,54.9,8.59,0.5425,0.003300,-22.2262,5.6158,0.4084,12317625,11076150,120560625
2025-12-29 13:27:18,25944.15,25950,2025-12-30,PE,44.05,8.82,-0.4585,0.003200,-22.8247,5.6173,-0.4127,11837700,6156600,311412750
2025-12-29 13:27:23,25945.25,25950,2025-12-30,CE,55.3,8.56,0.5423,0.003300,-22.1488,5.6159,0.4113,12317625,11076150,120621150
2025-12-29 13:27:23,25945.25,25950,2025-12-30,PE,43.4,8.87,-0.4590,0.003200,-22.9468,5.6179,-0.4099,11837700,6156600,311541450
2025-12-29 13:27:28,25944.85,25950,2025-12-30,CE,55.3,8.82,0.5329,0.003200,-22.8697,5.6278,0.4102,12317625,11076150,120642000
2025-12-29 13:27:28,25944.85,25950,2025-12-30,PE,43.4,8.61,-0.4663,0.003300,-22.3122,5.6269,-0.4108,11837700,6156600,311594025
2025-12-29 13:27:34,25945.7,25950,2025-12-30,CE,55.5,8.38,0.5512,0.003300,-21.6210,5.6013,0.4125,12317625,11076150,120685875
2025-12-29 13:27:34,25945.7,25950,2025-12-30,PE,43.45,9.00,-0.4522,0.003100,-23.2607,5.6073,-0.4087,11837700,6156600,311642475
2025-12-29 13:27:39,25945.9,25950,2025-12-30,CE,55.05,8.44,0.5509,0.003300,-21.7816,5.6018,0.4130,12317625,11076150,120704700
2025-12-29 13:27:39,25945.9,25950,2025-12-30,PE,43.7,8.94,-0.4519,0.003100,-23.1014,5.6066,-0.4082,11837700,6156600,311689575
2025-12-29 13:27:44,25946.45,25950,2025-12-30,CE,55.45,8.39,0.5512,0.003300,-21.6621,5.6011,0.4145,12317625,11076150,120724125
2025-12-29 13:27:44,25946.45,25950,2025-12-30,PE,43.55,9.00,-0.4522,0.003100,-23.2618,5.6070,-0.4068,11837700,6156600,311731725
2025-12-29 13:27:50,25947.5,25950,2025-12-30,CE,55.55,8.41,0.5511,0.003300,-21.7027,5.6011,0.4172,12317625,11076150,120738825
2025-12-29 13:27:50,25947.5,25950,2025-12-30,PE,43.45,8.97,-0.4520,0.003100,-23.1825,5.6066,-0.4042,11837700,6156600,311796075
2025-12-29 13:27:55,25947.05,25950,2025-12-30,CE,55.95,8.44,0.5509,0.003300,-21.7833,5.6013,0.4160,12317625,11076150,120793650
2025-12-29 13:27:55,25947.05,25950,2025-12-30,PE,42.9,8.96,-0.4519,0.003100,-23.1432,5.6063,-0.4053,11837700,6156600,312015600
2025-12-29 13:28:00,25948.3,25950,2025-12-30,CE,55.5,8.47,0.5507,0.003300,-21.8639,5.6015,0.4192,12317625,11076150,120816525
2025-12-29 13:28:00,25948.3,25950,2025-12-30,PE,43.2,8.90,-0.4516,0.003100,-22.9838,5.6056,-0.4020,11837700,6156600,312135000
2025-12-29 13:28:06,25947.6,25950,2025-12-30,CE,55.7,8.45,0.5508,0.003300,-21.8245,5.6012,0.4174,12317625,11076150,120837225
2025-12-29 13:28:06,25947.6,25950,2025-12-30,PE,43.15,8.94,-0.4519,0.003100,-23.1044,5.6058,-0.4038,11837700,6156600,312173475
2025-12-29 13:28:11,25947.35,25950,2025-12-30,CE,55.8,8.50,0.5489,0.003300,-21.9561,5.6043,0.4167,12317625,11076150,120869475
2025-12-29 13:28:11,25947.35,25950,2025-12-30,PE,43.1,8.88,-0.4531,0.003200,-22.9556,5.6077,-0.4044,11837700,6156600,312251175
2025-12-29 13:28:17,25945.95,25950,2025-12-30,CE,55.65,8.39,0.5545,0.003300,-21.6422,5.5942,0.4130,12317625,11076150,120893400
2025-12-29 13:28:17,25945.95,25950,2025-12-30,PE,43.05,8.97,-0.4489,0.003100,-23.1638,5.6005,-0.4079,11837700,6156600,312349275
2025-12-29 13:28:22,25948.5,25950,2025-12-30,CE,55.7,8.38,0.5546,0.003300,-21.6026,5.5938,0.4198,12317625,11076150,120911700
2025-12-29 13:28:22,25948.5,25950,2025-12-30,PE,43.25,8.99,-0.4490,0.003100,-23.2043,5.6005,-0.4016,11837700,6156600,312387900
2025-12-29 13:28:27,25949.65,25950,2025-12-30,CE,56.6,8.53,0.5504,0.003300,-22.0274,5.6012,0.4226,12317625,11076150,121239000
2025-12-29 13:28:27,25949.65,25950,2025-12-30,PE,41.95,8.83,-0.4513,0.003200,-22.8275,5.6041,-0.3984,11837700,6156600,313277250
2025-12-29 13:28:33,25949.5,25950,2025-12-30,CE,56.4,8.73,0.5458,0.003200,-22.5711,5.6087,0.4219,12317625,11076150,121309200
2025-12-29 13:28:33,25949.5,25950,2025-12-30,PE,42.25,8.62,-0.4537,0.003200,-22.2914,5.6078,-0.3985,11837700,6156600,313356825
2025-12-29 13:28:38,25948.75,25950,2025-12-30,CE,56.05,8.61,0.5500,0.003200,-22.2286,5.6016,0.4201,12317625,11076150,121391175
2025-12-29 13:28:38,25948.75,25950,2025-12-30,PE,42.6,8.73,-0.4507,0.003200,-22.5487,5.6028,-0.4005,11837700,6156600,313501650
2025-12-29 13:28:44,25948.65,25950,2025-12-30,CE,56.2,8.73,0.5416,0.003200,-22.5973,5.6146,0.4196,12317625,11076150,121434225
2025-12-29 13:28:44,25948.65,25950,2025-12-30,PE,42.45,8.62,-0.4579,0.003300,-22.3179,5.6139,-0.4006,11837700,6156600,313568475
2025-12-29 13:28:49,25947.7,25950,2025-12-30,CE,56.1,8.73,0.5429,0.003200,-22.5904,5.6126,0.4172,12317625,11076150,121467300
2025-12-29 13:28:49,25947.7,25950,2025-12-30,PE,42.65,8.64,-0.4567,0.003200,-22.3508,5.6119,-0.4031,11837700,6156600,313634025
2025-12-29 13:28:54,25948.25,25950,2025-12-30,CE,56.0,8.56,0.5492,0.003300,-22.1169,5.6024,0.4188,12317625,11076150,121544100
2025-12-29 13:28:54,25948.25,25950,2025-12-30,PE,42.65,8.77,-0.4519,0.003200,-22.6769,5.6044,-0.4018,11837700,6156600,313713900
2025-12-29 13:29:00,25948.25,25950,2025-12-30,CE,56.05,8.79,0.5416,0.003200,-22.7569,5.6141,0.4185,12317625,11076150,121603050
2025-12-29 13:29:00,25948.25,25950,2025-12-30,PE,42.45,8.62,-0.4576,0.003300,-22.3177,5.6129,-0.4016,11837700,6156600,313771875
2025-12-29 13:29:05,25948.3,25950,2025-12-30,CE,56.15,8.45,0.5541,0.003300,-21.8081,5.5934,0.4190,12317625,11076150,121643925
2025-12-29 13:29:05,25948.3,25950,2025-12-30,PE,42.6,8.88,-0.4484,0.003100,-22.9296,5.5981,-0.4018,11837700,6156600,313819575
2025-12-29 13:29:10,25950.0,25950,2025-12-30,CE,56.25,8.82,0.5405,0.003200,-22.8434,5.6153,0.4228,12317625,11076150,121677750
2025-12-29 13:29:10,25950.0,25950,2025-12-30,PE,42.5,8.59,-0.4584,0.003300,-22.2446,5.6138,-0.3970,11837700,6156600,313863675
2025-12-29 13:29:16,25947.2,25950,2025-12-30,CE,56.4,8.59,0.5491,0.003300,-22.1993,5.6021,0.4159,12317625,11076150,121707375
2025-12-29 13:29:16,25947.2,25950,2025-12-30,PE,42.1,8.79,-0.4520,0.003200,-22.7193,5.6039,-0.4044,11837700,6156600,313977900
2025-12-29 13:29:21,25947.9,25950,2025-12-30,CE,56.2,8.82,0.5415,0.003200,-22.8392,5.6137,0.4175,12317625,11076150,121761900
2025-12-29 13:29:21,25947.9,25950,2025-12-30,PE,42.5,8.59,-0.4575,0.003300,-22.2403,5.6121,-0.4024,11837700,6156600,314054475
2025-12-29 13:29:26,25946.5,25950,2025-12-30,CE,55.6,8.59,0.5500,0.003300,-22.1939,5.6001,0.4140,12412050,11170575,121815150
2025-12-29 13:29:26,25946.5,25950,2025-12-30,PE,43.2,8.76,-0.4509,0.003200,-22.6341,5.6017,-0.4062,11693400,6012300,314169075
2025-12-29 13:29:32,25947.15,25950,2025-12-30,CE,55.65,8.82,0.5396,0.003200,-22.8510,5.6160,0.4155,12412050,11170575,121879725
2025-12-29 13:29:32,25947.15,25950,2025-12-30,PE,43.1,8.61,-0.4595,0.003300,-22.2923,5.6147,-0.4043,11693400,6012300,314270700
2025-12-29 13:29:37,25948.15,25950,2025-12-30,CE,55.7,8.51,0.5488,0.003300,-22.0059,5.6018,0.4184,12412050,11170575,121900425
2025-12-29 13:29:37,25948.15,25950,2025-12-30,PE,43.0,8.88,-0.4531,0.003200,-22.9658,5.6051,-0.4020,11693400,6012300,314315175
2025-12-29 13:29:42,25947.3,25950,2025-12-30,CE,55.6,8.35,0.5548,0.003300,-21.5321,5.5909,0.4163,12412050,11170575,121963200
2025-12-29 13:29:42,25947.3,25950,2025-12-30,PE,43.1,8.97,-0.4489,0.003100,-23.1747,5.5978,-0.4042,11693400,6012300,314413425
2025-12-29 13:29:48,25948.75,25950,2025-12-30,CE,55.85,8.39,0.5545,0.003300,-21.6530,5.5913,0.4201,12412050,11170575,121983450
2025-12-29 13:29:48,25948.75,25950,2025-12-30,PE,42.85,8.97,-0.4489,0.003100,-23.1753,5.5976,-0.4006,11693400,6012300,314455725
2025-12-29 13:29:53,25947.25,25950,2025-12-30,CE,55.75,8.53,0.5484,0.003300,-22.0504,5.6019,0.4159,12412050,11170575,122029500
2025-12-29 13:29:53,25947.25,25950,2025-12-30,PE,42.9,8.85,-0.4532,0.003200,-22.8904,5.6048,-0.4042,11693400,6012300,314507250
2025-12-29 13:29:59,25947.05,25950,2025-12-30,CE,55.7,8.90,0.5355,0.003200,-23.0738,5.6203,0.4151,12412050,11170575,122058150
2025-12-29 13:29:59,25947.05,25950,2025-12-30,PE,43.1,8.51,-0.4630,0.003300,-22.0768,5.6184,-0.4044,11693400,6012300,314605650
2025-12-29 13:30:04,25947.4,25950,2025-12-30,CE,55.65,8.80,0.5393,0.003200,-22.8171,5.6153,0.4160,12412050,11170575,122146800
2025-12-29 13:30:04,25947.4,25950,2025-12-30,PE,43.0,8.62,-0.4599,0.003300,-22.3381,5.6142,-0.4036,11693400,6012300,314679975
2025-12-29 13:30:10,25949.95,25950,2025-12-30,CE,56.05,8.50,0.5486,0.003300,-21.9721,5.6012,0.4230,12412050,11170575,122231925
2025-12-29 13:30:10,25949.95,25950,2025-12-30,PE,42.5,8.85,-0.4532,0.003200,-22.8922,5.6043,-0.3973,11693400,6012300,314845200
2025-12-29 13:30:15,25950.05,25950,2025-12-30,CE,55.8,8.77,0.5443,0.003200,-22.7109,5.6080,0.4228,12412050,11170575,122280075
2025-12-29 13:30:15,25950.05,25950,2025-12-30,PE,42.75,8.62,-0.4550,0.003300,-22.3113,5.6068,-0.3966,11693400,6012300,314909925
2025-12-29 13:30:21,25949.65,25950,2025-12-30,CE,56.15,8.74,0.5412,0.003200,-22.6504,5.6123,0.4218,12412050,11170575,122312475
2025-12-29 13:30:21,25949.65,25950,2025-12-30,PE,42.65,8.61,-0.4582,0.003300,-22.2910,5.6113,-0.3976,11693400,6012300,314963850
2025-12-29 13:30:26,25948.4,25950,2025-12-30,CE,56.2,8.45,0.5542,0.003300,-21.8173,5.5909,0.4189,12412050,11170575,122337300
2025-12-29 13:30:26,25948.4,25950,2025-12-30,PE,42.4,8.88,-0.4484,0.003100,-22.9393,5.5956,-0.4012,11693400,6012300,315011925
2025-12-29 13:30:31,25948.35,25950,2025-12-30,CE,56.25,8.47,0.5541,0.003300,-21.8580,5.5910,0.4187,12412050,11170575,122366550
2025-12-29 13:30:31,25948.35,25950,2025-12-30,PE,42.4,8.88,-0.4483,0.003100,-22.9399,5.5955,-0.4013,11693400,6012300,315064950
2025-12-29 13:30:37,25947.4,25950,2025-12-30,CE,56.35,8.44,0.5542,0.003300,-21.7784,5.5905,0.4162,12412050,11170575,122414700
2025-12-29 13:30:37,25947.4,25950,2025-12-30,PE,42.3,8.87,-0.4483,0.003200,-22.9004,5.5952,-0.4037,11693400,6012300,315127875
2025-12-29 13:30:42,25947.1,25950,2025-12-30,CE,56.1,8.39,0.5579,0.003300,-21.6337,5.5833,0.4154,12412050,11170575,122471775
2025-12-29 13:30:42,25947.1,25950,2025-12-30,PE,42.6,8.93,-0.4455,0.003100,-23.0379,5.5900,-0.4045,11693400,6012300,315172500
2025-12-29 13:30:48,25948.8,25950,2025-12-30,CE,55.85,8.79,0.5394,0.003200,-22.7826,5.6138,0.4194,12412050,11170575,122520000
2025-12-29 13:30:48,25948.8,25950,2025-12-30,PE,42.95,8.61,-0.4598,0.003300,-22.3035,5.6127,-0.3998,11693400,6012300,315333150
2025-12-29 13:30:53,25947.6,25950,2025-12-30,CE,56.0,8.64,0.5456,0.003200,-22.3519,5.6047,0.4165,12412050,11170575,122538975
2025-12-29 13:30:53,25947.6,25950,2025-12-30,PE,42.9,8.76,-0.4550,0.003200,-22.6718,5.6057,-0.4030,11693400,6012300,315374100
2025-12-29 13:30:58,25947.65,25950,2025-12-30,CE,55.75,8.76,0.5412,0.003200,-22.6951,5.6112,0.4165,12412050,11170575,122569500
2025-12-29 13:30:58,25947.65,25950,2025-12-30,PE,43.05,8.67,-0.4584,0.003200,-22.4555,5.6105,-0.4028,11693400,6012300,315425325
2025-12-29 13:31:04,25946.75,25950,2025-12-30,CE,55.7,8.48,0.5503,0.003300,-21.9275,5.5966,0.4143,12412050,11170575,122633325
2025-12-29 13:31:04,25946.75,25950,2025-12-30,PE,43.1,8.88,-0.4518,0.003200,-22.9684,5.6003,-0.4052,11693400,6012300,315549075
2025-12-29 13:31:09,25947.6,25950,2025-12-30,CE,55.7,8.44,0.5503,0.003300,-21.8101,5.5965,0.4166,12412050,11170575,122661300
2025-12-29 13:31:09,25947.6,25950,2025-12-30,PE,43.2,8.91,-0.4523,0.003100,-23.0511,5.6010,-0.4031,11693400,6012300,315609975
2025-12-29 13:31:15,25947.5,25950,2025-12-30,CE,55.6,8.76,0.5412,0.003200,-22.6969,5.6107,0.4160,12412050,11170575,122690625
2025-12-29 13:31:15,25947.5,25950,2025-12-30,PE,43.2,8.68,-0.4585,0.003200,-22.4972,5.6102,-0.4031,11693400,6012300,315663825
2025-12-29 13:31:20,25947.7,25950,2025-12-30,CE,55.2,8.70,0.5414,0.003200,-22.5377,5.6101,0.4166,12412050,11170575,122754150
2025-12-29 13:31:20,25947.7,25950,2025-12-30,PE,43.6,8.70,-0.4586,0.003200,-22.5377,5.6101,-0.4026,11693400,6012300,315767025
2025-12-29 13:31:26,25946.95,25950,2025-12-30,CE,55.15,8.21,0.5584,0.003400,-21.1621,5.5807,0.4150,12412050,11170575,122786100
2025-12-29 13:31:26,25946.95,25950,2025-12-30,PE,43.65,9.14,-0.4473,0.003100,-23.6093,5.5921,-0.4048,11693400,6012300,315847950
2025-12-29 13:31:31,25944.3,25950,2025-12-30,CE,55.0,8.24,0.5579,0.003400,-21.2456,5.5817,0.4077,12412050,11170575,122945625
2025-12-29 13:31:31,25944.3,25950,2025-12-30,PE,43.8,9.14,-0.4476,0.003100,-23.6123,5.5924,-0.4113,11693400,6012300,316061850
2025-12-29 13:31:36,25945.85,25950,2025-12-30,CE,55.0,8.61,0.5422,0.003300,-22.2979,5.6086,0.4118,12412050,11170575,123010725
2025-12-29 13:31:36,25945.85,25950,2025-12-30,PE,43.85,8.85,-0.4589,0.003200,-22.9372,5.6102,-0.4073,11693400,6012300,316184550
2025-12-29 13:31:42,25946.7,25950,2025-12-30,CE,55.65,8.70,0.5366,0.003200,-22.5657,5.6159,0.4139,12412050,11170575,123094125
2025-12-29 13:31:42,25946.7,25950,2025-12-30,PE,43.3,8.76,-0.4636,0.003200,-22.7254,5.6162,-0.4051,11693400,6012300,316274325
2025-12-29 13:31:47,25946.55,25950,2025-12-30,CE,55.7,8.27,0.5574,0.003400,-21.3301,5.5823,0.4138,12412050,11170575,123124275
2025-12-29 13:31:47,25946.55,25950,2025-12-30,PE,43.35,9.09,-0.4476,0.003100,-23.4962,5.5921,-0.4057,11693400,6012300,316357125
2025-12-29 13:31:53,25946.4,25950,2025-12-30,CE,55.4,8.45,0.5522,0.003300,-21.8417,5.5918,0.4132,12412050,11170575,123156525
2025-12-29 13:31:53,25946.4,25950,2025-12-30,PE,43.5,8.96,-0.4506,0.003100,-23.1638,5.5969,-0.4059,11693400,6012300,316498275
2025-12-29 13:31:58,25946.5,25950,2025-12-30,CE,55.55,8.42,0.5524,0.003300,-21.7622,5.5913,0.4135,12412050,11170575,123202725
2025-12-29 13:31:58,25946.5,25950,2025-12-30,PE,43.5,8.97,-0.4507,0.003100,-23.2045,5.5969,-0.4057,11693400,6012300,316580550
2025-12-29 13:32:03,25946.05,25950,2025-12-30,CE,55.7,8.62,0.5437,0.003300,-22.3320,5.6054,0.4122,12412050,11170575,123229875
2025-12-29 13:32:03,25946.05,25950,2025-12-30,PE,43.25,8.83,-0.4573,0.003200,-22.8917,5.6070,-0.4067,11693400,6012300,316687950
2025-12-29 13:32:09,25947.9,25950,2025-12-30,CE,55.45,8.73,0.5403,0.003200,-22.6290,5.6102,0.4168,12412050,11170575,123246225
2025-12-29 13:32:09,25947.9,25950,2025-12-30,PE,43.6,8.74,-0.4597,0.003200,-22.6689,5.6103,-0.4019,11693400,6012300,316725900
2025-12-29 13:32:14,25947.15,25950,2025-12-30,CE,55.35,8.53,0.5478,0.003300,-22.0709,5.5988,0.4151,12412050,11170575,123276900
2025-12-29 13:32:14,25947.15,25950,2025-12-30,PE,43.6,8.90,-0.4541,0.003200,-23.0314,5.6019,-0.4039,11693400,6012300,316767450
2025-12-29 13:32:20,25946.65,25950,2025-12-30,CE,55.15,8.51,0.5472,0.003300,-22.0357,5.5995,0.4137,12412050,11170575,123325950
2025-12-29 13:32:20,25946.65,25950,2025-12-30,PE,43.8,8.93,-0.4549,0.003100,-23.1161,5.6029,-0.4052,11693400,6012300,316830675
2025-12-29 13:32:25,25947.5,25950,2025-12-30,CE,55.15,8.76,0.5367,0.003200,-22.7292,5.6145,0.4157,12665325,11423850,123352125
2025-12-29 13:32:25,25947.5,25950,2025-12-30,PE,43.8,8.73,-0.4632,0.003200,-22.6494,5.6143,-0.4029,11826300,6145200,316874400
2025-12-29 13:32:30,25946.85,25950,2025-12-30,CE,55.1,8.51,0.5472,0.003300,-22.0368,5.5992,0.4142,12665325,11423850,123366375
2025-12-29 13:32:30,25946.85,25950,2025-12-30,PE,43.75,8.93,-0.4548,0.003100,-23.1172,5.6027,-0.4047,11826300,6145200,316927200
2025-12-29 13:32:36,25946.6,25950,2025-12-30,CE,54.8,8.47,0.5475,0.003300,-21.9173,5.5987,0.4136,12665325,11423850,123415050
2025-12-29 13:32:36,25946.6,25950,2025-12-30,PE,44.05,8.97,-0.4551,0.003100,-23.2379,5.6029,-0.4053,11826300,6145200,317078100
2025-12-29 13:32:41,25946.7,25950,2025-12-30,CE,55.35,8.62,0.5402,0.003300,-22.3564,5.6095,0.4137,12665325,11423850,123471150
2025-12-29 13:32:41,25946.7,25950,2025-12-30,PE,43.5,8.82,-0.4607,0.003200,-22.8758,5.6107,-0.4049,11826300,6145200,317180775
2025-12-29 13:32:46,25944.5,25950,2025-12-30,CE,55.6,8.71,0.5398,0.003200,-22.5967,5.6099,0.4080,12665325,11423850,123495975
2025-12-29 13:32:46,25944.5,25950,2025-12-30,PE,43.25,8.76,-0.4604,0.003200,-22.7166,5.6102,-0.4105,11826300,6145200,317287950
2025-12-29 13:32:52,25947.2,25950,2025-12-30,CE,55.7,8.76,0.5386,0.003200,-22.7224,5.6113,0.4148,12665325,11423850,123544725
2025-12-29 13:32:52,25947.2,25950,2025-12-30,PE,43.05,8.71,-0.4612,0.003200,-22.6026,5.6110,-0.4035,11826300,6145200,317447175
2025-12-29 13:32:57,25946.55,25950,2025-12-30,CE,55.8,8.82,0.5364,0.003200,-22.8925,5.6139,0.4131,12665325,11423850,123582450
2025-12-29 13:32:57,25946.55,25950,2025-12-30,PE,42.8,8.65,-0.4629,0.003200,-22.4534,5.6130,-0.4051,11826300,6145200,317525100
2025-12-29 13:33:03,25946.75,25950,2025-12-30,CE,56.05,8.82,0.5387,0.003200,-22.8816,5.6109,0.4136,12665325,11423850,123640425
2025-12-29 13:33:03,25946.75,25950,2025-12-30,PE,42.7,8.61,-0.4604,0.003300,-22.3223,5.6097,-0.4046,11826300,6145200,317626275
2025-12-29 13:33:08,25946.45,25950,2025-12-30,CE,56.0,8.41,0.5545,0.003300,-21.7158,5.5854,0.4131,12665325,11423850,123736500
2025-12-29 13:33:08,25946.45,25950,2025-12-30,PE,42.9,8.96,-0.4487,0.003100,-23.1596,5.5914,-0.4055,11826300,6145200,317741250
2025-12-29 13:33:13,25946.15,25950,2025-12-30,CE,55.8,8.45,0.5529,0.003300,-21.8463,5.5882,0.4122,12665325,11423850,123751275
2025-12-29 13:33:13,25946.15,25950,2025-12-30,PE,43.05,8.96,-0.4500,0.003100,-23.1692,5.5934,-0.4063,11826300,6145200,317781525
2025-12-29 13:33:19,25944.9,25950,2025-12-30,CE,55.25,8.44,0.5540,0.003300,-21.7997,5.5861,0.4089,12665325,11423850,123779025
2025-12-29 13:33:19,25944.9,25950,2025-12-30,PE,43.5,8.97,-0.4491,0.003100,-23.2032,5.5918,-0.4094,11826300,6145200,317830425
2025-12-29 13:33:24,25945.55,25950,2025-12-30,CE,55.5,8.42,0.5544,0.003300,-21.7577,5.5851,0.4106,12665325,11423850,123807975
2025-12-29 13:33:24,25945.55,25950,2025-12-30,PE,43.3,9.00,-0.4490,0.003100,-23.2817,5.5914,-0.4077,11826300,6145200,317888925
2025-12-29 13:33:30,25946.25,25950,2025-12-30,CE,55.55,8.35,0.5539,0.003400,-21.5648,5.5859,0.4125,12665325,11423850,123825600
2025-12-29 13:33:30,25946.25,25950,2025-12-30,PE,43.35,9.03,-0.4501,0.003100,-23.3692,5.5931,-0.4060,11826300,6145200,317962575
2025-12-29 13:33:35,25945.85,25950,2025-12-30,CE,55.4,8.38,0.5550,0.003300,-21.6366,5.5835,0.4114,12665325,11423850,123849150
2025-12-29 13:33:35,25945.85,25950,2025-12-30,PE,43.55,9.03,-0.4488,0.003100,-23.3615,5.5907,-0.4069,11826300,6145200,318045900
2025-12-29 13:33:40,25947.05,25950,2025-12-30,CE,55.35,8.38,0.5550,0.003300,-21.6366,5.5835,0.4146,12665325,11423850,123864525
2025-12-29 13:33:40,25947.05,25950,2025-12-30,PE,43.55,9.03,-0.4488,0.003100,-23.3615,5.5907,-0.4039,11826300,6145200,318092550
2025-12-29 13:33:46,25946.3,25950,2025-12-30,CE,55.55,8.64,0.5443,0.003200,-22.3805,5.6014,0.4124,12665325,11423850,123889650
2025-12-29 13:33:46,25946.3,25950,2025-12-30,PE,43.45,8.83,-0.4566,0.003200,-22.9006,5.6029,-0.4057,11826300,6145200,318147225
2025-12-29 13:33:51,25945.45,25950,2025-12-30,CE,55.55,8.85,0.5351,0.003200,-22.9859,5.6137,0.4101,12665325,11423850,123915750
2025-12-29 13:33:51,25945.45,25950,2025-12-30,PE,43.35,8.64,-0.4641,0.003300,-22.4270,5.6127,-0.4078,11826300,6145200,318177525
2025-12-29 13:33:56,25946.35,25950,2025-12-30,CE,55.55,8.88,0.5350,0.003200,-23.0663,5.6137,0.4123,12665325,11423850,123932775
2025-12-29 13:33:56,25946.35,25950,2025-12-30,PE,43.45,8.65,-0.4642,0.003300,-22.4675,5.6126,-0.4054,11826300,6145200,318218250
2025-12-29 13:34:02,25945.35,25950,2025-12-30,CE,55.45,8.54,0.5471,0.003300,-22.1279,5.5966,0.4099,12665325,11423850,123955350
2025-12-29 13:34:02,25945.35,25950,2025-12-30,PE,43.55,8.91,-0.4548,0.003100,-23.0888,5.5997,-0.4080,11826300,6145200,318243825
2025-12-29 13:34:07,25946.8,25950,2025-12-30,CE,55.5,8.32,0.5551,0.003400,-21.4818,5.5824,0.4138,12665325,11423850,123978675
2025-12-29 13:34:07,25946.8,25950,2025-12-30,PE,43.55,9.09,-0.4495,0.003100,-23.5278,5.5909,-0.4045,11826300,6145200,318304350
2025-12-29 13:34:13,25947.55,25950,2025-12-30,CE,55.65,8.71,0.5408,0.003200,-22.6022,5.6058,0.4154,12665325,11423850,123996975
2025-12-29 13:34:13,25947.55,25950,2025-12-30,PE,43.4,8.76,-0.4594,0.003200,-22.7222,5.6061,-0.4023,11826300,6145200,318325500
2025-12-29 13:34:18,25946.75,25950,2025-12-30,CE,55.2,8.33,0.5550,0.003400,-21.5237,5.5822,0.4136,12665325,11423850,124071900
2025-12-29 13:34:18,25946.75,25950,2025-12-30,PE,43.7,9.08,-0.4494,0.003100,-23.4896,5.5903,-0.4046,11826300,6145200,318439650
2025-12-29 13:34:23,25946.15,25950,2025-12-30,CE,55.5,8.29,0.5553,0.003400,-21.4037,5.5815,0.4120,12665325,11423850,124148400
2025-12-29 13:34:23,25946.15,25950,2025-12-30,PE,43.4,9.12,-0.4496,0.003100,-23.6104,5.5906,-0.4061,11826300,6145200,318537150
2025-12-29 13:34:29,25946.4,25950,2025-12-30,CE,55.3,8.38,0.5544,0.003300,-21.6477,5.5830,0.4126,12665325,11423850,124172400
2025-12-29 13:34:29,25946.4,25950,2025-12-30,PE,43.55,9.08,-0.4497,0.003100,-23.4930,5.5905,-0.4054,11826300,6145200,318570750
2025-12-29 13:34:34,25945.55,25950,2025-12-30,CE,55.2,8.79,0.5363,0.003200,-22.8270,5.6109,0.4102,12665325,11423850,124193700
2025-12-29 13:34:34,25945.55,25950,2025-12-30,PE,43.65,8.70,-0.4634,0.003200,-22.5873,5.6105,-0.4073,11826300,6145200,318617775
2025-12-29 13:34:40,25946.35,25950,2025-12-30,CE,55.2,8.77,0.5363,0.003200,-22.7877,5.6107,0.4122,12665325,11423850,124207650
2025-12-29 13:34:40,25946.35,25950,2025-12-30,PE,43.6,8.71,-0.4634,0.003200,-22.6279,5.6104,-0.4053,11826300,6145200,318671850
2025-12-29 13:34:45,25947.45,25950,2025-12-30,CE,55.45,8.77,0.5363,0.003200,-22.7877,5.6107,0.4150,12665325,11423850,124235400
2025-12-29 13:34:45,25947.45,25950,2025-12-30,PE,43.4,8.71,-0.4634,0.003200,-22.6279,5.6104,-0.4024,11826300,6145200,318696375
2025-12-29 13:34:50,25947.95,25950,2025-12-30,CE,55.45,8.32,0.5551,0.003400,-21.4863,5.5812,0.4167,12665325,11423850,124247775
2025-12-29 13:34:50,25947.95,25950,2025-12-30,PE,43.6,9.09,-0.4494,0.003100,-23.5327,5.5897,-0.4015,11826300,6145200,318736575
2025-12-29 13:34:56,25946.2,25950,2025-12-30,CE,55.25,8.47,0.5508,0.003300,-21.9117,5.5889,0.4119,12665325,11423850,124269450
2025-12-29 13:34:56,25946.2,25950,2025-12-30,PE,43.4,8.99,-0.4520,0.003100,-23.2746,5.5938,-0.4057,11826300,6145200,318770400
2025-12-29 13:35:01,25945.65,25950,2025-12-30,CE,55.25,8.87,0.5360,0.003200,-23.0292,5.6107,0.4103,12665325,11423850,124282575
2025-12-29 13:35:01,25945.65,25950,2025-12-30,PE,43.55,8.65,-0.4632,0.003300,-22.4700,5.6096,-0.4070,11826300,6145200,318798675
2025-12-29 13:35:07,25946.3,25950,2025-12-30,CE,55.25,8.73,0.5407,0.003200,-22.6482,5.6044,0.4120,12665325,11423850,124321725
2025-12-29 13:35:07,25946.3,25950,2025-12-30,PE,43.7,8.76,-0.4594,0.003200,-22.7282,5.6046,-0.4053,11826300,6145200,318837825
2025-12-29 13:35:12,25946.2,25950,2025-12-30,CE,55.15,8.64,0.5424,0.003300,-22.4015,5.6018,0.4117,12665325,11423850,124348725
2025-12-29 13:35:12,25946.2,25950,2025-12-30,PE,43.6,8.83,-0.4585,0.003200,-22.9216,5.6032,-0.4056,11826300,6145200,318898575
2025-12-29 13:35:18,25946.65,25950,2025-12-30,CE,55.15,8.76,0.5370,0.003200,-22.7482,5.6089,0.4128,12665325,11423850,124376850
2025-12-29 13:35:18,25946.65,25950,2025-12-30,PE,43.55,8.71,-0.4628,0.003200,-22.6283,5.6087,-0.4043,11826300,6145200,318961575
2025-12-29 13:35:23,25945.85,25950,2025-12-30,CE,55.2,8.47,0.5482,0.003300,-21.9328,5.5924,0.4109,12815175,11573700,124511475
2025-12-29 13:35:23,25945.85,25950,2025-12-30,PE,43.6,8.96,-0.4543,0.003100,-23.2148,5.5966,-0.4065,11775000,6093900,319130325
2025-12-29 13:35:28,25945.15,25950,2025-12-30,CE,54.9,8.76,0.5364,0.003200,-22.7532,5.6093,0.4089,12815175,11573700,124530375
2025-12-29 13:35:28,25945.15,25950,2025-12-30,PE,43.8,8.71,-0.4634,0.003200,-22.6334,5.6090,-0.4082,11775000,6093900,319159425
2025-12-29 13:35:34,25944.5,25950,2025-12-30,CE,54.6,8.41,0.5512,0.003300,-21.7559,5.5870,0.4073,12815175,11573700,124583175
2025-12-29 13:35:34,25944.5,25950,2025-12-30,PE,43.95,9.02,-0.4521,0.003100,-23.3597,5.5928,-0.4098,11775000,6093900,319301925
2025-12-29 13:35:39,25944.1,25950,2025-12-30,CE,52.95,8.61,0.5370,0.003300,-22.3554,5.6080,0.4062,12815175,11573700,125076975
2025-12-29 13:35:39,25944.1,25950,2025-12-30,PE,45.35,8.82,-0.4638,0.003200,-22.9148,5.6091,-0.4108,11775000,6093900,320104650
2025-12-29 13:35:45,25944.1,25950,2025-12-30,CE,53.15,8.61,0.5370,0.003300,-22.3554,5.6080,0.4062,12815175,11573700,125221125
2025-12-29 13:35:45,25944.1,25950,2025-12-30,PE,45.5,8.82,-0.4638,0.003200,-22.9148,5.6091,-0.4108,11775000,6093900,320419200
2025-12-29 13:35:50,25943.85,25950,2025-12-30,CE,53.25,8.44,0.5344,0.003300,-21.9327,5.6108,0.4055,12815175,11573700,125371875
2025-12-29 13:35:50,25943.85,25950,2025-12-30,PE,45.35,8.99,-0.4676,0.003100,-23.3703,5.6132,-0.4114,11775000,6093900,320747925
2025-12-29 13:35:56,25942.7,25950,2025-12-30,CE,53.05,8.36,0.5414,0.003400,-21.7001,5.6017,0.4023,12815175,11573700,125474400
2025-12-29 13:35:56,25942.7,25950,2025-12-30,PE,45.65,9.06,-0.4617,0.003100,-23.5398,5.6060,-0.4142,11775000,6093900,320959200
2025-12-29 13:36:01,25941.95,25950,2025-12-30,CE,52.95,8.30,0.5417,0.003400,-21.5407,5.6011,0.4003,12815175,11573700,125567100
2025-12-29 13:36:01,25941.95,25950,2025-12-30,PE,45.7,9.08,-0.4617,0.003100,-23.5804,5.6059,-0.4160,11775000,6093900,321166800
2025-12-29 13:36:06,25943.15,25950,2025-12-30,CE,53.0,8.32,0.5416,0.003400,-21.5812,5.6011,0.4035,12815175,11573700,125674950
2025-12-29 13:36:06,25943.15,25950,2025-12-30,PE,45.4,9.14,-0.4620,0.003100,-23.7409,5.6061,-0.4130,11775000,6093900,321358200
2025-12-29 13:36:12,25942.95,25950,2025-12-30,CE,53.15,8.35,0.5415,0.003400,-21.6619,5.6011,0.4029,12815175,11573700,125772375
2025-12-29 13:36:12,25942.95,25950,2025-12-30,PE,45.35,9.09,-0.4618,0.003100,-23.6216,5.6057,-0.4135,11775000,6093900,321521475
2025-12-29 13:36:17,25942.95,25950,2025-12-30,CE,52.5,8.45,0.5343,0.003300,-21.9755,5.6102,0.4030,12815175,11573700,125864925
2025-12-29 13:36:17,25942.95,25950,2025-12-30,PE,46.0,9.02,-0.4677,0.003100,-23.4532,5.6126,-0.4135,11775000,6093900,321680775
2025-12-29 13:36:22,25943.35,25950,2025-12-30,CE,51.9,8.39,0.5346,0.003400,-21.8164,5.6097,0.4040,12815175,11573700,126160800
2025-12-29 13:36:22,25943.35,25950,2025-12-30,PE,46.6,9.03,-0.4678,0.003100,-23.4938,5.6124,-0.4125,11775000,6093900,322103025
2025-12-29 13:36:28,25941.7,25950,2025-12-30,CE,52.45,8.32,0.5369,0.003400,-21.6078,5.6067,0.3995,12815175,11573700,126305925
2025-12-29 13:36:28,25941.7,25950,2025-12-30,PE,46.4,9.12,-0.4662,0.003100,-23.7255,5.6106,-0.4165,11775000,6093900,322374750
2025-12-29 13:36:33,25941.9,25950,2025-12-30,CE,52.7,8.45,0.5343,0.003300,-21.9779,5.6096,0.4001,12815175,11573700,126466875
2025-12-29 13:36:33,25941.9,25950,2025-12-30,PE,46.2,9.02,-0.4677,0.003100,-23.4557,5.6119,-0.4160,11775000,6093900,322732425
2025-12-29 13:36:38,25943.15,25950,2025-12-30,CE,53.25,8.35,0.5398,0.003400,-21.6743,5.6025,0.4034,12815175,11573700,126569325
2025-12-29 13:36:38,25943.15,25950,2025-12-30,PE,45.7,9.17,-0.4636,0.003100,-23.8335,5.6071,-0.4129,11775000,6093900,322840575
2025-12-29 13:36:44,25944.05,25950,2025-12-30,CE,53.75,8.68,0.5302,0.003200,-22.5922,5.6137,0.4058,12815175,11573700,126689325
2025-12-29 13:36:44,25944.05,25950,2025-12-30,PE,44.95,8.82,-0.4702,0.003200,-22.9514,5.6142,-0.4107,11775000,6093900,323237700
2025-12-29 13:36:49,25944.65,25950,2025-12-30,CE,54.0,8.45,0.5410,0.003300,-21.9466,5.6006,0.4073,12815175,11573700,126779250
2025-12-29 13:36:49,25944.65,25950,2025-12-30,PE,45.05,9.02,-0.4615,0.003100,-23.4267,5.6041,-0.4091,11775000,6093900,323377650
2025-12-29 13:36:55,25946.15,25950,2025-12-30,CE,54.1,8.64,0.5336,0.003300,-22.4597,5.6098,0.4112,12815175,11573700,126879150
2025-12-29 13:36:55,25946.15,25950,2025-12-30,PE,44.75,8.88,-0.4672,0.003200,-23.0988,5.6108,-0.4053,11775000,6093900,323519325
2025-12-29 13:37:00,25945.55,25950,2025-12-30,CE,54.0,8.68,0.5335,0.003200,-22.5801,5.6098,0.4096,12815175,11573700,126925500
2025-12-29 13:37:00,25945.55,25950,2025-12-30,PE,45.0,8.82,-0.4670,0.003200,-22.9396,5.6104,-0.4068,11775000,6093900,323606775
2025-12-29 13:37:05,25945.7,25950,2025-12-30,CE,54.0,8.70,0.5334,0.003200,-22.6207,5.6097,0.4099,12815175,11573700,126990900
2025-12-29 13:37:05,25945.7,25950,2025-12-30,PE,45.0,8.82,-0.4670,0.003200,-22.9403,5.6102,-0.4064,11775000,6093900,323707800
2025-12-29 13:37:11,25945.6,25950,2025-12-30,CE,53.9,8.67,0.5339,0.003300,-22.5399,5.6091,0.4097,12815175,11573700,127032375
2025-12-29 13:37:11,25945.6,25950,2025-12-30,PE,45.2,8.87,-0.4669,0.003200,-23.0593,5.6099,-0.4067,11775000,6093900,323771700
2025-12-29 13:37:16,25943.9,25950,2025-12-30,CE,53.5,8.44,0.5401,0.003300,-21.9148,5.6012,0.4052,12815175,11573700,127077975
2025-12-29 13:37:16,25943.9,25950,2025-12-30,PE,45.35,9.09,-0.4627,0.003100,-23.6348,5.6049,-0.4109,11775000,6093900,323872575
2025-12-29 13:37:21,25945.55,25950,2025-12-30,CE,53.0,8.58,0.5339,0.003300,-22.3029,5.6087,0.4095,12815175,11573700,127165500
2025-12-29 13:37:21,25945.55,25950,2025-12-30,PE,45.95,8.96,-0.4675,0.003100,-23.3016,5.6103,-0.4068,11775000,6093900,324007950
2025-12-29 13:37:27,25945.05,25950,2025-12-30,CE,52.8,8.38,0.5397,0.003400,-21.7595,5.6014,0.4082,12815175,11573700,127234125
2025-12-29 13:37:27,25945.05,25950,2025-12-30,PE,46.0,9.14,-0.4635,0.003100,-23.7592,5.6056,-0.4080,11775000,6093900,324181875
2025-12-29 13:37:32,25943.8,25950,2025-12-30,CE,52.2,8.50,0.5342,0.003300,-22.1043,5.6081,0.4049,12815175,11573700,127344675
2025-12-29 13:37:32,25943.8,25950,2025-12-30,PE,46.55,9.02,-0.4677,0.003100,-23.4627,5.6103,-0.4111,11775000,6093900,324307575
2025-12-29 13:37:37,25941.05,25950,2025-12-30,CE,51.25,8.45,0.5263,0.003300,-22.0166,5.6158,0.3976,12815175,11573700,127651725
2025-12-29 13:37:37,25941.05,25950,2025-12-30,PE,47.45,9.06,-0.4753,0.003100,-23.6125,5.6173,-0.4178,11775000,6093900,324895725
2025-12-29 13:37:43,25937.75,25950,2025-12-30,CE,48.85,8.26,0.5214,0.003400,-21.5150,5.6194,0.3884,12815175,11573700,128438100
2025-12-29 13:37:43,25937.75,25950,2025-12-30,PE,50.2,9.28,-0.4807,0.003000,-24.1863,5.6210,-0.4256,11775000,6093900,325949625
2025-12-29 13:37:48,25937.35,25950,2025-12-30,CE,45.85,8.30,0.5057,0.003400,-21.6602,5.6258,0.3874,12815175,11573700,129194625
2025-12-29 13:37:48,25937.35,25950,2025-12-30,PE,54.5,9.40,-0.4948,0.003000,-24.5274,5.6259,-0.4263,11775000,6093900,327087600
2025-12-29 13:37:53,25936.65,25950,2025-12-30,CE,46.25,8.45,0.4929,0.003300,-22.0550,5.6244,0.3859,12815175,11573700,129999375
2025-12-29 13:37:53,25936.65,25950,2025-12-30,PE,53.9,9.31,-0.5063,0.003000,-24.2853,5.6246,-0.4281,11775000,6093900,328732500
2025-12-29 13:37:59,25935.85,25950,2025-12-30,CE,45.0,8.42,0.4902,0.003400,-21.9721,5.6233,0.3837,12815175,11573700,130392300
2025-12-29 13:37:59,25935.85,25950,2025-12-30,PE,55.75,9.34,-0.5087,0.003000,-24.3620,5.6236,-0.4300,11775000,6093900,329258475
2025-12-29 13:38:04,25935.0,25950,2025-12-30,CE,45.7,8.45,0.4859,0.003300,-22.0441,5.6210,0.3815,12815175,11573700,130747275
2025-12-29 13:38:04,25935.0,25950,2025-12-30,PE,54.3,9.37,-0.5126,0.003000,-24.4348,5.6217,-0.4319,11775000,6093900,330067575
2025-12-29 13:38:09,25937.85,25950,2025-12-30,CE,45.55,8.45,0.4859,0.003300,-22.0441,5.6210,0.3890,12815175,11573700,131017125
2025-12-29 13:38:09,25937.85,25950,2025-12-30,PE,54.65,9.37,-0.5126,0.003000,-24.4348,5.6217,-0.4251,11775000,6093900,330432075
2025-12-29 13:38:15,25939.25,25950,2025-12-30,CE,47.1,8.39,0.5009,0.003400,-21.9036,5.6252,0.3926,12815175,11573700,131469075
2025-12-29 13:38:15,25939.25,25950,2025-12-30,PE,52.5,9.26,-0.4990,0.003100,-24.1736,5.6252,-0.4219,11775000,6093900,331154250
2025-12-29 13:38:20,25939.8,25950,2025-12-30,CE,47.3,8.33,0.5023,0.003400,-21.7449,5.6250,0.3939,12815175,11573700,131667000
2025-12-29 13:38:20,25939.8,25950,2025-12-30,PE,52.2,9.38,-0.4978,0.003000,-24.4929,5.6250,-0.4204,11775000,6093900,331380900
2025-12-29 13:38:25,25937.4,25950,2025-12-30,CE,47.0,8.38,0.4999,0.003400,-21.8648,5.6248,0.3876,13354650,12113175,131879925
2025-12-29 13:38:25,25937.4,25950,2025-12-30,PE,52.9,9.34,-0.4999,0.003000,-24.3738,5.6248,-0.4261,11775000,6093900,331638600
2025-12-29 13:38:31,25935.7,25950,2025-12-30,CE,46.55,8.39,0.4979,0.003400,-21.9043,5.6245,0.3831,13354650,12113175,131999700
2025-12-29 13:38:31,25935.7,25950,2025-12-30,PE,53.55,9.31,-0.5017,0.003000,-24.2940,5.6245,-0.4303,10443300,4762200,331835700
2025-12-29 13:38:36,25938.05,25950,2025-12-30,CE,46.6,8.61,0.4878,0.003300,-22.4496,5.6211,0.3897,13354650,12113175,132128400
2025-12-29 13:38:36,25938.05,25950,2025-12-30,PE,53.4,9.16,-0.5114,0.003100,-23.8841,5.6214,-0.4248,10443300,4762200,332104500
2025-12-29 13:38:42,25935.95,25950,2025-12-30,CE,46.35,8.62,0.4881,0.003300,-22.4907,5.6211,0.3843,13354650,12113175,132291075
2025-12-29 13:38:42,25935.95,25950,2025-12-30,PE,53.9,9.19,-0.5110,0.003100,-23.9650,5.6215,-0.4299,10443300,4762200,332334900
2025-12-29 13:38:47,25937.2,25950,2025-12-30,CE,45.85,8.42,0.4939,0.003400,-21.9824,5.6232,0.3871,13354650,12113175,132472200
2025-12-29 13:38:47,25937.2,25950,2025-12-30,PE,54.8,9.41,-0.5053,0.003000,-24.5717,5.6234,-0.4264,10443300,4762200,332513100
2025-12-29 13:38:52,25937.95,25950,2025-12-30,CE,46.55,8.51,0.4876,0.003300,-22.2123,5.6206,0.3892,13354650,12113175,132644475
2025-12-29 13:38:52,25937.95,25950,2025-12-30,PE,53.5,9.35,-0.5111,0.003000,-24.4040,5.6211,-0.4247,10443300,4762200,332726325
2025-12-29 13:38:58,25938.8,25950,2025-12-30,CE,46.45,8.73,0.4847,0.003200,-22.7636,5.6188,0.3918,13354650,12113175,132793425
2025-12-29 13:38:58,25938.8,25950,2025-12-30,PE,53.95,9.09,-0.5146,0.003100,-23.7203,5.6192,-0.4230,10443300,4762200,332909925
2025-12-29 13:39:03,25937.15,25950,2025-12-30,CE,46.35,8.71,0.4847,0.003200,-22.7244,5.6186,0.3875,13354650,12113175,132899100
2025-12-29 13:39:03,25937.15,25950,2025-12-30,PE,54.25,9.05,-0.5147,0.003100,-23.6013,5.6190,-0.4271,10443300,4762200,333057225
2025-12-29 13:39:08,25937.35,25950,2025-12-30,CE,45.85,8.45,0.4932,0.003300,-22.0637,5.6224,0.3874,13354650,12113175,133051125
2025-12-29 13:39:08,25937.35,25950,2025-12-30,PE,54.6,9.43,-0.5059,0.003000,-24.6135,5.6226,-0.4259,10443300,4762200,333198075
2025-12-29 13:39:14,25936.05,25950,2025-12-30,CE,45.9,8.58,0.4874,0.003300,-22.3741,5.6197,0.3843,13354650,12113175,133236900
2025-12-29 13:39:14,25936.05,25950,2025-12-30,PE,55.05,9.28,-0.5115,0.003000,-24.2075,5.6202,-0.4293,10443300,4762200,333630900
2025-12-29 13:39:19,25935.5,25950,2025-12-30,CE,45.9,8.47,0.4889,0.003300,-22.0989,5.6203,0.3826,13354650,12113175,133331625
2025-12-29 13:39:19,25935.5,25950,2025-12-30,PE,54.95,9.49,-0.5097,0.003000,-24.7689,5.6208,-0.4301,10443300,4762200,333815100
2025-12-29 13:39:24,25936.05,25950,2025-12-30,CE,46.1,8.58,0.4844,0.003300,-22.3686,5.6177,0.3843,13354650,12113175,133484250
2025-12-29 13:39:24,25936.05,25950,2025-12-30,PE,55.25,9.41,-0.5140,0.003000,-24.5613,5.6185,-0.4290,10443300,4762200,334137525
2025-12-29 13:39:30,25933.55,25950,2025-12-30,CE,45.8,8.54,0.4870,0.003300,-22.2955,5.6190,0.3776,13354650,12113175,133611825
2025-12-29 13:39:30,25933.55,25950,2025-12-30,PE,56.15,9.52,-0.5115,0.003000,-24.8465,5.6197,-0.4346,10443300,4762200,334389825
2025-12-29 13:39:35,25932.45,25950,2025-12-30,CE,45.75,8.76,0.4735,0.003200,-22.8113,5.6085,0.3755,13354650,12113175,133987800
2025-12-29 13:39:35,25932.45,25950,2025-12-30,PE,57.05,9.52,-0.5242,0.003000,-24.8074,5.6106,-0.4371,10443300,4762200,335293800
2025-12-29 13:39:41,25933.65,25950,2025-12-30,CE,46.45,8.71,0.4785,0.003200,-22.7113,5.6130,0.3784,13354650,12113175,134150700
2025-12-29 13:39:41,25933.65,25950,2025-12-30,PE,56.4,9.52,-0.5195,0.003000,-24.8258,5.6144,-0.4343,10443300,4762200,335574750
2025-12-29 13:39:46,25933.0,25950,2025-12-30,CE,46.2,8.79,0.4797,0.003200,-22.9146,5.6138,0.3770,13354650,12113175,134245500
2025-12-29 13:39:46,25933.0,25950,2025-12-30,PE,56.6,9.49,-0.5187,0.003000,-24.7497,5.6149,-0.4359,10443300,4762200,335829675
2025-12-29 13:39:51,25933.3,25950,2025-12-30,CE,46.0,8.71,0.4811,0.003200,-22.7208,5.6147,0.3774,13354650,12113175,134354475
2025-12-29 13:39:51,25933.3,25950,2025-12-30,PE,57.45,9.63,-0.5169,0.002900,-25.1139,5.6160,-0.4348,10443300,4762200,336149025
2025-12-29 13:39:57,25932.6,25950,2025-12-30,CE,45.85,8.85,0.4741,0.003200,-23.0546,5.6085,0.3761,13354650,12113175,134499825
2025-12-29 13:39:57,25932.6,25950,2025-12-30,PE,57.9,9.55,-0.5238,0.003000,-24.8911,5.6103,-0.4366,10443300,4762200,336535125
2025-12-29 13:40:02,25932.1,25950,2025-12-30,CE,45.4,8.76,0.4783,0.003200,-22.8324,5.6122,0.3745,13354650,12113175,134808750
2025-12-29 13:40:02,25932.1,25950,2025-12-30,PE,58.85,9.67,-0.5194,0.002900,-25.2264,5.6138,-0.4374,10443300,4762200,337169250
2025-12-29 13:40:08,25933.05,25950,2025-12-30,CE,45.75,8.85,0.4738,0.003200,-23.0546,5.6079,0.3772,13354650,12113175,134989725
2025-12-29 13:40:08,25933.05,25950,2025-12-30,PE,58.7,9.64,-0.5239,0.002900,-25.1308,5.6099,-0.4353,10443300,4762200,337923525
2025-12-29 13:40:13,25934.7,25950,2025-12-30,CE,45.9,8.91,0.4724,0.003200,-23.2082,5.6063,0.3815,13354650,12113175,135153750
2025-12-29 13:40:13,25934.7,25950,2025-12-30,PE,58.25,9.58,-0.5255,0.002900,-24.9655,5.6083,-0.4316,10443300,4762200,338464425
2025-12-29 13:40:18,25934.7,25950,2025-12-30,CE,45.6,8.91,0.4727,0.003200,-23.2102,5.6065,0.3815,13354650,12113175,135313200
2025-12-29 13:40:18,25934.7,25950,2025-12-30,PE,59.5,9.58,-0.5252,0.002900,-24.9674,5.6084,-0.4316,10443300,4762200,338844000
2025-12-29 13:40:24,25935.85,25950,2025-12-30,CE,46.1,8.87,0.4761,0.003200,-23.1057,5.6095,0.3842,13354650,12113175,135595500
2025-12-29 13:40:24,25935.85,25950,2025-12-30,PE,58.05,9.61,-0.5219,0.002900,-25.0617,5.6111,-0.4288,10443300,4762200,339465150
2025-12-29 13:40:29,25934.7,25950,2025-12-30,CE,45.65,8.87,0.4767,0.003200,-23.1087,5.6099,0.3813,13354650,12113175,135768825
2025-12-29 13:40:29,25934.7,25950,2025-12-30,PE,59.2,9.69,-0.5212,0.002900,-25.2642,5.6116,-0.4313,10443300,4762200,339735075
2025-12-29 13:40:34,25933.6,25950,2025-12-30,CE,45.75,8.94,0.4674,0.003200,-23.2675,5.5999,0.3787,13354650,12113175,135909525
2025-12-29 13:40:34,25933.6,25950,2025-12-30,PE,59.05,9.78,-0.5296,0.002900,-25.4662,5.6032,-0.4335,10443300,4762200,340265925
2025-12-29 13:40:40,25934.3,25950,2025-12-30,CE,45.35,8.99,0.4682,0.003100,-23.3912,5.6008,0.3806,13354650,12113175,136022925
2025-12-29 13:40:40,25934.3,25950,2025-12-30,PE,59.6,9.61,-0.5296,0.002900,-25.0301,5.6031,-0.4323,10443300,4762200,340532550
2025-12-29 13:40:45,25933.95,25950,2025-12-30,CE,45.35,8.88,0.4726,0.003200,-23.1341,5.6055,0.3794,13354650,12113175,136147125
2025-12-29 13:40:45,25933.95,25950,2025-12-30,PE,58.95,9.70,-0.5249,0.002900,-25.2909,5.6078,-0.4329,10443300,4762200,341030700
2025-12-29 13:40:50,25932.4,25950,2025-12-30,CE,45.25,8.88,0.4726,0.003200,-23.1347,5.6053,0.3755,13354650,12113175,136285650
2025-12-29 13:40:50,25932.4,25950,2025-12-30,PE,59.3,9.57,-0.5253,0.003000,-24.9321,5.6073,-0.4368,10443300,4762200,341372100
2025-12-29 13:40:56,25931.15,25950,2025-12-30,CE,45.0,8.80,0.4746,0.003200,-22.9448,5.6072,0.3720,13354650,12113175,136464525
2025-12-29 13:40:56,25931.15,25950,2025-12-30,PE,59.5,9.75,-0.5228,0.002900,-25.4205,5.6095,-0.4391,10443300,4762200,341585775
2025-12-29 13:41:01,25931.9,25950,2025-12-30,CE,45.4,8.79,0.4733,0.003200,-22.9002,5.6057,0.3739,13354650,12113175,136562625
2025-12-29 13:41:01,25931.9,25950,2025-12-30,PE,59.1,9.74,-0.5240,0.002900,-25.3765,5.6082,-0.4374,10443300,4762200,341860350
2025-12-29 13:41:07,25933.0,25950,2025-12-30,CE,45.95,9.00,0.4664,0.003100,-23.4248,5.5978,0.3773,13354650,12113175,136712400
2025-12-29 13:41:07,25933.0,25950,2025-12-30,PE,58.2,9.51,-0.5317,0.003000,-24.7446,5.5999,-0.4355,10443300,4762200,342152400
2025-12-29 13:41:12,25932.3,25950,2025-12-30,CE,45.95,9.00,0.4699,0.003100,-23.4426,5.6017,0.3755,13354650,12113175,136911150
2025-12-29 13:41:12,25932.3,25950,2025-12-30,PE,58.15,9.49,-0.5285,0.003000,-24.7217,5.6034,-0.4372,10443300,4762200,342422100
2025-12-29 13:41:18,25933.3,25950,2025-12-30,CE,45.6,8.79,0.4765,0.003200,-22.9146,5.6083,0.3773,13354650,12113175,137037450
2025-12-29 13:41:18,25933.3,25950,2025-12-30,PE,58.7,9.70,-0.5211,0.002900,-25.3102,5.6102,-0.4343,10443300,4762200,342616725
2025-12-29 13:41:23,25932.0,25950,2025-12-30,CE,45.25,8.91,0.4702,0.003200,-23.2070,5.6018,0.3745,13354650,12113175,137180175
2025-12-29 13:41:23,25932.0,25950,2025-12-30,PE,59.15,9.66,-0.5274,0.002900,-25.1653,5.6043,-0.4373,10443300,4762200,342877650
2025-12-29 13:41:29,25933.9,25950,2025-12-30,CE,45.25,9.00,0.4664,0.003100,-23.4272,5.5972,0.3794,13354650,12113175,137234700
2025-12-29 13:41:29,25933.9,25950,2025-12-30,PE,59.2,9.51,-0.5317,0.003000,-24.7472,5.5993,-0.4333,10443300,4762200,343228125
2025-12-29 13:41:34,25934.25,25950,2025-12-30,CE,46.9,8.94,0.4693,0.003200,-23.2843,5.6004,0.3801,14545650,13304175,137694900
2025-12-29 13:41:34,25934.25,25950,2025-12-30,PE,56.5,9.52,-0.5287,0.003000,-24.8035,5.6024,-0.4324,9596100,3915000,343887600
2025-12-29 13:41:40,25935.15,25950,2025-12-30,CE,46.35,8.83,0.4814,0.003200,-23.0535,5.6116,0.3821,14545650,13304175,137824950
2025-12-29 13:41:40,25935.15,25950,2025-12-30,PE,57.25,9.55,-0.5171,0.003000,-24.9292,5.6125,-0.4302,9596100,3915000,344193075
2025-12-29 13:41:45,25933.55,25950,2025-12-30,CE,45.35,8.68,0.4840,0.003300,-22.6631,5.6132,0.3775,14545650,13304175,137982900
2025-12-29 13:41:45,25933.55,25950,2025-12-30,PE,58.55,9.70,-0.5141,0.002900,-25.3362,5.6142,-0.4336,9596100,3915000,344423625
2025-12-29 13:41:50,25933.3,25950,2025-12-30,CE,45.35,8.82,0.4733,0.003200,-22.9863,5.6043,0.3773,14545650,13304175,138092550
2025-12-29 13:41:50,25933.3,25950,2025-12-30,PE,58.6,9.61,-0.5243,0.002900,-25.0638,5.6064,-0.4344,9596100,3915000,344691750
2025-12-29 13:41:56,25933.75,25950,2025-12-30,CE,45.4,8.76,0.4744,0.003200,-22.8322,5.6053,0.3782,14545650,13304175,138266475
2025-12-29 13:41:56,25933.75,25950,2025-12-30,PE,58.6,9.70,-0.5229,0.002900,-25.3088,5.6076,-0.4331,9596100,3915000,344868900
2025-12-29 13:42:01,25934.1,25950,2025-12-30,CE,45.25,8.76,0.4764,0.003200,-22.8403,5.6069,0.3791,14545650,13304175,138348225
2025-12-29 13:42:01,25934.1,25950,2025-12-30,PE,58.6,9.74,-0.5211,0.002900,-25.3961,5.6089,-0.4321,9596100,3915000,345055350
2025-12-29 13:42:07,25935.2,25950,2025-12-30,CE,45.55,8.73,0.4763,0.003200,-22.7610,5.6067,0.3818,14545650,13304175,138434850
2025-12-29 13:42:07,25935.2,25950,2025-12-30,PE,58.1,9.74,-0.5211,0.002900,-25.3968,5.6088,-0.4296,9596100,3915000,345174225
2025-12-29 13:42:12,25934.85,25950,2025-12-30,CE,45.75,8.83,0.4734,0.003200,-23.0288,5.6037,0.3812,14545650,13304175,138511125
2025-12-29 13:42:12,25934.85,25950,2025-12-30,PE,57.9,9.57,-0.5244,0.003000,-24.9467,5.6057,-0.4308,9596100,3915000,345289575
2025-12-29 13:42:17,25935.0,25950,2025-12-30,CE,45.5,8.71,0.4792,0.003200,-22.7324,5.6088,0.3812,14545650,13304175,138589800
2025-12-29 13:42:17,25935.0,25950,2025-12-30,PE,58.4,9.75,-0.5184,0.002900,-25.4473,5.6105,-0.4300,9596100,3915000,345403275
2025-12-29 13:42:23,25935.55,25950,2025-12-30,CE,45.45,8.73,0.4786,0.003200,-22.7708,5.6082,0.3826,14545650,13304175,138671700
2025-12-29 13:42:23,25935.55,25950,2025-12-30,PE,58.45,9.67,-0.5192,0.002900,-25.2464,5.6098,-0.4289,9596100,3915000,345493350
2025-12-29 13:42:28,25935.15,25950,2025-12-30,CE,45.8,8.73,0.4776,0.003200,-22.7681,5.6072,0.3816,14545650,13304175,138718950
2025-12-29 13:42:28,25935.15,25950,2025-12-30,PE,58.05,9.72,-0.5199,0.002900,-25.3638,5.6091,-0.4297,9596100,3915000,345584175
2025-12-29 13:42:33,25934.1,25950,2025-12-30,CE,46.0,8.97,0.4704,0.003200,-23.3756,5.5999,0.3796,14545650,13304175,138784800
2025-12-29 13:42:33,25934.1,25950,2025-12-30,PE,57.75,9.41,-0.5282,0.003000,-24.5352,5.6014,-0.4328,9596100,3915000,345641400
2025-12-29 13:42:39,25935.95,25950,2025-12-30,CE,45.75,8.76,0.4793,0.003200,-22.8546,5.6083,0.3837,14545650,13304175,138847500
2025-12-29 13:42:39,25935.95,25950,2025-12-30,PE,58.1,9.66,-0.5186,0.002900,-25.2104,5.6098,-0.4279,9596100,3915000,345723000
2025-12-29 13:42:44,25936.1,25950,2025-12-30,CE,45.5,8.74,0.4799,0.003200,-22.8180,5.6085,0.3840,14545650,13304175,139015350
2025-12-29 13:42:44,25936.1,25950,2025-12-30,PE,58.4,9.74,-0.5179,0.002900,-25.4133,5.6100,-0.4274,9596100,3915000,345884325
2025-12-29 13:42:50,25936.75,25950,2025-12-30,CE,45.7,8.76,0.4773,0.003200,-22.8499,5.6063,0.3856,14545650,13304175,139075500
2025-12-29 13:42:50,25936.75,25950,2025-12-30,PE,57.95,9.70,-0.5203,0.002900,-25.3263,5.6081,-0.4259,9596100,3915000,345942600
2025-12-29 13:42:55,25936.9,25950,2025-12-30,CE,45.9,8.87,0.4741,0.003200,-23.1169,5.6031,0.3862,14545650,13304175,139123125
2025-12-29 13:42:55,25936.9,25950,2025-12-30,PE,57.85,9.57,-0.5238,0.003000,-24.9551,5.6049,-0.4258,9596100,3915000,346005600
2025-12-29 13:43:00,25935.65,25950,2025-12-30,CE,46.05,8.76,0.4783,0.003200,-22.8545,5.6068,0.3828,14545650,13304175,139179300
2025-12-29 13:43:00,25935.65,25950,2025-12-30,PE,57.5,9.64,-0.5195,0.002900,-25.1709,5.6083,-0.4286,9596100,3915000,346101450
2025-12-29 13:43:06,25936.8,25950,2025-12-30,CE,45.8,8.74,0.4796,0.003200,-22.8195,5.6076,0.3857,14545650,13304175,139238775
2025-12-29 13:43:06,25936.8,25950,2025-12-30,PE,57.7,9.74,-0.5182,0.002900,-25.4151,5.6092,-0.4257,9596100,3915000,346198200
2025-12-29 13:43:11,25937.2,25950,2025-12-30,CE,45.7,8.79,0.4787,0.003200,-22.9367,5.6068,0.3868,14545650,13304175,139298400
2025-12-29 13:43:11,25937.2,25950,2025-12-30,PE,57.85,9.63,-0.5193,0.002900,-25.1334,5.6082,-0.4249,9596100,3915000,346347225
2025-12-29 13:43:16,25937.45,25950,2025-12-30,CE,46.0,8.79,0.4784,0.003200,-22.9362,5.6064,0.3874,14545650,13304175,139336800
2025-12-29 13:43:16,25937.45,25950,2025-12-30,PE,57.75,9.67,-0.5195,0.002900,-25.2529,5.6079,-0.4243,9596100,3915000,346411575
2025-12-29 13:43:22,25938.85,25950,2025-12-30,CE,45.85,8.83,0.4782,0.003200,-23.0556,5.6060,0.3910,14545650,13304175,139389825
2025-12-29 13:43:22,25938.85,25950,2025-12-30,PE,57.65,9.58,-0.5200,0.003000,-25.0129,5.6074,-0.4211,9596100,3915000,346471275
2025-12-29 13:43:27,25940.95,25950,2025-12-30,CE,46.5,8.82,0.4769,0.003200,-23.0117,5.6048,0.3962,14545650,13304175,139459650
2025-12-29 13:43:27,25940.95,25950,2025-12-30,PE,56.7,9.60,-0.5211,0.002900,-25.0493,5.6063,-0.4162,9596100,3915000,346657875
2025-12-29 13:43:33,25937.75,25950,2025-12-30,CE,46.25,8.85,0.4801,0.003200,-23.1031,5.6073,0.3882,14545650,13304175,139552500
2025-12-29 13:43:33,25937.75,25950,2025-12-30,PE,57.25,9.52,-0.5183,0.003000,-24.8604,5.6084,-0.4238,9596100,3915000,346830225
2025-12-29 13:43:38,25939.6,25950,2025-12-30,CE,46.25,8.76,0.4812,0.003200,-22.8681,5.6080,0.3927,14545650,13304175,139616850
2025-12-29 13:43:38,25939.6,25950,2025-12-30,PE,57.45,9.64,-0.5169,0.002900,-25.1842,5.6092,-0.4193,9596100,3915000,346893000
2025-12-29 13:43:43,25939.55,25950,2025-12-30,CE,46.45,8.76,0.4799,0.003200,-22.8647,5.6069,0.3926,14545650,13304175,139716900
2025-12-29 13:43:43,25939.55,25950,2025-12-30,PE,56.95,9.67,-0.5180,0.002900,-25.2611,5.6083,-0.4193,9596100,3915000,346980750
2025-12-29 13:43:49,25939.2,25950,2025-12-30,CE,46.6,8.74,0.4828,0.003200,-22.8340,5.6088,0.3916,14545650,13304175,139797450
2025-12-29 13:43:49,25939.2,25950,2025-12-30,PE,56.55,9.58,-0.5155,0.003000,-25.0301,5.6098,-0.4202,9596100,3915000,347119950
2025-12-29 13:43:54,25939.65,25950,2025-12-30,CE,46.5,8.82,0.4801,0.003200,-23.0263,5.6065,0.3928,14545650,13304175,139959975
2025-12-29 13:43:54,25939.65,25950,2025-12-30,PE,57.0,9.61,-0.5181,0.002900,-25.1034,5.6077,-0.4191,9596100,3915000,347325000
2025-12-29 13:44:00,25937.65,25950,2025-12-30,CE,46.25,8.71,0.4844,0.003300,-22.7602,5.6094,0.3875,14545650,13304175,140062275
2025-12-29 13:44:00,25937.65,25950,2025-12-30,PE,57.45,9.72,-0.5138,0.002900,-25.3953,5.6103,-0.4236,9596100,3915000,347411625
2025-12-29 13:44:05,25936.9,25950,2025-12-30,CE,46.25,8.74,0.4818,0.003200,-22.8337,5.6075,0.3857,14545650,13304175,140130900
2025-12-29 13:44:05,25936.9,25950,2025-12-30,PE,57.5,9.69,-0.5162,0.002900,-25.3098,5.6087,-0.4253,9596100,3915000,347523675
2025-12-29 13:44:11,25938.75,25950,2025-12-30,CE,46.4,8.73,0.4818,0.003200,-22.7944,5.6073,0.3904,14545650,13304175,140213400
2025-12-29 13:44:11,25938.75,25950,2025-12-30,PE,56.95,9.70,-0.5162,0.002900,-25.3504,5.6086,-0.4210,9596100,3915000,347603775
2025-12-29 13:44:16,25938.0,25950,2025-12-30,CE,46.8,8.79,0.4816,0.003200,-22.9538,5.6071,0.3885,14545650,13304175,140307075
2025-12-29 13:44:16,25938.0,25950,2025-12-30,PE,56.4,9.58,-0.5167,0.003000,-25.0307,5.6081,-0.4229,9596100,3915000,347693700
2025-12-29 13:44:22,25938.8,25950,2025-12-30,CE,46.55,8.76,0.4848,0.003200,-22.8833,5.6090,0.3905,14545650,13304175,140413050
2025-12-29 13:44:22,25938.8,25950,2025-12-30,PE,56.65,9.60,-0.5137,0.003000,-25.0794,5.6098,-0.4210,9596100,3915000,347802450
2025-12-29 13:44:27,25940.45,25950,2025-12-30,CE,46.8,8.85,0.4817,0.003200,-23.1149,5.6068,0.3948,14545650,13304175,140523525
2025-12-29 13:44:27,25940.45,25950,2025-12-30,PE,56.1,9.48,-0.5169,0.003000,-24.7525,5.6077,-0.4172,9596100,3915000,348032775
2025-12-29 13:44:32,25939.8,25950,2025-12-30,CE,46.6,8.76,0.4848,0.003200,-22.8845,5.6087,0.3930,15086625,13845150,140626200
2025-12-29 13:44:32,25939.8,25950,2025-12-30,PE,56.5,9.55,-0.5138,0.003000,-24.9610,5.6094,-0.4187,9584175,3903075,348119475
2025-12-29 13:44:38,25941.65,25950,2025-12-30,CE,46.55,8.76,0.4819,0.003200,-22.8773,5.6066,0.3977,15086625,13845150,140752200
2025-12-29 13:44:38,25941.65,25950,2025-12-30,PE,56.4,9.61,-0.5164,0.002900,-25.1142,5.6077,-0.4143,9584175,3903075,348207225
2025-12-29 13:44:43,25937.7,25950,2025-12-30,CE,46.6,8.82,0.4823,0.003200,-23.0387,5.6068,0.3877,15086625,13845150,140842800
2025-12-29 13:44:43,25937.7,25950,2025-12-30,PE,56.35,9.49,-0.5163,0.003000,-24.7962,5.6076,-0.4236,9584175,3903075,348308550
2025-12-29 13:44:48,25938.75,25950,2025-12-30,CE,46.5,8.71,0.4847,0.003300,-22.7665,5.6082,0.3902,15086625,13845150,140903925
2025-12-29 13:44:48,25938.75,25950,2025-12-30,PE,56.5,9.66,-0.5136,0.002900,-25.2425,5.6091,-0.4209,9584175,3903075,348368100
2025-12-29 13:44:54,25939.15,25950,2025-12-30,CE,46.35,8.73,0.4847,0.003200,-22.8071,5.6080,0.3912,15086625,13845150,140965725
2025-12-29 13:44:54,25939.15,25950,2025-12-30,PE,56.7,9.63,-0.5137,0.002900,-25.1633,5.6089,-0.4200,9584175,3903075,348421725
2025-12-29 13:44:59,25939.7,25950,2025-12-30,CE,46.35,8.97,0.4763,0.003200,-23.4197,5.6014,0.3929,15086625,13845150,141142125
2025-12-29 13:44:59,25939.7,25950,2025-12-30,PE,56.35,9.32,-0.5227,0.003000,-24.3393,5.6022,-0.4191,9584175,3903075,348537375
2025-12-29 13:45:06,25939.4,25950,2025-12-30,CE,46.35,8.67,0.4865,0.003300,-22.6538,5.6086,0.3917,15086625,13845150,141243975
2025-12-29 13:45:06,25939.4,25950,2025-12-30,PE,56.5,9.63,-0.5119,0.002900,-25.1695,5.6093,-0.4194,9584175,3903075,348643575
2025-12-29 13:45:11,25939.1,25950,2025-12-30,CE,46.85,8.68,0.4849,0.003300,-22.6905,5.6076,0.3909,15086625,13845150,141397500
2025-12-29 13:45:11,25939.1,25950,2025-12-30,PE,55.55,9.64,-0.5134,0.002900,-25.2067,5.6084,-0.4200,9584175,3903075,348827100
2025-12-29 13:45:17,25940.5,25950,2025-12-30,CE,46.75,8.64,0.4908,0.003300,-22.5831,5.6103,0.3944,15086625,13845150,141581700
2025-12-29 13:45:17,25940.5,25950,2025-12-30,PE,55.95,9.64,-0.5081,0.002900,-25.2181,5.6107,-0.4168,9584175,3903075,348995175
2025-12-29 13:45:22,25939.2,25950,2025-12-30,CE,46.4,8.85,0.4811,0.003200,-23.1198,5.6047,0.3914,15086625,13845150,141664275
2025-12-29 13:45:22,25939.2,25950,2025-12-30,PE,56.3,9.41,-0.5177,0.003000,-24.5982,5.6055,-0.4201,9584175,3903075,349117050
2025-12-29 13:45:27,25943.05,25950,2025-12-30,CE,46.7,8.99,0.4757,0.003200,-23.4605,5.6001,0.4011,15086625,13845150,141712725
2025-12-29 13:45:27,25943.05,25950,2025-12-30,PE,55.9,9.28,-0.5234,0.003100,-24.2203,5.6008,-0.4109,9584175,3903075,349229100
2025-12-29 13:45:33,25939.2,25950,2025-12-30,CE,46.75,8.62,0.4891,0.003300,-22.5422,5.6092,0.3910,15086625,13845150,141776925
2025-12-29 13:45:33,25939.2,25950,2025-12-30,PE,55.75,9.63,-0.5096,0.002900,-25.1777,5.6096,-0.4197,9584175,3903075,349306650
2025-12-29 13:45:38,25941.4,25950,2025-12-30,CE,46.6,8.67,0.4898,0.003300,-22.6638,5.6093,0.3967,15086625,13845150,141881475
2025-12-29 13:45:38,25941.4,25950,2025-12-30,PE,56.05,9.61,-0.5090,0.002900,-25.1395,5.6097,-0.4146,9584175,3903075,349421475
2025-12-29 13:45:43,25942.15,25950,2025-12-30,CE,47.25,8.67,0.4888,0.003300,-22.6626,5.6087,0.3986,15086625,13845150,141977400
2025-12-29 13:45:43,25942.15,25950,2025-12-30,PE,55.15,9.60,-0.5099,0.003000,-25.0986,5.6092,-0.4129,9584175,3903075,349719075
2025-12-29 13:45:49,25943.85,25950,2025-12-30,CE,47.2,8.70,0.4912,0.003300,-22.7470,5.6096,0.4030,15086625,13845150,142074675
2025-12-29 13:45:49,25943.85,25950,2025-12-30,PE,55.05,9.52,-0.5079,0.003000,-24.9032,5.6098,-0.4089,9584175,3903075,349888350
2025-12-29 13:45:54,25944.3,25950,2025-12-30,CE,47.7,8.93,0.4857,0.003200,-23.3360,5.6067,0.4041,15086625,13845150,142332000
2025-12-29 13:45:54,25944.3,25950,2025-12-30,PE,54.0,9.22,-0.5138,0.003100,-24.0950,5.6069,-0.4078,9584175,3903075,350382900
2025-12-29 13:45:59,25943.75,25950,2025-12-30,CE,47.9,8.62,0.4976,0.003300,-22.5562,5.6108,0.4027,15086625,13845150,142449375
2025-12-29 13:45:59,25943.75,25950,2025-12-30,PE,54.0,9.55,-0.5019,0.003000,-24.9916,5.6109,-0.4091,9584175,3903075,350519475
2025-12-29 13:46:05,25943.95,25950,2025-12-30,CE,48.15,8.82,0.4910,0.003200,-23.0684,5.6089,0.4032,15086625,13845150,142677300
2025-12-29 13:46:05,25943.95,25950,2025-12-30,PE,53.75,9.38,-0.5084,0.003000,-24.5460,5.6091,-0.4086,9584175,3903075,350660925
2025-12-29 13:46:10,25946.15,25950,2025-12-30,CE,48.8,8.56,0.5029,0.003300,-22.3989,5.6108,0.4089,15086625,13845150,142807200
2025-12-29 13:46:10,25946.15,25950,2025-12-30,PE,53.0,9.63,-0.4972,0.002900,-25.1938,5.6108,-0.4035,9584175,3903075,350956575
2025-12-29 13:46:16,25944.3,25950,2025-12-30,CE,48.7,8.54,0.5059,0.003300,-22.3585,5.6104,0.4040,15086625,13845150,142994700
2025-12-29 13:46:16,25944.3,25950,2025-12-30,PE,53.3,9.54,-0.4945,0.003000,-24.9540,5.6105,-0.4077,9584175,3903075,351151800
2025-12-29 13:46:21,25947.5,25950,2025-12-30,CE,48.7,8.59,0.5039,0.003300,-22.4797,5.6105,0.4123,15086625,13845150,143130825
2025-12-29 13:46:21,25947.5,25950,2025-12-30,PE,53.3,9.57,-0.4963,0.003000,-25.0353,5.6105,-0.4003,9584175,3903075,351276075
2025-12-29 13:46:26,25947.55,25950,2025-12-30,CE,48.95,8.58,0.5042,0.003300,-22.4403,5.6103,0.4124,15086625,13845150,143251575
2025-12-29 13:46:26,25947.55,25950,2025-12-30,PE,53.1,9.58,-0.4960,0.003000,-25.0758,5.6103,-0.4001,9584175,3903075,351389250
2025-12-29 13:46:32,25946.1,25950,2025-12-30,CE,49.0,8.61,0.5055,0.003300,-22.5202,5.6100,0.4086,15086625,13845150,143465700
2025-12-29 13:46:32,25946.1,25950,2025-12-30,PE,52.6,9.57,-0.4948,0.003000,-25.0361,5.6100,-0.4035,9584175,3903075,351529350
2025-12-29 13:46:37,25946.15,25950,2025-12-30,CE,49.1,8.74,0.5009,0.003200,-22.8811,5.6101,0.4086,15086625,13845150,143608500
2025-12-29 13:46:37,25946.15,25950,2025-12-30,PE,52.9,9.40,-0.4990,0.003000,-24.5982,5.6101,-0.4033,9584175,3903075,351644850
2025-12-29 13:46:43,25948.3,25950,2025-12-30,CE,49.0,8.62,0.5052,0.003300,-22.5615,5.6097,0.4142,15086625,13845150,143760450
2025-12-29 13:46:43,25948.3,25950,2025-12-30,PE,53.0,9.57,-0.4951,0.003000,-25.0375,5.6098,-0.3983,9584175,3903075,351745650
2025-12-29 13:46:48,25947.95,25950,2025-12-30,CE,49.2,8.61,0.5065,0.003300,-22.5214,5.6094,0.4133,15086625,13845150,143866575
2025-12-29 13:46:48,25947.95,25950,2025-12-30,PE,52.7,9.57,-0.4939,0.003000,-25.0376,5.6095,-0.3991,9584175,3903075,351826125
2025-12-29 13:46:53,25948.65,25950,2025-12-30,CE,49.3,8.79,0.5009,0.003200,-23.0027,5.6096,0.4149,15086625,13845150,144143550
2025-12-29 13:46:53,25948.65,25950,2025-12-30,PE,52.35,9.40,-0.4990,0.003000,-24.6002,5.6096,-0.3973,9584175,3903075,351940425
2025-12-29 13:46:59,25950.45,25950,2025-12-30,CE,50.4,8.80,0.5010,0.003200,-23.0433,5.6095,0.4194,15086625,13845150,144723450
2025-12-29 13:46:59,25950.45,25950,2025-12-30,PE,51.2,9.31,-0.4990,0.003000,-24.3612,5.6095,-0.3928,9584175,3903075,352315200
2025-12-29 13:47:04,25949.75,25950,2025-12-30,CE,51.2,8.53,0.5192,0.003300,-22.3039,5.6040,0.4181,15086625,13845150,145003425
2025-12-29 13:47:04,25949.75,25950,2025-12-30,PE,50.5,9.52,-0.4826,0.003000,-24.9026,5.6052,-0.3948,9584175,3903075,352695150
2025-12-29 13:47:10,25949.0,25950,2025-12-30,CE,49.8,8.87,0.5042,0.003200,-23.2046,5.6089,0.4156,15086625,13845150,145560225
2025-12-29 13:47:10,25949.0,25950,2025-12-30,PE,51.6,9.23,-0.4959,0.003100,-24.1633,5.6089,-0.3962,9584175,3903075,353301150
2025-12-29 13:47:15,25949.55,25950,2025-12-30,CE,50.15,8.64,0.5111,0.003300,-22.6004,5.6074,0.4173,15086625,13845150,145689525
2025-12-29 13:47:15,25949.55,25950,2025-12-30,PE,51.25,9.48,-0.4897,0.003000,-24.7980,5.6077,-0.3952,9584175,3903075,353397675
2025-12-29 13:47:20,25947.35,25950,2025-12-30,CE,49.95,8.64,0.5118,0.003300,-22.6001,5.6070,0.4116,15086625,13845150,145804125
2025-12-29 13:47:20,25947.35,25950,2025-12-30,PE,51.55,9.43,-0.4891,0.003000,-24.6779,5.6073,-0.4003,9584175,3903075,353523225
2025-12-29 13:47:26,25944.0,25950,2025-12-30,CE,49.9,8.62,0.5115,0.003300,-22.5613,5.6069,0.4029,15086625,13845150,145894125
2025-12-29 13:47:26,25944.0,25950,2025-12-30,PE,51.6,9.49,-0.4894,0.003000,-24.8389,5.6073,-0.4082,9584175,3903075,353629275
2025-12-29 13:47:31,25947.2,25950,2025-12-30,CE,49.9,9.06,0.4947,0.003100,-23.7229,5.6075,0.4108,14999475,13758000,146024175
2025-12-29 13:47:31,25947.2,25950,2025-12-30,PE,51.7,9.03,-0.5053,0.003100,-23.6430,5.6075,-0.4003,9876525,4195425,353841300
2025-12-29 13:47:37,25946.4,25950,2025-12-30,CE,49.9,8.64,0.5108,0.003300,-22.6033,5.6069,0.4091,14999475,13758000,146103900
2025-12-29 13:47:37,25946.4,25950,2025-12-30,PE,51.9,9.49,-0.4900,0.003000,-24.8410,5.6071,-0.4025,9876525,4195425,353952150
2025-12-29 13:47:42,25948.6,25950,2025-12-30,CE,50.35,8.97,0.5010,0.003200,-23.4883,5.6081,0.4143,14999475,13758000,146228700
2025-12-29 13:47:42,25948.6,25950,2025-12-30,PE,51.55,9.19,-0.4990,0.003100,-24.0475,5.6081,-0.3970,9876525,4195425,354064575
2025-12-29 13:47:47,25946.35,25950,2025-12-30,CE,50.1,8.65,0.5121,0.003300,-22.6427,5.6061,0.4089,14999475,13758000,146370450
2025-12-29 13:47:47,25946.35,25950,2025-12-30,PE,51.75,9.48,-0.4888,0.003000,-24.8008,5.6065,-0.4026,9876525,4195425,354162375
2025-12-29 13:47:53,25946.6,25950,2025-12-30,CE,50.1,8.90,0.5022,0.003200,-23.2899,5.6078,0.4094,14999475,13758000,146432925
2025-12-29 13:47:53,25946.6,25950,2025-12-30,PE,51.75,9.29,-0.4978,0.003100,-24.3286,5.6078,-0.4018,9876525,4195425,354229950
2025-12-29 13:47:58,25946.4,25950,2025-12-30,CE,50.25,8.83,0.5051,0.003200,-23.1300,5.6075,0.4089,14999475,13758000,146502375
2025-12-29 13:47:58,25946.4,25950,2025-12-30,PE,51.7,9.29,-0.4978,0.003100,-24.3286,5.6078,-0.4023,9876525,4195425,354350175
2025-12-29 13:48:04,25945.9,25950,2025-12-30,CE,50.1,8.73,0.5097,0.003300,-22.8473,5.6064,0.4076,14999475,13758000,146553825
2025-12-29 13:48:04,25945.9,25950,2025-12-30,PE,51.7,9.45,-0.4909,0.003000,-24.7255,5.6066,-0.4035,9876525,4195425,354407925
2025-12-29 13:48:09,25947.85,25950,2025-12-30,CE,50.45,8.85,0.5042,0.003200,-23.1716,5.6073,0.4125,14999475,13758000,146653575
2025-12-29 13:48:09,25947.85,25950,2025-12-30,PE,51.15,9.32,-0.4959,0.003000,-24.4101,5.6073,-0.3988,9876525,4195425,354534525
2025-12-29 13:48:14,25948.85,25950,2025-12-30,CE,50.4,8.99,0.5010,0.003200,-23.5321,5.6072,0.4148,14999475,13758000,146727900
2025-12-29 13:48:14,25948.85,25950,2025-12-30,PE,51.0,9.14,-0.4990,0.003100,-23.9316,5.6072,-0.3962,9876525,4195425,354673575
2025-12-29 13:48:20,25947.35,25950,2025-12-30,CE,51.25,8.64,0.5174,0.003300,-22.5974,5.6027,0.4114,14999475,13758000,147025800
2025-12-29 13:48:20,25947.35,25950,2025-12-30,PE,50.3,9.46,-0.4840,0.003000,-24.7568,5.6035,-0.4001,9876525,4195425,355192650
2025-12-29 13:48:25,25949.15,25950,2025-12-30,CE,51.05,8.94,0.5073,0.003200,-23.4120,5.6062,0.4156,14999475,13758000,147148275
2025-12-29 13:48:25,25949.15,25950,2025-12-30,PE,50.55,9.16,-0.4928,0.003100,-23.9715,5.6063,-0.3954,9876525,4195425,355326375
2025-12-29 13:48:30,25948.75,25950,2025-12-30,CE,50.7,8.91,0.5070,0.003200,-23.3330,5.6061,0.4146,14999475,13758000,147219525
2025-12-29 13:48:30,25948.75,25950,2025-12-30,PE,51.0,9.20,-0.4931,0.003100,-24.0923,5.6062,-0.3964,9876525,4195425,355412550
2025-12-29 13:48:36,25946.95,25950,2025-12-30,CE,50.85,8.67,0.5140,0.003300,-22.6856,5.6038,0.4102,14999475,13758000,147290925
2025-12-29 13:48:36,25946.95,25950,2025-12-30,PE,50.8,9.43,-0.4869,0.003000,-24.6846,5.6043,-0.4009,9876525,4195425,355503225
2025-12-29 13:48:41,25948.15,25950,2025-12-30,CE,51.25,8.68,0.5153,0.003300,-22.7239,5.6031,0.4133,14999475,13758000,147336375
2025-12-29 13:48:41,25948.15,25950,2025-12-30,PE,50.25,9.45,-0.4858,0.003000,-24.7232,5.6037,-0.3981,9876525,4195425,355619100
2025-12-29 13:48:47,25949.8,25950,2025-12-30,CE,51.5,8.87,0.5106,0.003200,-23.2114,5.6048,0.4172,14999475,13758000,147426450
2025-12-29 13:48:47,25949.8,25950,2025-12-30,PE,50.0,9.25,-0.4898,0.003100,-24.2108,5.6050,-0.3939,9876525,4195425,355772700
2025-12-29 13:48:52,25948.3,25950,2025-12-30,CE,51.55,8.64,0.5203,0.003300,-22.5939,5.6000,0.4137,14999475,13758000,147511875
2025-12-29 13:48:52,25948.3,25950,2025-12-30,PE,50.1,9.46,-0.4813,0.003000,-24.7544,5.6011,-0.3977,9876525,4195425,355858425
2025-12-29 13:48:57,25950.05,25950,2025-12-30,CE,51.7,8.67,0.5203,0.003300,-22.6745,5.5999,0.4181,14999475,13758000,147619050
2025-12-29 13:48:57,25950.05,25950,2025-12-30,PE,49.85,9.43,-0.4812,0.003000,-24.6750,5.6009,-0.3935,9876525,4195425,355984725
2025-12-29 13:49:03,25949.75,25950,2025-12-30,CE,51.95,8.94,0.5111,0.003200,-23.4124,5.6042,0.4169,14999475,13758000,147704700
2025-12-29 13:49:03,25949.75,25950,2025-12-30,PE,49.85,9.16,-0.4891,0.003100,-23.9721,5.6043,-0.3938,9876525,4195425,356071125
2025-12-29 13:49:08,25947.1,25950,2025-12-30,CE,51.5,8.59,0.5257,0.003300,-22.4599,5.5955,0.4105,14999475,13758000,147811125
2025-12-29 13:49:08,25947.1,25950,2025-12-30,PE,50.15,9.54,-0.4767,0.003000,-24.9423,5.5975,-0.4005,9876525,4195425,356171175
2025-12-29 13:49:14,25951.1,25950,2025-12-30,CE,51.95,8.94,0.5105,0.003200,-23.4145,5.6041,0.4202,14999475,13758000,147900375
2025-12-29 13:49:14,25951.1,25950,2025-12-30,PE,49.95,9.25,-0.4898,0.003100,-24.2141,5.6042,-0.3907,9876525,4195425,356235675
2025-12-29 13:49:19,25949.4,25950,2025-12-30,CE,51.65,8.70,0.5215,0.003300,-22.7535,5.5985,0.4163,14999475,13758000,147987225
2025-12-29 13:49:19,25949.4,25950,2025-12-30,PE,50.1,9.48,-0.4801,0.003000,-24.7945,5.5996,-0.3950,9876525,4195425,356290950
2025-12-29 13:49:25,25948.9,25950,2025-12-30,CE,51.75,8.71,0.5189,0.003300,-22.8016,5.5999,0.4150,14999475,13758000,148157625
2025-12-29 13:49:25,25948.9,25950,2025-12-30,PE,50.25,9.49,-0.4825,0.003000,-24.8421,5.6007,-0.3962,9876525,4195425,356436000
2025-12-29 13:49:30,25947.45,25950,2025-12-30,CE,51.5,8.73,0.5188,0.003200,-22.8422,5.5997,0.4112,14999475,13758000,148251525
2025-12-29 13:49:30,25947.45,25950,2025-12-30,PE,50.45,9.45,-0.4825,0.003000,-24.7228,5.6005,-0.3995,9876525,4195425,356501325
2025-12-29 13:49:36,25949.0,25950,2025-12-30,CE,51.65,9.03,0.5066,0.003100,-23.6612,5.6042,0.4148,14999475,13758000,148313100
2025-12-29 13:49:36,25949.0,25950,2025-12-30,PE,50.35,9.16,-0.4934,0.003100,-23.9811,5.6042,-0.3955,9876525,4195425,356566425
2025-12-29 13:49:42,25948.35,25950,2025-12-30,CE,51.7,9.00,0.5085,0.003200,-23.5803,5.6037,0.4132,14999475,13758000,148394100
2025-12-29 13:49:42,25948.35,25950,2025-12-30,PE,50.25,9.20,-0.4916,0.003100,-24.1001,5.6037,-0.3971,9876525,4195425,356602650
2025-12-29 13:49:47,25949.45,25950,2025-12-30,CE,51.7,9.08,0.5060,0.003100,-23.7829,5.6040,0.4158,14999475,13758000,148625550
2025-12-29 13:49:47,25949.45,25950,2025-12-30,PE,50.3,9.11,-0.4940,0.003100,-23.8628,5.6040,-0.3943,9876525,4195425,356726400
2025-12-29 13:49:53,25949.9,25950,2025-12-30,CE,52.1,9.12,0.5044,0.003100,-23.9042,5.6041,0.4168,14999475,13758000,148708200
2025-12-29 13:49:53,25949.9,25950,2025-12-30,PE,49.65,9.08,-0.4956,0.003100,-23.7843,5.6041,-0.3931,9876525,4195425,356813025
2025-12-29 13:49:58,25949.15,25950,2025-12-30,CE,52.5,8.74,0.5207,0.003200,-22.8803,5.5978,0.4154,14999475,13758000,148790925
2025-12-29 13:49:58,25949.15,25950,2025-12-30,PE,49.25,9.40,-0.4806,0.003000,-24.6014,5.5987,-0.3954,9876525,4195425,356968725
2025-12-29 13:50:03,25950.05,25950,2025-12-30,CE,52.7,8.65,0.5265,0.003300,-22.6234,5.5932,0.4179,14999475,13758000,148904775
2025-12-29 13:50:03,25950.05,25950,2025-12-30,PE,49.1,9.46,-0.4756,0.003000,-24.7464,5.5950,-0.3933,9876525,4195425,357229650
2025-12-29 13:50:09,25950.4,25950,2025-12-30,CE,52.15,8.67,0.5275,0.003300,-22.6605,5.5922,0.4187,14999475,13758000,149009550
2025-12-29 13:50:09,25950.4,25950,2025-12-30,PE,49.4,9.46,-0.4747,0.003000,-24.7439,5.5942,-0.3924,9876525,4195425,357341775
2025-12-29 13:50:14,25950.25,25950,2025-12-30,CE,52.45,8.65,0.5246,0.003300,-22.6312,5.5945,0.4183,14999475,13758000,149105475
2025-12-29 13:50:14,25950.25,25950,2025-12-30,PE,49.4,9.45,-0.4773,0.003000,-24.7137,5.5961,-0.3928,9876525,4195425,357411075
2025-12-29 13:50:19,25948.3,25950,2025-12-30,CE,52.15,8.91,0.5169,0.003200,-23.3317,5.5995,0.4130,14999475,13758000,149181450
2025-12-29 13:50:19,25948.3,25950,2025-12-30,PE,49.95,9.25,-0.4836,0.003100,-24.2120,5.5998,-0.3971,9876525,4195425,357517800
2025-12-29 13:50:25,25948.1,25950,2025-12-30,CE,51.65,8.87,0.5138,0.003200,-23.2192,5.6006,0.4125,14999475,13758000,149396250
2025-12-29 13:50:25,25948.1,25950,2025-12-30,PE,50.4,9.38,-0.4869,0.003000,-24.5794,5.6009,-0.3977,9876525,4195425,357762300
2025-12-29 13:50:30,25950.05,25950,2025-12-30,CE,51.85,8.70,0.5195,0.003300,-22.7679,5.5975,0.4177,14967750,13726275,149459400
2025-12-29 13:50:30,25950.05,25950,2025-12-30,PE,50.3,9.49,-0.4819,0.003000,-24.8493,5.5984,-0.3932,10500975,4819875,357836025
2025-12-29 13:50:36,25948.95,25950,2025-12-30,CE,52.1,9.08,0.5072,0.003100,-23.7884,5.6023,0.4143,14967750,13726275,149527950
2025-12-29 13:50:36,25948.95,25950,2025-12-30,PE,50.2,9.16,-0.4928,0.003100,-23.9884,5.6023,-0.3954,10500975,4819875,357977400
2025-12-29 13:50:41,25949.55,25950,2025-12-30,CE,52.0,8.71,0.5218,0.003300,-22.8031,5.5957,0.4163,14967750,13726275,149582400
2025-12-29 13:50:41,25949.55,25950,2025-12-30,PE,50.05,9.52,-0.4799,0.003000,-24.9252,5.5969,-0.3944,10500975,4819875,358041450
2025-12-29 13:50:47,25949.7,25950,2025-12-30,CE,52.3,8.83,0.5167,0.003200,-23.1361,5.5986,0.4165,14967750,13726275,149631225
2025-12-29 13:50:47,25949.7,25950,2025-12-30,PE,49.8,9.37,-0.4841,0.003000,-24.5368,5.5991,-0.3938,10500975,4819875,358091475
2025-12-29 13:50:52,25948.45,25950,2025-12-30,CE,52.2,8.88,0.5173,0.003200,-23.2554,5.5982,0.4133,14967750,13726275,149692800
2025-12-29 13:50:52,25948.45,25950,2025-12-30,PE,50.0,9.34,-0.4835,0.003000,-24.4561,5.5986,-0.3967,10500975,4819875,358163550
2025-12-29 13:50:57,25950.4,25950,2025-12-30,CE,51.85,9.14,0.5072,0.003100,-23.9510,5.6017,0.4177,14967750,13726275,149781300
2025-12-29 13:50:57,25950.4,25950,2025-12-30,PE,50.4,9.09,-0.4928,0.003100,-23.8310,5.6017,-0.3917,10500975,4819875,358222425
2025-12-29 13:51:03,25949.75,25950,2025-12-30,CE,51.7,9.09,0.5066,0.003100,-23.8321,5.6017,0.4162,14967750,13726275,149839950
2025-12-29 13:51:03,25949.75,25950,2025-12-30,PE,50.5,9.16,-0.4934,0.003100,-23.9921,5.6017,-0.3933,10500975,4819875,358294350
2025-12-29 13:51:08,25948.95,25950,2025-12-30,CE,52.0,8.70,0.5212,0.003300,-22.7679,5.5953,0.4147,14967750,13726275,149897175
2025-12-29 13:51:08,25948.95,25950,2025-12-30,PE,50.0,9.55,-0.4805,0.003000,-25.0103,5.5966,-0.3957,10500975,4819875,358394400
2025-12-29 13:51:13,25949.15,25950,2025-12-30,CE,52.35,8.67,0.5229,0.003300,-22.6837,5.5940,0.4152,14967750,13726275,149961300
2025-12-29 13:51:13,25949.15,25950,2025-12-30,PE,49.65,9.54,-0.4790,0.003000,-24.9667,5.5954,-0.3952,10500975,4819875,358478100
2025-12-29 13:51:19,25948.8,25950,2025-12-30,CE,52.45,8.68,0.5245,0.003300,-22.7193,5.5926,0.4143,14967750,13726275,150001875
2025-12-29 13:51:19,25948.8,25950,2025-12-30,PE,49.6,9.48,-0.4774,0.003000,-24.8025,5.5941,-0.3960,10500975,4819875,358596825
2025-12-29 13:51:24,25949.05,25950,2025-12-30,CE,52.9,9.16,0.5081,0.003100,-23.9934,5.6008,0.4143,14967750,13726275,150144000
2025-12-29 13:51:24,25949.05,25950,2025-12-30,PE,49.5,9.06,-0.4918,0.003100,-23.7534,5.6008,-0.3948,10500975,4819875,358681350
2025-12-29 13:51:30,25948.4,25950,2025-12-30,CE,52.65,8.74,0.5259,0.003200,-22.8754,5.5911,0.4131,14967750,13726275,150199575
2025-12-29 13:51:30,25948.4,25950,2025-12-30,PE,49.6,9.51,-0.4760,0.003000,-24.8790,5.5928,-0.3969,10500975,4819875,358749150
2025-12-29 13:51:35,25949.8,25950,2025-12-30,CE,52.5,8.76,0.5227,0.003200,-22.9271,5.5934,0.4166,14967750,13726275,150329025
2025-12-29 13:51:35,25949.8,25950,2025-12-30,PE,49.6,9.45,-0.4788,0.003000,-24.7297,5.5945,-0.3935,10500975,4819875,358845225
2025-12-29 13:51:40,25950.95,25950,2025-12-30,CE,52.85,8.68,0.5255,0.003300,-22.7191,5.5910,0.4197,14967750,13726275,150373350
2025-12-29 13:51:40,25950.95,25950,2025-12-30,PE,49.2,9.51,-0.4766,0.003000,-24.8831,5.5928,-0.3909,10500975,4819875,358938675
2025-12-29 13:51:46,25951.25,25950,2025-12-30,CE,53.0,8.99,0.5168,0.003200,-23.5432,5.5968,0.4198,14967750,13726275,150482400
2025-12-29 13:51:46,25951.25,25950,2025-12-30,PE,48.8,9.22,-0.4836,0.003100,-24.1438,5.5970,-0.3896,10500975,4819875,359082975
2025-12-29 13:51:51,25950.55,25950,2025-12-30,CE,52.85,8.71,0.5277,0.003300,-22.7924,5.5888,0.4186,14967750,13726275,150570075
2025-12-29 13:51:51,25950.55,25950,2025-12-30,PE,49.0,9.43,-0.4743,0.003000,-24.6766,5.5907,-0.3916,10500975,4819875,359181225
2025-12-29 13:51:57,25951.05,25950,2025-12-30,CE,52.9,8.71,0.5267,0.003300,-22.7966,5.5895,0.4198,14967750,13726275,150659475
2025-12-29 13:51:57,25951.05,25950,2025-12-30,PE,48.95,9.43,-0.4752,0.003000,-24.6806,5.5912,-0.3904,10500975,4819875,359229225
2025-12-29 13:52:02,25950.85,25950,2025-12-30,CE,52.45,8.68,0.5281,0.003300,-22.7122,5.5881,0.4194,14967750,13726275,150770925
2025-12-29 13:52:02,25950.85,25950,2025-12-30,PE,49.65,9.46,-0.4741,0.003000,-24.7570,5.5902,-0.3909,10500975,4819875,359310750
2025-12-29 13:52:07,25951.1,25950,2025-12-30,CE,52.6,8.71,0.5244,0.003300,-22.8056,5.5911,0.4199,14967750,13726275,150863325
2025-12-29 13:52:07,25951.1,25950,2025-12-30,PE,49.25,9.49,-0.4774,0.003000,-24.8493,5.5927,-0.3904,10500975,4819875,359400150
2025-12-29 13:52:13,25950.85,25950,2025-12-30,CE,52.3,8.90,0.5185,0.003200,-23.3024,5.5951,0.4189,14967750,13726275,151022325
2025-12-29 13:52:13,25950.85,25950,2025-12-30,PE,49.75,9.28,-0.4822,0.003100,-24.3036,5.5955,-0.3906,10500975,4819875,359540700
2025-12-29 13:52:18,25951.45,25950,2025-12-30,CE,52.35,8.90,0.5166,0.003200,-23.3075,5.5960,0.4204,14967750,13726275,151113525
2025-12-29 13:52:18,25951.45,25950,2025-12-30,PE,49.8,9.31,-0.4840,0.003100,-24.3885,5.5963,-0.3892,10500975,4819875,359604375
2025-12-29 13:52:23,25948.45,25950,2025-12-30,CE,52.25,8.70,0.5241,0.003300,-22.7684,5.5909,0.4131,14967750,13726275,151174800
2025-12-29 13:52:23,25948.45,25950,2025-12-30,PE,50.0,9.52,-0.4778,0.003000,-24.9324,5.5925,-0.3966,10500975,4819875,359661675
2025-12-29 13:52:29,25948.75,25950,2025-12-30,CE,52.0,8.68,0.5242,0.003300,-22.7290,5.5907,0.4139,14967750,13726275,151213575
2025-12-29 13:52:29,25948.75,25950,2025-12-30,PE,50.1,9.55,-0.4779,0.003000,-25.0132,5.5924,-0.3959,10500975,4819875,359717475
2025-12-29 13:52:34,25951.15,25950,2025-12-30,CE,52.3,8.74,0.5201,0.003200,-22.9012,5.5935,0.4199,14967750,13726275,151248825
2025-12-29 13:52:34,25951.15,25950,2025-12-30,PE,49.7,9.46,-0.4813,0.003000,-24.7838,5.5944,-0.3901,10500975,4819875,359775375
2025-12-29 13:52:40,25950.65,25950,2025-12-30,CE,52.45,9.03,0.5117,0.003100,-23.6789,5.5975,0.4181,14967750,13726275,151281600
2025-12-29 13:52:40,25950.65,25950,2025-12-30,PE,49.6,9.17,-0.4885,0.003100,-24.0392,5.5976,-0.3908,10500975,4819875,359805300
2025-12-29 13:52:45,25951.45,25950,2025-12-30,CE,52.9,8.97,0.5168,0.003200,-23.5109,5.5950,0.4201,14967750,13726275,151383750
2025-12-29 13:52:45,25951.45,25950,2025-12-30,PE,49.25,9.23,-0.4836,0.003100,-24.1917,5.5952,-0.3889,10500975,4819875,359916075
2025-12-29 13:52:50,25951.2,25950,2025-12-30,CE,53.0,8.88,0.5211,0.003200,-23.2608,5.5922,0.4196,14967750,13726275,151462050
2025-12-29 13:52:50,25951.2,25950,2025-12-30,PE,49.0,9.35,-0.4799,0.003000,-24.5029,5.5929,-0.3897,10500975,4819875,359996175
2025-12-29 13:52:56,25952.0,25950,2025-12-30,CE,53.9,8.99,0.5177,0.003200,-23.5500,5.5942,0.4214,14967750,13726275,151636725
2025-12-29 13:52:56,25952.0,25950,2025-12-30,PE,48.05,9.22,-0.4827,0.003100,-24.1508,5.5944,-0.3876,10500975,4819875,360283125
2025-12-29 13:53:01,25951.65,25950,2025-12-30,CE,54.1,8.70,0.5336,0.003300,-22.7367,5.5807,0.4211,14967750,13726275,151880025
2025-12-29 13:53:01,25951.65,25950,2025-12-30,PE,47.8,9.45,-0.4689,0.003000,-24.7039,5.5836,-0.3888,10500975,4819875,360563100
2025-12-29 13:53:07,25950.55,25950,2025-12-30,CE,54.65,8.97,0.5263,0.003200,-23.4858,5.5878,0.4178,14967750,13726275,152031450
2025-12-29 13:53:07,25950.55,25950,2025-12-30,PE,47.25,9.17,-0.4742,0.003100,-24.0072,5.5883,-0.3909,10500975,4819875,360763275
2025-12-29 13:53:12,25951.55,25950,2025-12-30,CE,53.9,8.83,0.5331,0.003200,-23.0994,5.5810,0.4205,14967750,13726275,152217150
2025-12-29 13:53:12,25951.55,25950,2025-12-30,PE,47.95,9.31,-0.4685,0.003000,-24.3440,5.5828,-0.3887,10500975,4819875,360959700
2025-12-29 13:53:17,25951.2,25950,2025-12-30,CE,54.7,8.61,0.5372,0.003300,-22.4819,5.5759,0.4201,14967750,13726275,152317650
2025-12-29 13:53:17,25951.2,25950,2025-12-30,PE,47.5,9.52,-0.4662,0.003000,-24.8925,5.5802,-0.3899,10500975,4819875,361034625
2025-12-29 13:53:23,25951.05,25950,2025-12-30,CE,54.65,8.68,0.5392,0.003300,-22.6716,5.5733,0.4195,14967750,13726275,152443800
2025-12-29 13:53:23,25951.05,25950,2025-12-30,PE,47.5,9.49,-0.4640,0.003000,-24.8021,5.5775,-0.3902,10500975,4819875,361147425
2025-12-29 13:53:28,25951.3,25950,2025-12-30,CE,54.7,8.67,0.5396,0.003300,-22.6303,5.5726,0.4202,14967750,13726275,152573400
2025-12-29 13:53:28,25951.3,25950,2025-12-30,PE,47.3,9.51,-0.4637,0.003000,-24.8413,5.5770,-0.3896,10500975,4819875,361213500
2025-12-29 13:53:33,25953.3,25950,2025-12-30,CE,54.9,9.23,0.5195,0.003100,-24.1901,5.5921,0.4239,14729475,13488000,152841600
2025-12-29 13:53:33,25953.3,25950,2025-12-30,PE,46.9,8.97,-0.4800,0.003200,-23.5089,5.5918,-0.3837,10833750,5152650,361422525
2025-12-29 13:53:39,25953.85,25950,2025-12-30,CE,55.95,8.65,0.5409,0.003300,-22.5841,5.5704,0.4267,14729475,13488000,152989200
2025-12-29 13:53:39,25953.85,25950,2025-12-30,PE,46.05,9.45,-0.4623,0.003000,-24.6753,5.5750,-0.3835,10833750,5152650,361665600
2025-12-29 13:53:44,25953.5,25950,2025-12-30,CE,55.7,8.83,0.5411,0.003200,-23.0620,5.5701,0.4253,14729475,13488000,153267300
2025-12-29 13:53:44,25953.5,25950,2025-12-30,PE,46.35,9.31,-0.4609,0.003000,-24.3090,5.5729,-0.3840,10833750,5152650,361968150
2025-12-29 13:53:49,25951.8,25950,2025-12-30,CE,55.6,8.64,0.5469,0.003300,-22.5097,5.5613,0.4214,14729475,13488000,153423825
2025-12-29 13:53:49,25951.8,25950,2025-12-30,PE,46.5,9.48,-0.4571,0.003000,-24.7250,5.5676,-0.3883,10833750,5152650,362114850
2025-12-29 13:53:55,25953.65,25950,2025-12-30,CE,55.7,8.51,0.5512,0.003300,-22.1635,5.5539,0.4265,14729475,13488000,153576600
2025-12-29 13:53:55,25953.65,25950,2025-12-30,PE,46.45,9.60,-0.4543,0.002900,-25.0262,5.5634,-0.3842,10833750,5152650,362231400
2025-12-29 13:54:00,25954.6,25950,2025-12-30,CE,56.0,9.08,0.5323,0.003100,-23.7483,5.5804,0.4273,14729475,13488000,154004700
2025-12-29 13:54:00,25954.6,25950,2025-12-30,PE,46.0,9.05,-0.4676,0.003100,-23.6680,5.5803,-0.3806,10833750,5152650,362612550
2025-12-29 13:54:05,25953.15,25950,2025-12-30,CE,55.5,9.17,0.5298,0.003100,-23.9993,5.5828,0.4235,14729475,13488000,154145700
2025-12-29 13:54:05,25953.15,25950,2025-12-30,PE,46.45,9.05,-0.4698,0.003100,-23.6782,5.5824,-0.3841,10833750,5152650,362719500
2025-12-29 13:54:11,25953.3,25950,2025-12-30,CE,55.9,8.83,0.5392,0.003200,-23.0765,5.5718,0.4247,14729475,13488000,154250775
2025-12-29 13:54:11,25953.3,25950,2025-12-30,PE,46.15,9.32,-0.4628,0.003000,-24.3633,5.5744,-0.3844,10833750,5152650,362822550
2025-12-29 13:54:16,25952.95,25950,2025-12-30,CE,55.9,9.11,0.5306,0.003100,-23.8374,5.5817,0.4231,14729475,13488000,154340850
2025-12-29 13:54:16,25952.95,25950,2025-12-30,PE,46.25,9.06,-0.4692,0.003100,-23.7170,5.5815,-0.3846,10833750,5152650,362891625
2025-12-29 13:54:22,25955.15,25950,2025-12-30,CE,56.15,9.25,0.5268,0.003100,-24.2130,5.5851,0.4281,14729475,13488000,154412550
2025-12-29 13:54:22,25955.15,25950,2025-12-30,PE,45.75,8.96,-0.4724,0.003200,-23.4506,5.5844,-0.3789,10833750,5152650,363037575
2025-12-29 13:54:27,25957.15,25950,2025-12-30,CE,56.6,9.19,0.5313,0.003100,-24.0354,5.5807,0.4330,14729475,13488000,154568025
2025-12-29 13:54:27,25957.15,25950,2025-12-30,PE,45.25,8.97,-0.4680,0.003200,-23.4732,5.5799,-0.3739,10833750,5152650,363184800
2025-12-29 13:54:32,25955.3,25950,2025-12-30,CE,57.2,8.90,0.5431,0.003200,-23.2161,5.5658,0.4294,14729475,13488000,154817550
2025-12-29 13:54:32,25955.3,25950,2025-12-30,PE,44.85,9.19,-0.4582,0.003100,-23.9811,5.5678,-0.3791,10833750,5152650,363632550
2025-12-29 13:54:38,25955.35,25950,2025-12-30,CE,57.0,8.94,0.5441,0.003200,-23.3298,5.5641,0.4294,14729475,13488000,154959525
2025-12-29 13:54:38,25955.35,25950,2025-12-30,PE,44.75,9.19,-0.4570,0.003100,-23.9742,5.5659,-0.3790,10833750,5152650,363800850
2025-12-29 13:54:43,25956.25,25950,2025-12-30,CE,56.65,8.97,0.5411,0.003200,-23.4280,5.5683,0.4315,14729475,13488000,155136825
2025-12-29 13:54:43,25956.25,25950,2025-12-30,PE,45.3,9.14,-0.4596,0.003100,-23.8708,5.5693,-0.3767,10833750,5152650,363957150
2025-12-29 13:54:49,25957.15,25950,2025-12-30,CE,57.0,8.73,0.5503,0.003200,-22.7328,5.5539,0.4346,14729475,13488000,155240175
2025-12-29 13:54:49,25957.15,25950,2025-12-30,PE,44.9,9.37,-0.4530,0.003000,-24.4268,5.5595,-0.3752,10833750,5152650,364077450
2025-12-29 13:54:54,25957.6,25950,2025-12-30,CE,57.15,8.58,0.5571,0.003300,-22.2859,5.5413,0.4363,14729475,13488000,155403225
2025-12-29 13:54:54,25957.6,25950,2025-12-30,PE,44.8,9.48,-0.4481,0.003000,-24.6701,5.5513,-0.3745,10833750,5152650,364330350
2025-12-29 13:54:59,25955.1,25950,2025-12-30,CE,56.3,8.70,0.5528,0.003200,-22.6370,5.5493,0.4294,14729475,13488000,155546850
2025-12-29 13:54:59,25955.1,25950,2025-12-30,PE,45.65,9.37,-0.4509,0.003000,-24.4131,5.5558,-0.3800,10833750,5152650,364437975
2025-12-29 13:55:05,25953.7,25950,2025-12-30,CE,56.1,9.05,0.5355,0.003100,-23.6606,5.5749,0.4249,14729475,13488000,155702775
2025-12-29 13:55:05,25953.7,25950,2025-12-30,PE,45.75,9.11,-0.4647,0.003100,-23.8215,5.5752,-0.3827,10833750,5152650,364549050
2025-12-29 13:55:10,25954.5,25950,2025-12-30,CE,55.6,8.61,0.5507,0.003300,-22.4146,5.5526,0.4281,14729475,13488000,155956500
2025-12-29 13:55:10,25954.5,25950,2025-12-30,PE,46.2,9.46,-0.4537,0.003000,-24.6734,5.5601,-0.3816,10833750,5152650,364704525
2025-12-29 13:55:15,25956.1,25950,2025-12-30,CE,56.2,8.68,0.5464,0.003300,-22.6437,5.5594,0.4319,14729475,13488000,156204825
2025-12-29 13:55:15,25956.1,25950,2025-12-30,PE,45.9,9.43,-0.4571,0.003000,-24.6181,5.5649,-0.3778,10833750,5152650,365001750
2025-12-29 13:55:21,25956.0,25950,2025-12-30,CE,55.85,8.71,0.5462,0.003200,-22.7249,5.5595,0.4316,14729475,13488000,156257325
2025-12-29 13:55:21,25956.0,25950,2025-12-30,PE,46.4,9.41,-0.4571,0.003000,-24.5784,5.5647,-0.3779,10833750,5152650,365090325
2025-12-29 13:55:26,25954.5,25950,2025-12-30,CE,55.9,8.94,0.5375,0.003200,-23.3743,5.5717,0.4271,14729475,13488000,156331950
2025-12-29 13:55:26,25954.5,25950,2025-12-30,PE,46.2,9.26,-0.4637,0.003100,-24.2189,5.5733,-0.3811,10833750,5152650,365198175
2025-12-29 13:55:31,25954.3,25950,2025-12-30,CE,56.2,8.64,0.5489,0.003300,-22.5095,5.5549,0.4274,14729475,13488000,156392700
2025-12-29 13:55:31,25954.3,25950,2025-12-30,PE,46.0,9.46,-0.4552,0.003000,-24.6870,5.5616,-0.3820,10833750,5152650,365304975
2025-12-29 13:55:37,25950.55,25950,2025-12-30,CE,55.85,8.70,0.5466,0.003200,-22.6843,5.5584,0.4176,14729475,13488000,156449400
2025-12-29 13:55:37,25950.55,25950,2025-12-30,PE,46.15,9.43,-0.4568,0.003000,-24.6188,5.5639,-0.3908,10833750,5152650,365392425
2025-12-29 13:55:42,25955.05,25950,2025-12-30,CE,55.35,8.64,0.5482,0.003300,-22.5151,5.5557,0.4293,14729475,13488000,156576900
2025-12-29 13:55:42,25955.05,25950,2025-12-30,PE,46.6,9.49,-0.4559,0.003000,-24.7728,5.5624,-0.3803,10833750,5152650,365493525
2025-12-29 13:55:50,25953.95,25950,2025-12-30,CE,55.2,8.93,0.5347,0.003200,-23.3510,5.5745,0.4256,14729475,13488000,156682050
2025-12-29 13:55:50,25953.95,25950,2025-12-30,PE,46.6,9.20,-0.4663,0.003100,-24.0746,5.5756,-0.3821,10833750,5152650,365650200
2025-12-29 13:55:55,25953.6,25950,2025-12-30,CE,54.85,9.03,0.5271,0.003100,-23.6640,5.5821,0.4245,14729475,13488000,156952875
2025-12-29 13:55:55,25953.6,25950,2025-12-30,PE,47.0,9.09,-0.4731,0.003100,-23.8246,5.5823,-0.3827,10833750,5152650,365802375
2025-12-29 13:56:00,25949.6,25950,2025-12-30,CE,54.05,8.79,0.5333,0.003200,-23.0001,5.5756,0.4150,14729475,13488000,157299450
2025-12-29 13:56:00,25949.6,25950,2025-12-30,PE,47.65,9.34,-0.4686,0.003000,-24.4468,5.5777,-0.3928,10833750,5152650,366190800
2025-12-29 13:56:06,25951.05,25950,2025-12-30,CE,53.7,8.82,0.5300,0.003200,-23.0950,5.5789,0.4185,14729475,13488000,157465350
2025-12-29 13:56:06,25951.05,25950,2025-12-30,PE,47.9,9.31,-0.4715,0.003000,-24.3802,5.5804,-0.3893,10833750,5152650,366358200
2025-12-29 13:56:11,25952.05,25950,2025-12-30,CE,54.05,8.80,0.5300,0.003200,-23.0554,5.5787,0.4211,14729475,13488000,157576500
2025-12-29 13:56:11,25952.05,25950,2025-12-30,PE,47.55,9.31,-0.4715,0.003000,-24.3808,5.5803,-0.3868,10833750,5152650,366540975
2025-12-29 13:56:17,25952.25,25950,2025-12-30,CE,54.45,8.67,0.5386,0.003300,-22.6562,5.5687,0.4219,14729475,13488000,157697400
2025-12-29 13:56:17,25952.25,25950,2025-12-30,PE,47.35,9.46,-0.4644,0.003000,-24.7482,5.5727,-0.3866,10833750,5152650,366714525
2025-12-29 13:56:22,25952.1,25950,2025-12-30,CE,54.35,8.64,0.5397,0.003300,-22.5711,5.5671,0.4215,14729475,13488000,157766325
2025-12-29 13:56:22,25952.1,25950,2025-12-30,PE,47.7,9.52,-0.4638,0.003000,-24.9050,5.5717,-0.3871,10833750,5152650,366831600
2025-12-29 13:56:28,25950.4,25950,2025-12-30,CE,53.25,8.76,0.5334,0.003200,-22.9228,5.5747,0.4169,14729475,13488000,157890225
2025-12-29 13:56:28,25950.4,25950,2025-12-30,PE,48.65,9.45,-0.4689,0.003000,-24.7314,5.5773,-0.3909,10833750,5152650,367056000
2025-12-29 13:56:33,25951.55,25950,2025-12-30,CE,53.4,8.97,0.5203,0.003200,-23.5310,5.5861,0.4194,14337000,13095525,158003850
2025-12-29 13:56:33,25951.55,25950,2025-12-30,PE,48.25,9.20,-0.4802,0.003100,-24.1327,5.5864,-0.3878,11334375,5653275,367284600
2025-12-29 13:56:38,25949.65,25950,2025-12-30,CE,53.5,8.67,0.5337,0.003300,-22.6828,5.5740,0.4151,14337000,13095525,158061150
2025-12-29 13:56:38,25949.65,25950,2025-12-30,PE,48.35,9.48,-0.4690,0.003000,-24.8131,5.5771,-0.3927,11334375,5653275,367423800
2025-12-29 13:56:44,25950.6,25950,2025-12-30,CE,53.6,8.91,0.5236,0.003200,-23.3624,5.5834,0.4171,14337000,13095525,158134725
2025-12-29 13:56:44,25950.6,25950,2025-12-30,PE,48.2,9.25,-0.4772,0.003100,-24.2453,5.5841,-0.3901,11334375,5653275,367563825
2025-12-29 13:56:49,25952.45,25950,2025-12-30,CE,54.15,8.99,0.5231,0.003200,-23.5647,5.5837,0.4215,14337000,13095525,158230575
2025-12-29 13:56:49,25952.45,25950,2025-12-30,PE,48.0,9.23,-0.4774,0.003100,-24.2068,5.5841,-0.3856,11334375,5653275,367770075
2025-12-29 13:56:55,25951.0,25950,2025-12-30,CE,54.1,8.68,0.5360,0.003300,-22.7140,5.5710,0.4185,14337000,13095525,158274825
2025-12-29 13:56:55,25951.0,25950,2025-12-30,PE,48.1,9.51,-0.4670,0.003000,-24.8856,5.5745,-0.3895,11334375,5653275,367880325
2025-12-29 13:57:00,25953.65,25950,2025-12-30,CE,54.0,9.09,0.5207,0.003100,-23.8534,5.5851,0.4242,14337000,13095525,158365125
2025-12-29 13:57:00,25953.65,25950,2025-12-30,PE,48.2,9.14,-0.4794,0.003100,-23.9738,5.5851,-0.3824,11334375,5653275,367978575
2025-12-29 13:57:06,25951.8,25950,2025-12-30,CE,54.3,8.71,0.5368,0.003300,-22.7915,5.5695,0.4204,14337000,13095525,158494275
2025-12-29 13:57:06,25951.8,25950,2025-12-30,PE,47.85,9.51,-0.4661,0.003000,-24.8832,5.5731,-0.3876,11334375,5653275,368187750
2025-12-29 13:57:11,25951.2,25950,2025-12-30,CE,54.4,9.09,0.5223,0.003100,-23.8508,5.5836,0.4181,14337000,13095525,158536125
2025-12-29 13:57:11,25951.2,25950,2025-12-30,PE,47.7,9.16,-0.4779,0.003100,-24.0113,5.5837,-0.3884,11334375,5653275,368262450
2025-12-29 13:57:16,25950.2,25950,2025-12-30,CE,53.85,8.79,0.5333,0.003200,-23.0093,5.5733,0.4161,14337000,13095525,158645475
2025-12-29 13:57:16,25950.2,25950,2025-12-30,PE,48.05,9.43,-0.4688,0.003000,-24.6978,5.5757,-0.3912,11334375,5653275,368354775
2025-12-29 13:57:22,25952.2,25950,2025-12-30,CE,53.85,8.59,0.5370,0.003300,-22.4731,5.5688,0.4216,14337000,13095525,158705400
2025-12-29 13:57:22,25952.2,25950,2025-12-30,PE,48.35,9.58,-0.4666,0.003000,-25.0878,5.5732,-0.3867,11334375,5653275,368472600
2025-12-29 13:57:27,25952.95,25950,2025-12-30,CE,53.8,8.99,0.5228,0.003200,-23.5708,5.5827,0.4226,14337000,13095525,158742900
2025-12-29 13:57:27,25952.95,25950,2025-12-30,PE,48.3,9.25,-0.4778,0.003100,-24.2531,5.5831,-0.3843,11334375,5653275,368539875
2025-12-29 13:57:32,25950.95,25950,2025-12-30,CE,54.3,8.71,0.5336,0.003300,-22.8102,5.5725,0.4181,14337000,13095525,158786850
2025-12-29 13:57:32,25950.95,25950,2025-12-30,PE,48.15,9.52,-0.4691,0.003000,-24.9410,5.5756,-0.3895,11334375,5653275,368631075
2025-12-29 13:57:38,25948.85,25950,2025-12-30,CE,54.2,8.73,0.5351,0.003200,-22.8434,5.5706,0.4127,14337000,13095525,158838450
2025-12-29 13:57:38,25948.85,25950,2025-12-30,PE,48.15,9.52,-0.4676,0.003000,-24.9348,5.5739,-0.3944,11334375,5653275,368691375
2025-12-29 13:57:43,25949.8,25950,2025-12-30,CE,54.05,8.96,0.5264,0.003200,-23.4807,5.5794,0.4148,14337000,13095525,158874225
2025-12-29 13:57:43,25949.8,25950,2025-12-30,PE,48.2,9.32,-0.4746,0.003000,-24.4446,5.5802,-0.3919,11334375,5653275,368763225
2025-12-29 13:57:49,25951.95,25950,2025-12-30,CE,53.6,8.68,0.5356,0.003300,-22.7223,5.5697,0.4207,14337000,13095525,158925975
2025-12-29 13:57:49,25951.95,25950,2025-12-30,PE,48.6,9.54,-0.4674,0.003000,-24.9749,5.5733,-0.3871,11334375,5653275,368869875
2025-12-29 13:57:54,25949.5,25950,2025-12-30,CE,53.3,8.85,0.5267,0.003200,-23.2008,5.5788,0.4141,14337000,13095525,158975775
2025-12-29 13:57:54,25949.5,25950,2025-12-30,PE,48.85,9.40,-0.4748,0.003000,-24.6467,5.5801,-0.3926,11334375,5653275,369013650
2025-12-29 13:57:59,25946.9,25950,2025-12-30,CE,52.75,9.16,0.5140,0.003100,-24.0369,5.5869,0.4074,14337000,13095525,159206550
2025-12-29 13:57:59,25946.9,25950,2025-12-30,PE,49.25,9.11,-0.4859,0.003100,-23.9166,5.5868,-0.3986,11334375,5653275,369206175
2025-12-29 13:58:05,25949.1,25950,2025-12-30,CE,52.6,8.67,0.5282,0.003300,-22.7164,5.5771,0.4133,14337000,13095525,159404700
2025-12-29 13:58:05,25949.1,25950,2025-12-30,PE,49.35,9.54,-0.4742,0.003000,-25.0062,5.5794,-0.3937,11334375,5653275,369461550
2025-12-29 13:58:11,25949.95,25950,2025-12-30,CE,53.05,8.70,0.5304,0.003300,-22.7889,5.5747,0.4154,14337000,13095525,159568575
2025-12-29 13:58:11,25949.95,25950,2025-12-30,PE,49.0,9.48,-0.4720,0.003000,-24.8386,5.5771,-0.3916,11334375,5653275,369780675
2025-12-29 13:58:16,25949.75,25950,2025-12-30,CE,53.1,8.61,0.5327,0.003300,-22.5400,5.5722,0.4150,14337000,13095525,159671625
2025-12-29 13:58:16,25949.75,25950,2025-12-30,PE,48.95,9.60,-0.4705,0.003000,-25.1533,5.5756,-0.3922,11334375,5653275,369901200
2025-12-29 13:58:22,25949.45,25950,2025-12-30,CE,53.15,8.67,0.5308,0.003300,-22.7085,5.5740,0.4141,14337000,13095525,159699900
2025-12-29 13:58:22,25949.45,25950,2025-12-30,PE,49.0,9.55,-0.4719,0.003000,-25.0397,5.5767,-0.3928,11334375,5653275,369996975
2025-12-29 13:58:27,25949.5,25950,2025-12-30,CE,53.3,8.87,0.5234,0.003200,-23.2563,5.5804,0.4140,14337000,13095525,159734475
2025-12-29 13:58:27,25949.5,25950,2025-12-30,PE,49.15,9.38,-0.4778,0.003000,-24.6214,5.5813,-0.3925,11334375,5653275,370084275
2025-12-29 13:58:32,25949.8,25950,2025-12-30,CE,53.2,8.71,0.5300,0.003300,-22.8329,5.5745,0.4149,14337000,13095525,159775350
2025-12-29 13:58:32,25949.8,25950,2025-12-30,PE,48.9,9.57,-0.4725,0.003000,-25.0836,5.5770,-0.3920,11334375,5653275,370170750
2025-12-29 13:58:38,25949.55,25950,2025-12-30,CE,53.3,8.70,0.5300,0.003300,-22.7934,5.5743,0.4143,14337000,13095525,159796350
2025-12-29 13:58:38,25949.55,25950,2025-12-30,PE,48.9,9.52,-0.4724,0.003000,-24.9638,5.5767,-0.3925,11334375,5653275,370259700
2025-12-29 13:58:43,25950.45,25950,2025-12-30,CE,53.5,8.90,0.5234,0.003200,-23.3385,5.5800,0.4162,14337000,13095525,159851100
2025-12-29 13:58:43,25950.45,25950,2025-12-30,PE,48.6,9.37,-0.4777,0.003000,-24.5833,5.5808,-0.3902,11334375,5653275,370387200
2025-12-29 13:58:48,25952.0,25950,2025-12-30,CE,54.2,9.03,0.5196,0.003100,-23.7105,5.5825,0.4198,14337000,13095525,159899475
2025-12-29 13:58:48,25952.0,25950,2025-12-30,PE,48.15,9.22,-0.4808,0.003100,-24.1922,5.5827,-0.3862,11334375,5653275,370468650
2025-12-29 13:58:54,25950.85,25950,2025-12-30,CE,54.35,9.23,0.5170,0.003100,-24.2382,5.5838,0.4166,14337000,13095525,159966225
2025-12-29 13:58:54,25950.85,25950,2025-12-30,PE,48.1,9.08,-0.4827,0.003100,-23.8370,5.5836,-0.3887,11334375,5653275,370647750
2025-12-29 13:58:59,25949.55,25950,2025-12-30,CE,54.35,8.90,0.5297,0.003200,-23.3172,5.5740,0.4139,14337000,13095525,160065825
2025-12-29 13:58:59,25949.55,25950,2025-12-30,PE,48.15,9.38,-0.4717,0.003000,-24.6036,5.5755,-0.3922,11334375,5653275,370722300
2025-12-29 13:59:05,25949.5,25950,2025-12-30,CE,54.25,8.80,0.5333,0.003200,-23.0627,5.5702,0.4139,14337000,13095525,160136025
2025-12-29 13:59:05,25949.5,25950,2025-12-30,PE,48.0,9.49,-0.4690,0.003000,-24.8727,5.5727,-0.3925,11334375,5653275,370808175
2025-12-29 13:59:10,25952.6,25950,2025-12-30,CE,54.3,8.68,0.5370,0.003300,-22.7256,5.5657,0.4220,14337000,13095525,160197225
2025-12-29 13:59:10,25952.6,25950,2025-12-30,PE,48.05,9.54,-0.4662,0.003000,-24.9797,5.5696,-0.3853,11334375,5653275,370896525
2025-12-29 13:59:15,25953.3,25950,2025-12-30,CE,54.3,8.74,0.5351,0.003200,-22.8954,5.5678,0.4236,14337000,13095525,160242900
2025-12-29 13:59:15,25953.3,25950,2025-12-30,PE,48.1,9.51,-0.4676,0.003000,-24.9073,5.5709,-0.3836,11334375,5653275,370936800
2025-12-29 13:59:21,25953.0,25950,2025-12-30,CE,54.1,8.71,0.5355,0.003300,-22.8145,5.5669,0.4229,14337000,13095525,160308375
2025-12-29 13:59:21,25953.0,25950,2025-12-30,PE,48.3,9.52,-0.4673,0.003000,-24.9475,5.5703,-0.3843,11334375,5653275,371017575
2025-12-29 13:59:26,25950.85,25950,2025-12-30,CE,54.0,9.00,0.5244,0.003200,-23.6212,5.5779,0.4169,14337000,13095525,160355925
2025-12-29 13:59:26,25950.85,25950,2025-12-30,PE,48.5,9.29,-0.4763,0.003100,-24.3845,5.5784,-0.3889,11334375,5653275,371095500
2025-12-29 13:59:32,25951.45,25950,2025-12-30,CE,54.1,9.06,0.5214,0.003100,-23.7913,5.5799,0.4182,14366925,13125450,160404075
2025-12-29 13:59:32,25951.45,25950,2025-12-30,PE,48.55,9.25,-0.4790,0.003100,-24.2732,5.5802,-0.3874,11712825,6031725,371140500
2025-12-29 13:59:37,25952.45,25950,2025-12-30,CE,54.3,8.85,0.5299,0.003200,-23.2016,5.5726,0.4211,14366925,13125450,160432575
2025-12-29 13:59:37,25952.45,25950,2025-12-30,PE,48.3,9.48,-0.4719,0.003000,-24.8501,5.5745,-0.3854,11712825,6031725,371176350
2025-12-29 13:59:43,25953.15,25950,2025-12-30,CE,54.3,8.99,0.5263,0.003200,-23.5764,5.5758,0.4225,14366925,13125450,160508850
2025-12-29 13:59:43,25953.15,25950,2025-12-30,PE,48.15,9.34,-0.4746,0.003000,-24.5007,5.5766,-0.3835,11712825,6031725,371264625
2025-12-29 13:59:48,25952.05,25950,2025-12-30,CE,54.4,8.90,0.5297,0.003200,-23.3235,5.5725,0.4199,14366925,13125450,160536075
2025-12-29 13:59:48,25952.05,25950,2025-12-30,PE,48.25,9.40,-0.4717,0.003000,-24.6504,5.5740,-0.3862,11712825,6031725,371307525
2025-12-29 13:59:54,25951.4,25950,2025-12-30,CE,54.1,8.91,0.5297,0.003200,-23.3644,5.5724,0.4183,14366925,13125450,160558575
2025-12-29 13:59:54,25951.4,25950,2025-12-30,PE,48.3,9.41,-0.4718,0.003000,-24.6913,5.5739,-0.3877,11712825,6031725,371344575
2025-12-29 13:59:59,25949.9,25950,2025-12-30,CE,53.65,8.85,0.5299,0.003200,-23.2041,5.5720,0.4146,14366925,13125450,160638000
2025-12-29 13:59:59,25949.9,25950,2025-12-30,PE,48.75,9.43,-0.4718,0.003000,-24.7322,5.5738,-0.3913,11712825,6031725,371435775
2025-12-29 14:00:04,25951.35,25950,2025-12-30,CE,54.05,9.06,0.5198,0.003100,-23.7996,5.5800,0.4178,14366925,13125450,160689450
2025-12-29 14:00:04,25951.35,25950,2025-12-30,PE,48.55,9.25,-0.4805,0.003100,-24.2815,5.5803,-0.3875,11712825,6031725,371567325
2025-12-29 14:00:10,25949.05,25950,2025-12-30,CE,53.6,9.12,0.5197,0.003100,-23.9609,5.5799,0.4121,14366925,13125450,160733550
2025-12-29 14:00:10,25949.05,25950,2025-12-30,PE,48.8,9.22,-0.4805,0.003100,-24.2019,5.5801,-0.3930,11712825,6031725,371639175
2025-12-29 14:00:15,25951.65,25950,2025-12-30,CE,53.8,8.96,0.5232,0.003200,-23.5105,5.5774,0.4187,14366925,13125450,160767900
2025-12-29 14:00:15,25951.65,25950,2025-12-30,PE,48.7,9.35,-0.4777,0.003000,-24.5551,5.5781,-0.3869,11712825,6031725,371684100
2025-12-29 14:00:21,25949.95,25950,2025-12-30,CE,54.2,9.02,0.5231,0.003200,-23.6726,5.5772,0.4144,14366925,13125450,160837275
2025-12-29 14:00:21,25949.95,25950,2025-12-30,PE,48.45,9.32,-0.4776,0.003100,-24.4761,5.5777,-0.3909,11712825,6031725,371782350
2025-12-29 14:00:26,25949.6,25950,2025-12-30,CE,53.8,8.79,0.5327,0.003200,-23.0359,5.5682,0.4138,14366925,13125450,160871775
2025-12-29 14:00:26,25949.6,25950,2025-12-30,PE,48.8,9.52,-0.4697,0.003000,-24.9673,5.5708,-0.3920,11712825,6031725,371849325
2025-12-29 14:00:32,25948.85,25950,2025-12-30,CE,53.85,9.29,0.5120,0.003100,-24.4214,5.5829,0.4113,14366925,13125450,160912125
2025-12-29 14:00:32,25948.85,25950,2025-12-30,PE,48.9,9.05,-0.4877,0.003100,-23.7793,5.5828,-0.3932,11712825,6031725,371918175
2025-12-29 14:00:37,25950.7,25950,2025-12-30,CE,53.75,8.91,0.5265,0.003200,-23.3823,5.5739,0.4163,14366925,13125450,160936875
2025-12-29 14:00:37,25950.7,25950,2025-12-30,PE,49.0,9.43,-0.4748,0.003000,-24.7491,5.5752,-0.3892,11712825,6031725,372000750
2025-12-29 14:00:42,25950.95,25950,2025-12-30,CE,53.55,8.99,0.5231,0.003200,-23.5947,5.5765,0.4168,14366925,13125450,160966950
2025-12-29 14:00:42,25950.95,25950,2025-12-30,PE,49.25,9.38,-0.4777,0.003000,-24.6395,5.5772,-0.3885,11712825,6031725,372108450
2025-12-29 14:00:48,25951.0,25950,2025-12-30,CE,53.6,8.97,0.5232,0.003200,-23.5552,5.5763,0.4169,14366925,13125450,161015175
2025-12-29 14:00:48,25951.0,25950,2025-12-30,PE,49.15,9.43,-0.4778,0.003000,-24.7606,5.5771,-0.3885,11712825,6031725,372193725
2025-12-29 14:00:53,25950.15,25950,2025-12-30,CE,54.2,8.90,0.5246,0.003200,-23.3508,5.5750,0.4149,14366925,13125450,161061000
2025-12-29 14:00:53,25950.15,25950,2025-12-30,PE,48.7,9.48,-0.4767,0.003000,-24.8780,5.5762,-0.3905,11712825,6031725,372274875
2025-12-29 14:00:58,25949.9,25950,2025-12-30,CE,54.05,8.82,0.5313,0.003200,-23.1258,5.5688,0.4144,14366925,13125450,161094900
2025-12-29 14:00:58,25949.9,25950,2025-12-30,PE,48.75,9.54,-0.4709,0.003000,-25.0168,5.5711,-0.3912,11712825,6031725,372329700
2025-12-29 14:01:04,25950.35,25950,2025-12-30,CE,54.1,8.82,0.5313,0.003200,-23.1264,5.5686,0.4155,14366925,13125450,161144550
2025-12-29 14:01:04,25950.35,25950,2025-12-30,PE,48.55,9.58,-0.4710,0.003000,-25.1381,5.5711,-0.3902,11712825,6031725,372397875
2025-12-29 14:01:09,25949.1,25950,2025-12-30,CE,53.85,8.82,0.5303,0.003200,-23.1312,5.5695,0.4123,14366925,13125450,161180850
2025-12-29 14:01:09,25949.1,25950,2025-12-30,PE,48.8,9.49,-0.4717,0.003000,-24.9013,5.5715,-0.3929,11712825,6031725,372444075
2025-12-29 14:01:15,25950.55,25950,2025-12-30,CE,53.75,8.82,0.5294,0.003200,-23.1357,5.5703,0.4160,14366925,13125450,161213100
2025-12-29 14:01:15,25950.55,25950,2025-12-30,PE,49.0,9.52,-0.4727,0.003000,-24.9860,5.5723,-0.3896,11712825,6031725,372493350
2025-12-29 14:01:20,25950.6,25950,2025-12-30,CE,54.25,8.87,0.5276,0.003200,-23.2632,5.5717,0.4160,14366925,13125450,161228850
2025-12-29 14:01:20,25950.6,25950,2025-12-30,PE,48.5,9.48,-0.4740,0.003000,-24.8718,5.5733,-0.3894,11712825,6031725,372547500
2025-12-29 14:01:25,25951.75,25950,2025-12-30,CE,54.7,8.96,0.5264,0.003200,-23.5087,5.5727,0.4186,14366925,13125450,161386725
2025-12-29 14:01:25,25951.75,25950,2025-12-30,PE,47.9,9.37,-0.4747,0.003000,-24.5944,5.5736,-0.3864,11712825,6031725,372818100
2025-12-29 14:01:31,25952.75,25950,2025-12-30,CE,54.8,8.91,0.5326,0.003200,-23.3640,5.5665,0.4212,14366925,13125450,161440875
2025-12-29 14:01:31,25952.75,25950,2025-12-30,PE,47.75,9.40,-0.4690,0.003000,-24.6521,5.5683,-0.3841,11712825,6031725,372879900
2025-12-29 14:01:36,25950.4,25950,2025-12-30,CE,54.95,8.88,0.5362,0.003200,-23.2679,5.5621,0.4154,14366925,13125450,161627250
2025-12-29 14:01:36,25950.4,25950,2025-12-30,PE,47.75,9.40,-0.4657,0.003000,-24.6376,5.5644,-0.3896,11712825,6031725,373058325
2025-12-29 14:01:42,25951.4,25950,2025-12-30,CE,54.85,9.26,0.5201,0.003100,-24.3332,5.5769,0.4171,14366925,13125450,161676150
2025-12-29 14:01:42,25951.4,25950,2025-12-30,PE,47.95,9.12,-0.4797,0.003100,-23.9716,5.5767,-0.3868,11712825,6031725,373096050
2025-12-29 14:01:47,25953.95,25950,2025-12-30,CE,55.15,9.22,0.5226,0.003100,-24.2060,5.5750,0.4233,14366925,13125450,161725725
2025-12-29 14:01:47,25953.95,25950,2025-12-30,PE,47.6,9.17,-0.4773,0.003100,-24.0854,5.5749,-0.3807,11712825,6031725,373129950
2025-12-29 14:01:52,25952.35,25950,2025-12-30,CE,55.2,8.96,0.5328,0.003200,-23.4865,5.5656,0.4200,14366925,13125450,161792175
2025-12-29 14:01:52,25952.35,25950,2025-12-30,PE,47.55,9.40,-0.4687,0.003000,-24.6541,5.5672,-0.3850,11712825,6031725,373182375
2025-12-29 14:01:58,25953.0,25950,2025-12-30,CE,55.25,8.96,0.5328,0.003200,-23.4872,5.5654,0.4216,14366925,13125450,161844750
2025-12-29 14:01:58,25953.0,25950,2025-12-30,PE,47.55,9.40,-0.4687,0.003000,-24.6548,5.5671,-0.3834,11712825,6031725,373247700
2025-12-29 14:02:03,25951.95,25950,2025-12-30,CE,55.1,8.94,0.5328,0.003200,-23.4475,5.5652,0.4190,14366925,13125450,161888475
2025-12-29 14:02:03,25951.95,25950,2025-12-30,PE,47.4,9.40,-0.4687,0.003000,-24.6554,5.5669,-0.3859,11712825,6031725,373305150
2025-12-29 14:02:08,25953.65,25950,2025-12-30,CE,55.95,8.94,0.5328,0.003200,-23.4482,5.5651,0.4232,14366925,13125450,161980650
2025-12-29 14:02:08,25953.65,25950,2025-12-30,PE,46.4,9.40,-0.4687,0.003000,-24.6561,5.5668,-0.3819,11712825,6031725,373559100
2025-12-29 14:02:14,25954.05,25950,2025-12-30,CE,56.35,9.03,0.5325,0.003100,-23.6904,5.5653,0.4239,14366925,13125450,162171825
2025-12-29 14:02:14,25954.05,25950,2025-12-30,PE,46.2,9.28,-0.4683,0.003100,-24.3347,5.5662,-0.3806,11712825,6031725,373893825
2025-12-29 14:02:19,25953.2,25950,2025-12-30,CE,55.9,8.90,0.5419,0.003200,-23.2819,5.5534,0.4221,14366925,13125450,162294525
2025-12-29 14:02:19,25953.2,25950,2025-12-30,PE,46.75,9.34,-0.4600,0.003000,-24.4520,5.5562,-0.3827,11712825,6031725,374025150
2025-12-29 14:02:25,25954.45,25950,2025-12-30,CE,56.4,8.88,0.5420,0.003200,-23.2421,5.5532,0.4253,14366925,13125450,162351600
2025-12-29 14:02:25,25954.45,25950,2025-12-30,PE,46.45,9.43,-0.4604,0.003000,-24.6946,5.5565,-0.3800,11712825,6031725,374095800
2025-12-29 14:02:30,25955.55,25950,2025-12-30,CE,56.45,8.99,0.5390,0.003200,-23.5397,5.5571,0.4277,14366925,13125450,162452925
2025-12-29 14:02:30,25955.55,25950,2025-12-30,PE,46.55,9.34,-0.4624,0.003000,-24.4671,5.5590,-0.3771,11712825,6031725,374147775
2025-12-29 14:02:35,25954.45,25950,2025-12-30,CE,56.5,9.26,0.5287,0.003100,-24.3103,5.5686,0.4242,14412075,13170600,162540675
2025-12-29 14:02:35,25954.45,25950,2025-12-30,PE,46.15,9.09,-0.4708,0.003100,-23.8676,5.5681,-0.3791,11791950,6110850,374261400
2025-12-29 14:02:41,25953.8,25950,2025-12-30,CE,56.25,9.31,0.5285,0.003100,-24.4317,5.5685,0.4225,14412075,13170600,162637500
2025-12-29 14:02:41,25953.8,25950,2025-12-30,PE,46.55,9.05,-0.4707,0.003100,-23.7476,5.5678,-0.3805,11791950,6110850,374387400
2025-12-29 14:02:46,25953.9,25950,2025-12-30,CE,55.95,8.83,0.5435,0.003200,-23.1165,5.5503,0.4239,14412075,13170600,162804975
2025-12-29 14:02:46,25953.9,25950,2025-12-30,PE,46.85,9.52,-0.4595,0.003000,-24.9329,5.5547,-0.3814,11791950,6110850,374558775
2025-12-29 14:02:52,25953.95,25950,2025-12-30,CE,55.3,8.67,0.5479,0.003300,-22.6501,5.5433,0.4245,14412075,13170600,162881100
2025-12-29 14:02:52,25953.95,25950,2025-12-30,PE,47.35,9.66,-0.4568,0.002900,-25.2763,5.5508,-0.3816,11791950,6110850,374600700
2025-12-29 14:02:57,25952.75,25950,2025-12-30,CE,55.0,8.76,0.5419,0.003200,-22.9274,5.5522,0.4212,14412075,13170600,163078950
2025-12-29 14:02:57,25952.75,25950,2025-12-30,PE,47.55,9.57,-0.4615,0.003000,-25.0658,5.5570,-0.3841,11791950,6110850,374775075
2025-12-29 14:03:02,25952.4,25950,2025-12-30,CE,54.95,8.91,0.5336,0.003200,-23.3716,5.5626,0.4199,14412075,13170600,163150350
2025-12-29 14:03:02,25952.4,25950,2025-12-30,PE,47.7,9.38,-0.4680,0.003000,-24.6203,5.5644,-0.3846,11791950,6110850,374851500
2025-12-29 14:03:08,25950.05,25950,2025-12-30,CE,54.5,8.93,0.5329,0.003200,-23.4155,5.5632,0.4140,14412075,13170600,163233450
2025-12-29 14:03:08,25950.05,25950,2025-12-30,PE,48.05,9.38,-0.4686,0.003000,-24.6238,5.5649,-0.3901,11791950,6110850,374978100
2025-12-29 14:03:13,25952.65,25950,2025-12-30,CE,54.85,8.94,0.5296,0.003200,-23.4702,5.5664,0.4204,14412075,13170600,163289475
2025-12-29 14:03:13,25952.65,25950,2025-12-30,PE,47.9,9.37,-0.4716,0.003000,-24.5973,5.5677,-0.3839,11791950,6110850,375036825
2025-12-29 14:03:19,25952.55,25950,2025-12-30,CE,55.0,9.35,0.5162,0.003000,-24.5960,5.5761,0.4193,14412075,13170600,163349925
2025-12-29 14:03:19,25952.55,25950,2025-12-30,PE,47.8,9.03,-0.4832,0.003200,-23.7522,5.5758,-0.3834,11791950,6110850,375113700
2025-12-29 14:03:24,25951.8,25950,2025-12-30,CE,55.0,9.25,0.5226,0.003100,-24.2989,5.5721,0.4177,14412075,13170600,163412850
2025-12-29 14:03:24,25951.8,25950,2025-12-30,PE,47.8,9.17,-0.4773,0.003100,-24.0978,5.5720,-0.3855,11791950,6110850,375156975
2025-12-29 14:03:29,25952.75,25950,2025-12-30,CE,54.65,9.20,0.5230,0.003100,-24.1779,5.5717,0.4200,14412075,13170600,163450950
2025-12-29 14:03:29,25952.75,25950,2025-12-30,PE,48.25,9.20,-0.4770,0.003100,-24.1780,5.5717,-0.3832,11791950,6110850,375212400
2025-12-29 14:03:35,25950.3,25950,2025-12-30,CE,54.65,8.99,0.5279,0.003200,-23.5998,5.5674,0.4144,14412075,13170600,163500600
2025-12-29 14:03:35,25950.3,25950,2025-12-30,PE,48.05,9.37,-0.4731,0.003000,-24.6060,5.5684,-0.3894,11791950,6110850,375288075
2025-12-29 14:03:40,25952.55,25950,2025-12-30,CE,55.0,9.03,0.5284,0.003100,-23.7187,5.5668,0.4199,14412075,13170600,163527600
2025-12-29 14:03:40,25952.55,25950,2025-12-30,PE,47.95,9.34,-0.4724,0.003000,-24.5238,5.5677,-0.3840,11791950,6110850,375332175
2025-12-29 14:03:46,25953.25,25950,2025-12-30,CE,55.0,9.22,0.5226,0.003100,-24.2211,5.5715,0.4211,14412075,13170600,163564800
2025-12-29 14:03:46,25953.25,25950,2025-12-30,PE,48.05,9.22,-0.4774,0.003100,-24.2211,5.5714,-0.3820,11791950,6110850,375378900
2025-12-29 14:03:51,25952.4,25950,2025-12-30,CE,55.15,9.12,0.5260,0.003100,-23.9699,5.5687,0.4193,14412075,13170600,163597950
2025-12-29 14:03:51,25952.4,25950,2025-12-30,PE,47.85,9.31,-0.4745,0.003100,-24.4528,5.5691,-0.3842,11791950,6110850,375425700
2025-12-29 14:03:56,25952.15,25950,2025-12-30,CE,55.4,9.20,0.5227,0.003100,-24.1822,5.5711,0.4185,14412075,13170600,163640625
2025-12-29 14:03:56,25952.15,25950,2025-12-30,PE,47.3,9.23,-0.4774,0.003100,-24.2627,5.5712,-0.3846,11791950,6110850,375493650
2025-12-29 14:04:01,25951.15,25950,2025-12-30,CE,55.1,9.11,0.5282,0.003100,-23.9233,5.5663,0.4162,14412075,13170600,163768050
2025-12-29 14:04:01,25951.15,25950,2025-12-30,PE,47.75,9.26,-0.4722,0.003100,-24.3259,5.5667,-0.3871,11791950,6110850,375624150
2025-12-29 14:04:07,25951.15,25950,2025-12-30,CE,54.95,9.06,0.5321,0.003100,-23.7871,5.5622,0.4163,14412075,13170600,163849275
2025-12-29 14:04:07,25951.15,25950,2025-12-30,PE,47.9,9.29,-0.4686,0.003100,-24.3915,5.5631,-0.3871,11791950,6110850,375705975
2025-12-29 14:04:12,25953.5,25950,2025-12-30,CE,55.4,9.28,0.5210,0.003100,-24.3906,5.5717,0.4215,14412075,13170600,163878825
2025-12-29 14:04:12,25953.5,25950,2025-12-30,PE,47.4,9.17,-0.4788,0.003100,-24.1091,5.5715,-0.3812,11791950,6110850,375755400
2025-12-29 14:04:18,25953.45,25950,2025-12-30,CE,55.3,9.06,0.5302,0.003100,-23.7967,5.5639,0.4218,14412075,13170600,163907925
2025-12-29 14:04:18,25953.45,25950,2025-12-30,PE,47.55,9.31,-0.4705,0.003100,-24.4411,5.5646,-0.3816,11791950,6110850,375808875
2025-12-29 14:04:23,25951.6,25950,2025-12-30,CE,54.95,8.97,0.5321,0.003200,-23.5488,5.5618,0.4175,14412075,13170600,163947075
2025-12-29 14:04:23,25951.6,25950,2025-12-30,PE,47.8,9.38,-0.4692,0.003000,-24.6366,5.5632,-0.3861,11791950,6110850,375832125
2025-12-29 14:04:28,25949.9,25950,2025-12-30,CE,54.8,8.96,0.5321,0.003200,-23.5091,5.5616,0.4133,14412075,13170600,164003325
2025-12-29 14:04:28,25949.9,25950,2025-12-30,PE,47.65,9.41,-0.4693,0.003000,-24.7178,5.5632,-0.3902,11791950,6110850,375893700
2025-12-29 14:04:34,25948.65,25950,2025-12-30,CE,54.9,9.06,0.5261,0.003100,-23.8147,5.5672,0.4100,14412075,13170600,164037225
2025-12-29 14:04:34,25948.65,25950,2025-12-30,PE,47.7,9.31,-0.4745,0.003100,-24.4587,5.5677,-0.3930,11791950,6110850,375926625
2025-12-29 14:04:39,25950.95,25950,2025-12-30,CE,55.05,9.22,0.5226,0.003100,-24.2284,5.5698,0.4154,14412075,13170600,164065725
2025-12-29 14:04:39,25950.95,25950,2025-12-30,PE,47.45,9.19,-0.4773,0.003100,-24.1479,5.5697,-0.3873,11791950,6110850,375964800
2025-12-29 14:04:44,25951.5,25950,2025-12-30,CE,55.05,8.99,0.5317,0.003200,-23.5930,5.5615,0.4171,14412075,13170600,164116575
2025-12-29 14:04:44,25951.5,25950,2025-12-30,PE,47.85,9.35,-0.4694,0.003000,-24.5600,5.5628,-0.3862,11791950,6110850,376019400
2025-12-29 14:04:50,25950.65,25950,2025-12-30,CE,55.15,9.19,0.5227,0.003100,-24.1492,5.5694,0.4146,14412075,13170600,164140425
2025-12-29 14:04:50,25950.65,25950,2025-12-30,PE,47.65,9.19,-0.4773,0.003100,-24.1492,5.5694,-0.3880,11791950,6110850,376046775
2025-12-29 14:04:55,25950.7,25950,2025-12-30,CE,55.2,9.02,0.5316,0.003200,-23.6749,5.5614,0.4150,14412075,13170600,164173275
2025-12-29 14:04:55,25950.7,25950,2025-12-30,PE,47.6,9.37,-0.4695,0.003000,-24.6016,5.5626,-0.3881,11791950,6110850,376080000
2025-12-29 14:05:01,25950.85,25950,2025-12-30,CE,55.5,9.16,0.5259,0.003100,-24.0595,5.5666,0.4151,14412075,13170600,164210100
2025-12-29 14:05:01,25950.85,25950,2025-12-30,PE,47.5,9.25,-0.4743,0.003100,-24.3011,5.5668,-0.3875,11791950,6110850,376144425
2025-12-29 14:05:07,25951.4,25950,2025-12-30,CE,55.35,9.03,0.5319,0.003100,-23.7158,5.5606,0.4167,14412075,13170600,164301600
2025-12-29 14:05:07,25951.4,25950,2025-12-30,PE,47.45,9.37,-0.4692,0.003000,-24.6023,5.5618,-0.3864,11791950,6110850,376220625
2025-12-29 14:05:12,25953.35,25950,2025-12-30,CE,55.25,9.26,0.5226,0.003100,-24.3537,5.5688,0.4209,14412075,13170600,164340450
2025-12-29 14:05:12,25953.35,25950,2025-12-30,PE,47.55,9.12,-0.4771,0.003100,-23.9916,5.5685,-0.3812,11791950,6110850,376288725
2025-12-29 14:05:18,25952.5,25950,2025-12-30,CE,55.25,9.35,0.5208,0.003000,-24.6004,5.5698,0.4187,14412075,13170600,164383575
2025-12-29 14:05:18,25952.5,25950,2025-12-30,PE,47.55,9.03,-0.4785,0.003200,-23.7556,5.5693,-0.3830,11791950,6110850,376332450
2025-12-29 14:05:23,25950.85,25950,2025-12-30,CE,54.95,9.05,0.5293,0.003100,-23.7687,5.5628,0.4152,14412075,13170600,164406075
2025-12-29 14:05:23,25950.85,25950,2025-12-30,PE,48.0,9.34,-0.4715,0.003000,-24.5341,5.5636,-0.3876,11791950,6110850,376382325
2025-12-29 14:05:28,25952.75,25950,2025-12-30,CE,55.25,9.28,0.5204,0.003100,-24.4024,5.5698,0.4194,14412075,13170600,164440500
2025-12-29 14:05:28,25952.75,25950,2025-12-30,PE,47.55,9.14,-0.4794,0.003100,-24.0403,5.5696,-0.3826,11791950,6110850,376450275
2025-12-29 14:05:34,25949.3,25950,2025-12-30,CE,56.65,9.40,0.5168,0.003000,-24.7334,5.5718,0.4109,14412075,13170600,164600025
2025-12-29 14:05:34,25949.3,25950,2025-12-30,PE,46.25,9.02,-0.4826,0.003200,-23.7280,5.5714,-0.3908,11791950,6110850,376635525
2025-12-29 14:05:39,25953.35,25950,2025-12-30,CE,55.9,9.12,0.5357,0.003100,-23.9421,5.5555,0.4211,14483700,13242225,164667075
2025-12-29 14:05:39,25953.35,25950,2025-12-30,PE,46.95,9.26,-0.4648,0.003100,-24.3051,5.5561,-0.3814,12062400,6381300,376738125
2025-12-29 14:05:45,25953.15,25950,2025-12-30,CE,56.25,9.26,0.5269,0.003100,-24.3427,5.5644,0.4203,14483700,13242225,164696025
2025-12-29 14:05:45,25953.15,25950,2025-12-30,PE,46.7,9.16,-0.4729,0.003100,-24.0608,5.5642,-0.3817,12062400,6381300,376789200
2025-12-29 14:05:50,25954.35,25950,2025-12-30,CE,56.05,9.12,0.5322,0.003100,-23.9599,5.5591,0.4235,14483700,13242225,164784600
2025-12-29 14:05:50,25954.35,25950,2025-12-30,PE,46.7,9.28,-0.4683,0.003100,-24.3630,5.5596,-0.3790,12062400,6381300,376835925
2025-12-29 14:05:55,25955.95,25950,2025-12-30,CE,57.05,9.12,0.5325,0.003100,-23.9591,5.5586,0.4273,14483700,13242225,164973900
2025-12-29 14:05:55,25955.95,25950,2025-12-30,PE,45.85,9.23,-0.4678,0.003100,-24.2413,5.5590,-0.3751,12062400,6381300,377124000
2025-12-29 14:06:01,25955.0,25950,2025-12-30,CE,56.9,9.00,0.5415,0.003200,-23.5924,5.5474,0.4254,14483700,13242225,165087675
2025-12-29 14:06:01,25955.0,25950,2025-12-30,PE,45.95,9.31,-0.4598,0.003100,-24.4003,5.5493,-0.3775,12062400,6381300,377276550
2025-12-29 14:06:06,25954.25,25950,2025-12-30,CE,56.25,9.17,0.5361,0.003100,-24.0631,5.5542,0.4230,14483700,13242225,165259350
2025-12-29 14:06:06,25954.25,25950,2025-12-30,PE,46.6,9.20,-0.4640,0.003100,-24.1439,5.5544,-0.3790,12062400,6381300,377380875
2025-12-29 14:06:12,25952.55,25950,2025-12-30,CE,55.35,9.05,0.5356,0.003100,-23.7464,5.5545,0.4192,14483700,13242225,165489675
2025-12-29 14:06:12,25952.55,25950,2025-12-30,PE,47.15,9.32,-0.4654,0.003000,-24.4726,5.5557,-0.3833,12062400,6381300,377971425
2025-12-29 14:06:17,25954.1,25950,2025-12-30,CE,56.0,8.97,0.5394,0.003200,-23.5268,5.5496,0.4232,14483700,13242225,165558300
2025-12-29 14:06:17,25954.1,25950,2025-12-30,PE,46.45,9.34,-0.4621,0.003000,-24.4959,5.5516,-0.3797,12062400,6381300,378386625
2025-12-29 14:06:22,25954.4,25950,2025-12-30,CE,56.65,8.85,0.5425,0.003200,-23.1896,5.5452,0.4242,14483700,13242225,165623850
2025-12-29 14:06:22,25954.4,25950,2025-12-30,PE,46.15,9.46,-0.4601,0.003000,-24.8057,5.5490,-0.3793,12062400,6381300,378569175
2025-12-29 14:06:28,25955.5,25950,2025-12-30,CE,56.85,9.19,0.5320,0.003100,-24.1264,5.5581,0.4259,14483700,13242225,165725475
2025-12-29 14:06:28,25955.5,25950,2025-12-30,PE,45.9,9.16,-0.4679,0.003100,-24.0458,5.5580,-0.3758,12062400,6381300,378722325
2025-12-29 14:06:33,25955.15,25950,2025-12-30,CE,57.2,8.93,0.5447,0.003200,-23.3773,5.5417,0.4258,14483700,13242225,165900375
2025-12-29 14:06:33,25955.15,25950,2025-12-30,PE,45.4,9.40,-0.4575,0.003000,-24.6306,5.5450,-0.3773,12062400,6381300,379300725
2025-12-29 14:06:39,25954.1,25950,2025-12-30,CE,56.75,8.97,0.5473,0.003200,-23.4806,5.5375,0.4231,14483700,13242225,166044000
2025-12-29 14:06:39,25954.1,25950,2025-12-30,PE,45.8,9.31,-0.4543,0.003000,-24.3708,5.5401,-0.3795,12062400,6381300,379532925
2025-12-29 14:06:44,25953.1,25950,2025-12-30,CE,56.1,8.88,0.5455,0.003200,-23.2531,5.5401,0.4208,14483700,13242225,166148775
2025-12-29 14:06:44,25953.1,25950,2025-12-30,PE,46.1,9.45,-0.4571,0.003000,-24.7494,5.5441,-0.3822,12062400,6381300,379623750
2025-12-29 14:06:49,25954.55,25950,2025-12-30,CE,56.45,9.12,0.5341,0.003100,-23.9589,5.5552,0.4237,14483700,13242225,166209225
2025-12-29 14:06:49,25954.55,25950,2025-12-30,PE,45.85,9.20,-0.4662,0.003100,-24.1606,5.5555,-0.3781,12062400,6381300,379706925
2025-12-29 14:06:55,25953.5,25950,2025-12-30,CE,56.75,9.14,0.5337,0.003100,-24.0014,5.5555,0.4211,14483700,13242225,166270875
2025-12-29 14:06:55,25953.5,25950,2025-12-30,PE,45.85,9.19,-0.4664,0.003100,-24.1224,5.5556,-0.3806,12062400,6381300,379753500
2025-12-29 14:07:00,25953.35,25950,2025-12-30,CE,56.2,9.23,0.5322,0.003100,-24.2498,5.5570,0.4205,14483700,13242225,166336275
2025-12-29 14:07:00,25953.35,25950,2025-12-30,PE,46.4,9.08,-0.4673,0.003100,-23.8466,5.5564,-0.3807,12062400,6381300,379812525
2025-12-29 14:07:06,25951.1,25950,2025-12-30,CE,55.8,9.17,0.5321,0.003100,-24.0906,5.5570,0.4152,14483700,13242225,166517700
2025-12-29 14:07:06,25951.1,25950,2025-12-30,PE,46.3,9.14,-0.4678,0.003100,-24.0100,5.5568,-0.3863,12062400,6381300,379872225
2025-12-29 14:07:11,25953.1,25950,2025-12-30,CE,55.45,8.90,0.5413,0.003200,-23.3221,5.5455,0.4206,14483700,13242225,166590900
2025-12-29 14:07:11,25953.1,25950,2025-12-30,PE,46.8,9.38,-0.4607,0.003000,-24.6150,5.5484,-0.3819,12062400,6381300,379931025
2025-12-29 14:07:16,25953.3,25950,2025-12-30,CE,55.5,9.17,0.5284,0.003100,-24.1080,5.5603,0.4204,14483700,13242225,166658550
2025-12-29 14:07:16,25953.3,25950,2025-12-30,PE,46.8,9.12,-0.4715,0.003100,-23.9871,5.5602,-0.3808,12062400,6381300,379989450
2025-12-29 14:07:22,25954.7,25950,2025-12-30,CE,56.15,9.11,0.5323,0.003100,-23.9319,5.5561,0.4240,14483700,13242225,166781550
2025-12-29 14:07:22,25954.7,25950,2025-12-30,PE,46.25,9.17,-0.4679,0.003100,-24.0933,5.5563,-0.3776,12062400,6381300,380109300
2025-12-29 14:07:27,25953.95,25950,2025-12-30,CE,55.6,8.91,0.5413,0.003200,-23.3650,5.5450,0.4226,14483700,13242225,166822350
2025-12-29 14:07:27,25953.95,25950,2025-12-30,PE,46.6,9.38,-0.4607,0.003000,-24.6177,5.5477,-0.3799,12062400,6381300,380154375
2025-12-29 14:07:32,25953.75,25950,2025-12-30,CE,55.5,8.85,0.5422,0.003200,-23.2002,5.5435,0.4223,14483700,13242225,166871025
2025-12-29 14:07:32,25953.75,25950,2025-12-30,PE,46.75,9.41,-0.4602,0.003000,-24.6956,5.5470,-0.3804,12062400,6381300,380218875
2025-12-29 14:07:38,25952.85,25950,2025-12-30,CE,54.8,9.12,0.5322,0.003100,-23.9742,5.5557,0.4194,14483700,13242225,167034750
2025-12-29 14:07:38,25952.85,25950,2025-12-30,PE,47.2,9.19,-0.4680,0.003100,-24.1356,5.5559,-0.3820,12062400,6381300,380354625
2025-12-29 14:07:43,25951.3,25950,2025-12-30,CE,55.2,9.12,0.5260,0.003100,-24.0005,5.5615,0.4156,14483700,13242225,167123175
2025-12-29 14:07:43,25951.3,25950,2025-12-30,PE,47.1,9.16,-0.4741,0.003100,-24.0811,5.5616,-0.3857,12062400,6381300,380447250
2025-12-29 14:07:48,25953.0,25950,2025-12-30,CE,55.6,8.99,0.5327,0.003200,-23.6125,5.5549,0.4200,14483700,13242225,167177625
2025-12-29 14:07:48,25953.0,25950,2025-12-30,PE,46.75,9.32,-0.4684,0.003100,-24.5000,5.5561,-0.3819,12062400,6381300,380487150
2025-12-29 14:07:54,25952.7,25950,2025-12-30,CE,55.45,9.22,0.5258,0.003100,-24.2436,5.5614,0.4187,14483700,13242225,167245050
2025-12-29 14:07:54,25952.7,25950,2025-12-30,PE,46.95,9.09,-0.4739,0.003100,-23.9213,5.5611,-0.3821,12062400,6381300,380570250
2025-12-29 14:07:59,25952.7,25950,2025-12-30,CE,55.4,8.88,0.5366,0.003200,-23.3142,5.5501,0.4195,14483700,13242225,167284200
2025-12-29 14:07:59,25952.7,25950,2025-12-30,PE,47.1,9.45,-0.4655,0.003000,-24.8080,5.5527,-0.3828,12062400,6381300,380610225
2025-12-29 14:08:05,25951.7,25950,2025-12-30,CE,55.3,9.02,0.5326,0.003200,-23.6951,5.5546,0.4167,14483700,13242225,167328825
2025-12-29 14:08:05,25951.7,25950,2025-12-30,PE,46.9,9.31,-0.4683,0.003100,-24.4616,5.5556,-0.3849,12062400,6381300,380655300
2025-12-29 14:08:10,25953.05,25950,2025-12-30,CE,55.2,9.17,0.5277,0.003100,-24.1177,5.5592,0.4196,14483700,13242225,167401275
2025-12-29 14:08:10,25953.05,25950,2025-12-30,PE,47.0,9.12,-0.4721,0.003100,-23.9968,5.5591,-0.3812,12062400,6381300,380719800
2025-12-29 14:08:15,25951.65,25950,2025-12-30,CE,54.5,9.09,0.5277,0.003100,-23.9180,5.5591,0.4164,14483700,13242225,167475525
2025-12-29 14:08:15,25951.65,25950,2025-12-30,PE,47.55,9.20,-0.4726,0.003100,-24.2002,5.5594,-0.3848,12062400,6381300,380771850
2025-12-29 14:08:21,25951.05,25950,2025-12-30,CE,54.65,8.97,0.5328,0.003200,-23.5760,5.5539,0.4151,14483700,13242225,167580450
2025-12-29 14:08:21,25951.05,25950,2025-12-30,PE,47.6,9.34,-0.4684,0.003000,-24.5443,5.5553,-0.3864,12062400,6381300,380889075
2025-12-29 14:08:26,25950.85,25950,2025-12-30,CE,54.95,8.90,0.5330,0.003200,-23.3749,5.5534,0.4147,14483700,13242225,167655750
2025-12-29 14:08:26,25950.85,25950,2025-12-30,PE,47.35,9.41,-0.4687,0.003000,-24.7467,5.5554,-0.3870,12062400,6381300,380983950
2025-12-29 14:08:31,25949.1,25950,2025-12-30,CE,54.55,9.16,0.5228,0.003100,-24.0976,5.5626,0.4100,14483700,13242225,167714775
2025-12-29 14:08:31,25949.1,25950,2025-12-30,PE,47.85,9.19,-0.4773,0.003100,-24.1782,5.5627,-0.3908,12062400,6381300,381152550
2025-12-29 14:08:37,25949.9,25950,2025-12-30,CE,54.65,8.90,0.5330,0.003200,-23.3768,5.5530,0.4123,14760825,13519350,167817225
2025-12-29 14:08:37,25949.9,25950,2025-12-30,PE,47.85,9.43,-0.4687,0.003000,-24.7890,5.5550,-0.3892,12003300,6322200,381323925
2025-12-29 14:08:42,25953.85,25950,2025-12-30,CE,54.75,8.88,0.5312,0.003200,-23.3456,5.5548,0.4221,14760825,13519350,167927325
2025-12-29 14:08:42,25953.85,25950,2025-12-30,PE,47.65,9.41,-0.4705,0.003000,-24.7574,5.5566,-0.3799,12003300,6322200,381457875
2025-12-29 14:08:47,25953.95,25950,2025-12-30,CE,54.95,9.14,0.5207,0.003100,-24.0665,5.5635,0.4217,14760825,13519350,167957700
2025-12-29 14:08:47,25953.95,25950,2025-12-30,PE,47.5,9.22,-0.4795,0.003100,-24.2679,5.5636,-0.3792,12003300,6322200,381538800
2025-12-29 14:08:53,25953.05,25950,2025-12-30,CE,54.85,9.12,0.5251,0.003100,-24.0131,5.5601,0.4195,14760825,13519350,167988300
2025-12-29 14:08:53,25953.05,25950,2025-12-30,PE,47.65,9.25,-0.4752,0.003100,-24.3355,5.5604,-0.3814,12003300,6322200,381591375
2025-12-29 14:08:58,25952.75,25950,2025-12-30,CE,54.9,9.00,0.5311,0.003200,-23.6689,5.5545,0.4191,14760825,13519350,167997750
2025-12-29 14:08:58,25952.75,25950,2025-12-30,PE,47.6,9.34,-0.4700,0.003100,-24.5564,5.5556,-0.3823,12003300,6322200,381640650
2025-12-29 14:09:04,25952.85,25950,2025-12-30,CE,54.9,9.03,0.5294,0.003200,-23.7569,5.5560,0.4192,14760825,13519350,168052050
2025-12-29 14:09:04,25952.85,25950,2025-12-30,PE,47.55,9.31,-0.4714,0.003100,-24.4829,5.5568,-0.3819,12003300,6322200,381687150
2025-12-29 14:09:09,25953.2,25950,2025-12-30,CE,55.25,9.05,0.5294,0.003100,-23.7979,5.5559,0.4200,14760825,13519350,168106875
2025-12-29 14:09:09,25953.2,25950,2025-12-30,PE,47.35,9.31,-0.4714,0.003100,-24.4836,5.5566,-0.3811,12003300,6322200,381730275
2025-12-29 14:09:15,25954.05,25950,2025-12-30,CE,55.05,9.19,0.5259,0.003100,-24.1736,5.5589,0.4217,14760825,13519350,168161850
2025-12-29 14:09:15,25954.05,25950,2025-12-30,PE,47.65,9.22,-0.4742,0.003100,-24.2543,5.5590,-0.3788,12003300,6322200,381790050
2025-12-29 14:09:20,25956.5,25950,2025-12-30,CE,55.2,9.06,0.5306,0.003100,-23.8343,5.5544,0.4280,14760825,13519350,168205950
2025-12-29 14:09:20,25956.5,25950,2025-12-30,PE,47.3,9.34,-0.4703,0.003100,-24.5605,5.5553,-0.3733,12003300,6322200,381843750
2025-12-29 14:09:25,25957.5,25950,2025-12-30,CE,55.5,9.08,0.5293,0.003100,-23.8805,5.5555,0.4303,14760825,13519350,168345750
2025-12-29 14:09:25,25957.5,25950,2025-12-30,PE,47.15,9.29,-0.4714,0.003100,-24.4452,5.5561,-0.3707,12003300,6322200,382045650
2025-12-29 14:09:31,25956.3,25950,2025-12-30,CE,55.55,9.17,0.5321,0.003100,-24.1097,5.5525,0.4271,14760825,13519350,168406875
2025-12-29 14:09:31,25956.3,25950,2025-12-30,PE,47.0,9.17,-0.4679,0.003100,-24.1097,5.5525,-0.3732,12003300,6322200,382141425
2025-12-29 14:09:36,25955.85,25950,2025-12-30,CE,55.65,9.05,0.5325,0.003100,-23.7874,5.5519,0.4263,14760825,13519350,168468225
2025-12-29 14:09:36,25955.85,25950,2025-12-30,PE,46.9,9.34,-0.4684,0.003000,-24.5543,5.5530,-0.3748,12003300,6322200,382194975
2025-12-29 14:09:41,25957.7,25950,2025-12-30,CE,55.6,9.16,0.5284,0.003100,-24.0867,5.5559,0.4304,14760825,13519350,168520500
2025-12-29 14:09:41,25957.7,25950,2025-12-30,PE,47.05,9.23,-0.4718,0.003100,-24.2884,5.5561,-0.3700,12003300,6322200,382261650
2025-12-29 14:09:47,25957.3,25950,2025-12-30,CE,55.65,8.99,0.5346,0.003200,-23.6183,5.5492,0.4300,14760825,13519350,168556125
2025-12-29 14:09:47,25957.3,25950,2025-12-30,PE,46.9,9.40,-0.4668,0.003000,-24.7085,5.5509,-0.3715,12003300,6322200,382302750
2025-12-29 14:09:52,25957.05,25950,2025-12-30,CE,55.65,9.23,0.5282,0.003100,-24.2904,5.5556,0.4286,14760825,13519350,168659925
2025-12-29 14:09:52,25957.05,25950,2025-12-30,PE,46.7,9.14,-0.4715,0.003100,-24.0484,5.5554,-0.3712,12003300,6322200,382418625
2025-12-29 14:09:57,25959.6,25950,2025-12-30,CE,56.3,9.22,0.5286,0.003100,-24.2494,5.5551,0.4347,14760825,13519350,168753750
2025-12-29 14:09:57,25959.6,25950,2025-12-30,PE,46.35,9.16,-0.4713,0.003100,-24.0881,5.5550,-0.3651,12003300,6322200,382466250
2025-12-29 14:10:03,25959.3,25950,2025-12-30,CE,57.3,8.97,0.5379,0.003200,-23.5642,5.5448,0.4350,14760825,13519350,168941325
2025-12-29 14:10:03,25959.3,25950,2025-12-30,PE,45.25,9.38,-0.4637,0.003000,-24.6553,5.5468,-0.3667,12003300,6322200,382736100
2025-12-29 14:10:08,25960.95,25950,2025-12-30,CE,57.4,8.99,0.5429,0.003200,-23.5763,5.5379,0.4389,14760825,13519350,169144650
2025-12-29 14:10:08,25960.95,25950,2025-12-30,PE,45.15,9.31,-0.4585,0.003100,-24.4260,5.5399,-0.3625,12003300,6322200,383102100
2025-12-29 14:10:13,25958.95,25950,2025-12-30,CE,56.3,8.97,0.5458,0.003200,-23.5184,5.5334,0.4341,14760825,13519350,169276200
2025-12-29 14:10:13,25958.95,25950,2025-12-30,PE,46.15,9.31,-0.4558,0.003100,-24.4093,5.5358,-0.3672,12003300,6322200,383228550
2025-12-29 14:10:19,25960.05,25950,2025-12-30,CE,56.2,9.09,0.5364,0.003100,-23.8944,5.5461,0.4362,14760825,13519350,169394025
2025-12-29 14:10:19,25960.05,25950,2025-12-30,PE,46.2,9.22,-0.4640,0.003100,-24.2177,5.5467,-0.3642,12003300,6322200,383358900
2025-12-29 14:10:24,25956.95,25950,2025-12-30,CE,56.3,8.96,0.5392,0.003200,-23.5194,5.5424,0.4291,14760825,13519350,169470225
2025-12-29 14:10:24,25956.95,25950,2025-12-30,PE,45.95,9.32,-0.4623,0.003100,-24.4897,5.5444,-0.3719,12003300,6322200,383446350
2025-12-29 14:10:29,25958.7,25950,2025-12-30,CE,56.1,8.97,0.5391,0.003200,-23.5605,5.5424,0.4334,14760825,13519350,169544325
2025-12-29 14:10:29,25958.7,25950,2025-12-30,PE,46.05,9.34,-0.4623,0.003000,-24.5308,5.5443,-0.3678,12003300,6322200,383529975
2025-12-29 14:10:35,25956.9,25950,2025-12-30,CE,55.55,8.93,0.5412,0.003200,-23.4290,5.5394,0.4291,14760825,13519350,169625775
2025-12-29 14:10:35,25956.9,25950,2025-12-30,PE,46.5,9.37,-0.4606,0.003000,-24.6020,5.5420,-0.3722,12003300,6322200,383615700
2025-12-29 14:10:40,25958.3,25950,2025-12-30,CE,55.65,9.12,0.5329,0.003100,-23.9948,5.5495,0.4318,14760825,13519350,169714275
2025-12-29 14:10:40,25958.3,25950,2025-12-30,PE,46.5,9.22,-0.4674,0.003100,-24.2372,5.5499,-0.3683,12003300,6322200,383692425
2025-12-29 14:10:46,25958.95,25950,2025-12-30,CE,56.15,9.02,0.5333,0.003200,-23.7128,5.5490,0.4337,14760825,13519350,169765125
2025-12-29 14:10:46,25958.95,25950,2025-12-30,PE,46.3,9.29,-0.4677,0.003100,-24.4397,5.5500,-0.3670,12003300,6322200,383748750
2025-12-29 14:10:51,25958.5,25950,2025-12-30,CE,56.1,9.11,0.5330,0.003100,-23.9558,5.5492,0.4323,14760825,13519350,169804425
2025-12-29 14:10:51,25958.5,25950,2025-12-30,PE,46.4,9.22,-0.4674,0.003100,-24.2385,5.5496,-0.3678,12003300,6322200,383793825
2025-12-29 14:10:56,25959.55,25950,2025-12-30,CE,56.4,9.08,0.5343,0.003100,-23.8697,5.5475,0.4349,14760825,13519350,169862475
2025-12-29 14:10:56,25959.55,25950,2025-12-30,PE,46.05,9.26,-0.4663,0.003100,-24.3544,5.5483,-0.3654,12003300,6322200,383891400
2025-12-29 14:11:02,25960.35,25950,2025-12-30,CE,56.1,9.09,0.5355,0.003100,-23.9045,5.5460,0.4368,14760825,13519350,169915875
2025-12-29 14:11:02,25960.35,25950,2025-12-30,PE,46.25,9.25,-0.4650,0.003100,-24.3086,5.5466,-0.3635,12003300,6322200,383954925
2025-12-29 14:11:07,25957.85,25950,2025-12-30,CE,55.35,9.08,0.5353,0.003100,-23.8669,5.5460,0.4307,14760825,13519350,170062125
2025-12-29 14:11:07,25957.85,25950,2025-12-30,PE,47.0,9.26,-0.4654,0.003100,-24.3518,5.5468,-0.3694,12003300,6322200,384184575
2025-12-29 14:11:12,25960.1,25950,2025-12-30,CE,55.25,8.80,0.5421,0.003200,-23.1084,5.5369,0.4373,14760825,13519350,170147700
2025-12-29 14:11:12,25960.1,25950,2025-12-30,PE,47.0,9.52,-0.4609,0.003000,-25.0101,5.5412,-0.3651,12003300,6322200,384248475
2025-12-29 14:11:18,25958.45,25950,2025-12-30,CE,55.15,8.96,0.5335,0.003200,-23.5558,5.5476,0.4326,14760825,13519350,170241600
2025-12-29 14:11:18,25958.45,25950,2025-12-30,PE,47.1,9.34,-0.4678,0.003100,-24.5656,5.5491,-0.3682,12003300,6322200,384283650
2025-12-29 14:11:23,25956.7,25950,2025-12-30,CE,55.05,8.97,0.5334,0.003200,-23.5968,5.5475,0.4282,14760825,13519350,170388900
2025-12-29 14:11:23,25956.7,25950,2025-12-30,PE,47.3,9.34,-0.4678,0.003100,-24.5662,5.5490,-0.3723,12003300,6322200,384370800
2025-12-29 14:11:28,25956.2,25950,2025-12-30,CE,55.05,9.00,0.5308,0.003200,-23.6896,5.5502,0.4269,14760825,13519350,170450775
2025-12-29 14:11:28,25956.2,25950,2025-12-30,PE,47.2,9.31,-0.4702,0.003100,-24.4971,5.5512,-0.3734,12003300,6322200,384421425
2025-12-29 14:11:34,25956.15,25950,2025-12-30,CE,55.25,8.96,0.5328,0.003200,-23.5606,5.5479,0.4269,14760825,13519350,170483475
2025-12-29 14:11:34,25956.15,25950,2025-12-30,PE,47.1,9.37,-0.4685,0.003000,-24.6511,5.5494,-0.3737,12003300,6322200,384488550
2025-12-29 14:11:39,25957.5,25950,2025-12-30,CE,55.55,8.99,0.5331,0.003200,-23.6406,5.5475,0.4300,14886300,13644825,170535675
2025-12-29 14:11:39,25957.5,25950,2025-12-30,PE,46.9,9.37,-0.4682,0.003000,-24.6504,5.5489,-0.3705,12006975,6325875,384547725
2025-12-29 14:11:45,25957.65,25950,2025-12-30,CE,55.85,9.02,0.5330,0.003200,-23.7220,5.5475,0.4303,14886300,13644825,170587425
2025-12-29 14:11:45,25957.65,25950,2025-12-30,PE,46.55,9.31,-0.4680,0.003100,-24.4895,5.5486,-0.3699,12006975,6325875,384622275
2025-12-29 14:11:50,25956.75,25950,2025-12-30,CE,55.55,8.65,0.5497,0.003300,-22.6638,5.5240,0.4293,14886300,13644825,170629200
2025-12-29 14:11:50,25956.75,25950,2025-12-30,PE,46.9,9.61,-0.4550,0.003000,-25.2180,5.5319,-0.3729,12006975,6325875,384667350
2025-12-29 14:11:55,25957.9,25950,2025-12-30,CE,55.4,8.64,0.5465,0.003300,-22.6457,5.5291,0.4323,14886300,13644825,170668800
2025-12-29 14:11:55,25957.9,25950,2025-12-30,PE,47.1,9.64,-0.4581,0.002900,-25.3193,5.5363,-0.3704,12006975,6325875,384704625
2025-12-29 14:12:01,25957.55,25950,2025-12-30,CE,55.5,9.12,0.5285,0.003100,-24.0244,5.5515,0.4296,14886300,13644825,170692275
2025-12-29 14:12:01,25957.55,25950,2025-12-30,PE,46.6,9.23,-0.4718,0.003100,-24.3070,5.5518,-0.3698,12006975,6325875,384760950
2025-12-29 14:12:06,25957.5,25950,2025-12-30,CE,55.2,8.68,0.5460,0.003300,-22.7707,5.5297,0.4311,14886300,13644825,170743725
2025-12-29 14:12:06,25957.5,25950,2025-12-30,PE,47.45,9.64,-0.4584,0.002900,-25.3225,5.5364,-0.3713,12006975,6325875,384835275
2025-12-29 14:12:11,25957.6,25950,2025-12-30,CE,55.25,8.61,0.5483,0.003300,-22.5558,5.5257,0.4316,14886300,13644825,170816550
2025-12-29 14:12:11,25957.6,25950,2025-12-30,PE,46.95,9.64,-0.4566,0.002900,-25.3118,5.5337,-0.3710,12006975,6325875,384896625
2025-12-29 14:12:17,25957.5,25950,2025-12-30,CE,55.2,8.67,0.5441,0.003300,-22.7436,5.5322,0.4311,14886300,13644825,170857200
2025-12-29 14:12:17,25957.5,25950,2025-12-30,PE,47.25,9.61,-0.4601,0.003000,-25.2539,5.5383,-0.3711,12006975,6325875,384948000
2025-12-29 14:12:22,25958.15,25950,2025-12-30,CE,55.2,8.65,0.5464,0.003300,-22.6894,5.5284,0.4328,14886300,13644825,170888625
2025-12-29 14:12:22,25958.15,25950,2025-12-30,PE,47.25,9.64,-0.4581,0.002900,-25.3227,5.5355,-0.3697,12006975,6325875,385003125
2025-12-29 14:12:27,25958.2,25950,2025-12-30,CE,55.2,8.68,0.5440,0.003300,-22.7860,5.5319,0.4327,14886300,13644825,170993775
2025-12-29 14:12:27,25958.2,25950,2025-12-30,PE,47.25,9.64,-0.4602,0.003000,-25.3369,5.5380,-0.3696,12006975,6325875,385095225
2025-12-29 14:12:33,25956.35,25950,2025-12-30,CE,55.0,8.68,0.5447,0.003300,-22.7826,5.5307,0.4280,14886300,13644825,171027900
2025-12-29 14:12:33,25956.35,25950,2025-12-30,PE,47.4,9.61,-0.4595,0.003000,-25.2531,5.5369,-0.3737,12006975,6325875,385121775
2025-12-29 14:12:38,25956.0,25950,2025-12-30,CE,54.5,8.91,0.5359,0.003200,-23.4339,5.5424,0.4264,14886300,13644825,171103950
2025-12-29 14:12:38,25956.0,25950,2025-12-30,PE,47.8,9.46,-0.4661,0.003000,-24.8892,5.5448,-0.3741,12006975,6325875,385197450
2025-12-29 14:12:44,25958.0,25950,2025-12-30,CE,54.9,8.90,0.5331,0.003200,-23.4080,5.5455,0.4313,14886300,13644825,171167325
2025-12-29 14:12:44,25958.0,25950,2025-12-30,PE,47.45,9.43,-0.4687,0.003000,-24.8222,5.5475,-0.3693,12006975,6325875,385260375
2025-12-29 14:12:49,25955.9,25950,2025-12-30,CE,55.1,8.97,0.5328,0.003200,-23.6107,5.5456,0.4259,14886300,13644825,171208800
2025-12-29 14:12:49,25955.9,25950,2025-12-30,PE,47.4,9.40,-0.4686,0.003000,-24.7420,5.5472,-0.3741,12006975,6325875,385311000
2025-12-29 14:12:54,25954.55,25950,2025-12-30,CE,54.95,8.91,0.5330,0.003200,-23.4496,5.5452,0.4227,14886300,13644825,171241425
2025-12-29 14:12:54,25954.55,25950,2025-12-30,PE,47.35,9.45,-0.4687,0.003000,-24.8639,5.5472,-0.3774,12006975,6325875,385343850
2025-12-29 14:13:00,25954.45,25950,2025-12-30,CE,54.7,8.70,0.5426,0.003300,-22.8380,5.5329,0.4230,14886300,13644825,171324150
2025-12-29 14:13:00,25954.45,25950,2025-12-30,PE,47.7,9.63,-0.4613,0.003000,-25.3076,5.5385,-0.3780,12006975,6325875,385418625
2025-12-29 14:13:05,25954.05,25950,2025-12-30,CE,55.45,8.99,0.5299,0.003200,-23.6656,5.5482,0.4212,14886300,13644825,171395025
2025-12-29 14:13:05,25954.05,25950,2025-12-30,PE,47.05,9.38,-0.4713,0.003000,-24.7156,5.5494,-0.3783,12006975,6325875,385536000
2025-12-29 14:13:10,25953.8,25950,2025-12-30,CE,54.9,8.79,0.5399,0.003200,-23.0953,5.5364,0.4211,14886300,13644825,171440625
2025-12-29 14:13:10,25953.8,25950,2025-12-30,PE,47.6,9.52,-0.4630,0.003000,-25.0377,5.5403,-0.3792,12006975,6325875,385609275
2025-12-29 14:13:16,25951.85,25950,2025-12-30,CE,54.85,8.85,0.5365,0.003200,-23.2750,5.5407,0.4160,14886300,13644825,171495450
2025-12-29 14:13:16,25951.85,25950,2025-12-30,PE,47.45,9.52,-0.4660,0.003000,-25.0542,5.5437,-0.3837,12006975,6325875,385670400
2025-12-29 14:13:21,25952.65,25950,2025-12-30,CE,54.75,8.82,0.5366,0.003200,-23.1947,5.5404,0.4181,14886300,13644825,171551550
2025-12-29 14:13:21,25952.65,25950,2025-12-30,PE,47.85,9.49,-0.4659,0.003000,-24.9740,5.5434,-0.3818,12006975,6325875,385714125
2025-12-29 14:13:26,25953.05,25950,2025-12-30,CE,54.55,8.80,0.5366,0.003200,-23.1549,5.5401,0.4191,14886300,13644825,171598500
2025-12-29 14:13:26,25953.05,25950,2025-12-30,PE,47.65,9.52,-0.4660,0.003000,-25.0556,5.5433,-0.3809,12006975,6325875,385798050
2025-12-29 14:13:32,25951.55,25950,2025-12-30,CE,54.7,8.68,0.5404,0.003300,-22.8144,5.5351,0.4156,14886300,13644825,171662475
2025-12-29 14:13:32,25951.55,25950,2025-12-30,PE,47.65,9.61,-0.4633,0.003000,-25.2831,5.5401,-0.3845,12006975,6325875,385876800
2025-12-29 14:13:37,25953.2,25950,2025-12-30,CE,54.65,8.71,0.5399,0.003300,-22.8978,5.5356,0.4197,14886300,13644825,171698700
2025-12-29 14:13:37,25953.2,25950,2025-12-30,PE,47.7,9.61,-0.4636,0.003000,-25.2854,5.5403,-0.3807,12006975,6325875,385922250
2025-12-29 14:13:42,25954.1,25950,2025-12-30,CE,54.05,8.74,0.5379,0.003300,-22.9905,5.5380,0.4218,14886300,13644825,171948825
2025-12-29 14:13:42,25954.1,25950,2025-12-30,PE,48.0,9.57,-0.4652,0.003000,-25.1750,5.5419,-0.3785,12006975,6325875,386215800
2025-12-29 14:13:48,25952.85,25950,2025-12-30,CE,54.2,8.79,0.5335,0.003200,-23.1333,5.5431,0.4185,14886300,13644825,172091550
2025-12-29 14:13:48,25952.85,25950,2025-12-30,PE,47.9,9.51,-0.4689,0.003000,-25.0330,5.5457,-0.3812,12006975,6325875,386334450
2025-12-29 14:13:53,25951.7,25950,2025-12-30,CE,54.5,8.65,0.5386,0.003300,-22.7472,5.5368,0.4159,14886300,13644825,172135950
2025-12-29 14:13:53,25951.7,25950,2025-12-30,PE,47.6,9.63,-0.4651,0.003000,-25.3366,5.5415,-0.3841,12006975,6325875,386456475
2025-12-29 14:13:59,25949.9,25950,2025-12-30,CE,54.0,8.96,0.5297,0.003200,-23.5931,5.5467,0.4108,14886300,13644825,172213875
2025-12-29 14:13:59,25949.9,25950,2025-12-30,PE,48.4,9.37,-0.4715,0.003000,-24.6839,5.5480,-0.3879,12006975,6325875,386563425
2025-12-29 14:14:04,25949.9,25950,2025-12-30,CE,53.65,8.90,0.5331,0.003200,-23.4182,5.5430,0.4109,14886300,13644825,172355475
2025-12-29 14:14:04,25949.9,25950,2025-12-30,PE,48.6,9.45,-0.4687,0.003000,-24.8734,5.5451,-0.3879,12006975,6325875,386741775
2025-12-29 14:14:10,25948.55,25950,2025-12-30,CE,53.5,8.80,0.5315,0.003200,-23.1850,5.5446,0.4076,14886300,13644825,172436850
2025-12-29 14:14:10,25948.55,25950,2025-12-30,PE,48.75,9.55,-0.4708,0.003000,-25.1650,5.5470,-0.3912,12006975,6325875,386884575
2025-12-29 14:14:15,25948.65,25950,2025-12-30,CE,53.85,8.79,0.5302,0.003200,-23.1507,5.5457,0.4079,14886300,13644825,172490400
2025-12-29 14:14:15,25948.65,25950,2025-12-30,PE,48.7,9.55,-0.4720,0.003000,-25.1707,5.5480,-0.3909,12006975,6325875,386989200
2025-12-29 14:14:21,25948.9,25950,2025-12-30,CE,53.6,8.87,0.5300,0.003200,-23.3534,5.5458,0.4084,14886300,13644825,172555275
2025-12-29 14:14:21,25948.9,25950,2025-12-30,PE,48.9,9.48,-0.4718,0.003000,-24.9694,5.5476,-0.3903,12006975,6325875,387269175
2025-12-29 14:14:26,25944.55,25950,2025-12-30,CE,53.65,8.79,0.5302,0.003200,-23.1519,5.5454,0.3975,14886300,13644825,172639725
2025-12-29 14:14:26,25944.55,25950,2025-12-30,PE,48.95,9.61,-0.4722,0.003000,-25.3337,5.5478,-0.4004,12006975,6325875,387437850
2025-12-29 14:14:31,25945.7,25950,2025-12-30,CE,53.55,8.73,0.5337,0.003300,-22.9766,5.5416,0.4004,14886300,13644825,172739625
2025-12-29 14:14:31,25945.7,25950,2025-12-30,PE,48.9,9.64,-0.4693,0.003000,-25.4023,5.5449,-0.3977,12006975,6325875,387581775
2025-12-29 14:14:37,25945.4,25950,2025-12-30,CE,54.0,8.99,0.5223,0.003200,-23.7048,5.5519,0.3995,14886300,13644825,172852050
2025-12-29 14:14:37,25945.4,25950,2025-12-30,PE,48.4,9.40,-0.4786,0.003000,-24.7945,5.5525,-0.3983,12006975,6325875,387730425
2025-12-29 14:14:42,25945.95,25950,2025-12-30,CE,53.55,9.08,0.5221,0.003100,-23.9476,5.5519,0.4008,14765625,13524150,173031000
2025-12-29 14:14:42,25945.95,25950,2025-12-30,PE,48.85,9.31,-0.4784,0.003100,-24.5530,5.5522,-0.3970,12277725,6596625,387871950
2025-12-29 14:14:47,25944.6,25950,2025-12-30,CE,53.8,9.19,0.5159,0.003100,-24.2466,5.5553,0.3975,14765625,13524150,173190900
2025-12-29 14:14:47,25944.6,25950,2025-12-30,PE,48.65,9.20,-0.4841,0.003100,-24.2870,5.5553,-0.4002,12277725,6596625,388144725
2025-12-29 14:14:53,25943.9,25950,2025-12-30,CE,53.95,9.06,0.5237,0.003200,-23.9042,5.5502,0.3958,14765625,13524150,173227650
2025-12-29 14:14:53,25943.9,25950,2025-12-30,PE,48.4,9.31,-0.4769,0.003100,-24.5501,5.5507,-0.4018,12277725,6596625,388246800
2025-12-29 14:14:58,25944.45,25950,2025-12-30,CE,53.8,8.85,0.5300,0.003200,-23.3180,5.5445,0.3971,14765625,13524150,173274900
2025-12-29 14:14:58,25944.45,25950,2025-12-30,PE,48.5,9.49,-0.4719,0.003000,-25.0153,5.5464,-0.4005,12277725,6596625,388322550
2025-12-29 14:15:04,25941.8,25950,2025-12-30,CE,52.6,9.17,0.5194,0.003100,-24.2001,5.5529,0.3907,14765625,13524150,173470650
2025-12-29 14:15:04,25941.8,25950,2025-12-30,PE,49.1,9.23,-0.4807,0.003100,-24.3616,5.5530,-0.4068,12277725,6596625,388522800
2025-12-29 14:15:09,25943.3,25950,2025-12-30,CE,52.65,8.64,0.5337,0.003300,-22.7405,5.5403,0.3941,14765625,13524150,173693175
2025-12-29 14:15:09,25943.3,25950,2025-12-30,PE,49.25,9.66,-0.4697,0.003000,-25.4496,5.5441,-0.4031,12277725,6596625,388753725
2025-12-29 14:15:15,25943.45,25950,2025-12-30,CE,53.2,9.19,0.5134,0.003100,-24.2549,5.5556,0.3946,14765625,13524150,173834325
2025-12-29 14:15:15,25943.45,25950,2025-12-30,PE,48.7,9.17,-0.4865,0.003100,-24.2146,5.5556,-0.4028,12277725,6596625,389014050
2025-12-29 14:15:21,25945.25,25950,2025-12-30,CE,53.05,9.37,0.5080,0.003100,-24.7465,5.5571,0.3989,14765625,13524150,173930625
2025-12-29 14:15:21,25945.25,25950,2025-12-30,PE,49.05,8.97,-0.4917,0.003200,-23.6983,5.5570,-0.3984,12277725,6596625,389147400
2025-12-29 14:15:26,25944.25,25950,2025-12-30,CE,52.85,8.67,0.5326,0.003300,-22.8277,5.5411,0.3965,14765625,13524150,174033525
2025-12-29 14:15:26,25944.25,25950,2025-12-30,PE,49.25,9.66,-0.4705,0.003000,-25.4557,5.5445,-0.4008,12277725,6596625,389325900
2025-12-29 14:15:32,25941.55,25950,2025-12-30,CE,53.1,8.85,0.5252,0.003200,-23.3402,5.5479,0.3897,14765625,13524150,174110250
2025-12-29 14:15:32,25941.55,25950,2025-12-30,PE,48.95,9.51,-0.4764,0.003000,-25.0768,5.5493,-0.4071,12277725,6596625,389489475
2025-12-29 14:15:38,25941.15,25950,2025-12-30,CE,49.7,8.39,0.5316,0.003400,-22.1102,5.5416,0.3882,14765625,13524150,175091025
2025-12-29 14:15:38,25941.15,25950,2025-12-30,PE,51.5,9.83,-0.4727,0.002900,-25.9098,5.5461,-0.4078,12277725,6596625,390504150
2025-12-29 14:15:43,25940.25,25950,2025-12-30,CE,49.65,8.91,0.5074,0.003200,-23.5410,5.5565,0.3865,14765625,13524150,175375200
2025-12-29 14:15:43,25940.25,25950,2025-12-30,PE,51.7,9.34,-0.4929,0.003100,-24.6700,5.5565,-0.4103,12277725,6596625,390873750
2025-12-29 14:15:49,25938.55,25950,2025-12-30,CE,49.55,8.68,0.5131,0.003300,-22.9300,5.5546,0.3819,14765625,13524150,175560075
2025-12-29 14:15:49,25938.55,25950,2025-12-30,PE,51.75,9.54,-0.4879,0.003000,-25.1888,5.5550,-0.4140,12277725,6596625,391241025
2025-12-29 14:15:54,25937.55,25950,2025-12-30,CE,49.9,8.79,0.5052,0.003300,-23.2213,5.5565,0.3795,14765625,13524150,175721175
2025-12-29 14:15:54,25937.55,25950,2025-12-30,PE,51.65,9.41,-0.4950,0.003000,-24.8743,5.5565,-0.4165,12277725,6596625,391607775
2025-12-29 14:15:59,25936.8,25950,2025-12-30,CE,49.3,9.00,0.4994,0.003200,-23.7866,5.5564,0.3781,14765625,13524150,175944000
2025-12-29 14:15:59,25936.8,25950,2025-12-30,PE,52.05,9.25,-0.5006,0.003100,-24.4317,5.5564,-0.4185,12277725,6596625,392075925
2025-12-29 14:16:05,25936.05,25950,2025-12-30,CE,48.85,9.28,0.4868,0.003100,-24.4957,5.5523,0.3768,14765625,13524150,176164500
2025-12-29 14:16:05,25936.05,25950,2025-12-30,PE,52.25,9.00,-0.5137,0.003200,-23.7696,5.5521,-0.4209,12277725,6596625,392475750
2025-12-29 14:16:10,25937.7,25950,2025-12-30,CE,48.6,8.70,0.5075,0.003300,-22.9797,5.5556,0.3797,14765625,13524150,176307450
2025-12-29 14:16:10,25937.7,25950,2025-12-30,PE,52.65,9.55,-0.4930,0.003000,-25.2380,5.5558,-0.4158,12277725,6596625,393099675
2025-12-29 14:16:15,25935.65,25950,2025-12-30,CE,48.85,8.85,0.4993,0.003200,-23.3854,5.5559,0.3748,14765625,13524150,176472825
2025-12-29 14:16:15,25935.65,25950,2025-12-30,PE,52.35,9.40,-0.5005,0.003000,-24.8370,5.5559,-0.4209,12277725,6596625,393428700
2025-12-29 14:16:21,25935.95,25950,2025-12-30,CE,48.7,8.97,0.4946,0.003200,-23.7051,5.5550,0.3758,14765625,13524150,176606475
2025-12-29 14:16:21,25935.95,25950,2025-12-30,PE,52.75,9.23,-0.5052,0.003100,-24.3906,5.5550,-0.4205,12277725,6596625,393709650
2025-12-29 14:16:26,25937.05,25950,2025-12-30,CE,48.35,8.99,0.4946,0.003200,-23.7460,5.5548,0.3786,14765625,13524150,176719875
2025-12-29 14:16:26,25937.05,25950,2025-12-30,PE,52.95,9.26,-0.5052,0.003100,-24.4719,5.5548,-0.4178,12277725,6596625,393948000
2025-12-29 14:16:31,25935.9,25950,2025-12-30,CE,48.85,9.11,0.4884,0.003100,-24.0594,5.5524,0.3760,14765625,13524150,176976300
2025-12-29 14:16:31,25935.9,25950,2025-12-30,PE,52.15,9.09,-0.5116,0.003100,-24.0190,5.5524,-0.4209,12277725,6596625,394356300
2025-12-29 14:16:37,25936.8,25950,2025-12-30,CE,48.0,8.82,0.4944,0.003200,-23.3038,5.5545,0.3775,14765625,13524150,177204450
2025-12-29 14:16:37,25936.8,25950,2025-12-30,PE,52.95,9.35,-0.5051,0.003100,-24.7153,5.5545,-0.4182,12277725,6596625,394616325
2025-12-29 14:16:42,25935.2,25950,2025-12-30,CE,47.85,8.91,0.4936,0.003200,-23.5452,5.5541,0.3737,14765625,13524150,177378450
2025-12-29 14:16:42,25935.2,25950,2025-12-30,PE,53.25,9.28,-0.5061,0.003100,-24.5132,5.5541,-0.4221,12277725,6596625,394873350
2025-12-29 14:16:48,25936.6,25950,2025-12-30,CE,48.0,9.14,0.4812,0.003100,-24.1240,5.5475,0.3777,14765625,13524150,177659250
2025-12-29 14:16:48,25936.6,25950,2025-12-30,PE,52.95,8.99,-0.5191,0.003200,-23.7203,5.5473,-0.4193,12277725,6596625,395360925
2025-12-29 14:16:53,25936.8,25950,2025-12-30,CE,48.45,8.77,0.4934,0.003300,-23.1842,5.5536,0.3774,14765625,13524150,177734625
2025-12-29 14:16:53,25936.8,25950,2025-12-30,PE,52.6,9.40,-0.5060,0.003000,-24.8379,5.5537,-0.4180,12277725,6596625,395575725
2025-12-29 14:16:58,25936.6,25950,2025-12-30,CE,48.05,8.79,0.4964,0.003300,-23.2281,5.5542,0.3769,14765625,13524150,177801075
2025-12-29 14:16:58,25936.6,25950,2025-12-30,PE,53.1,9.38,-0.5033,0.003100,-24.8011,5.5542,-0.4185,12277725,6596625,395743200
2025-12-29 14:17:04,25935.4,25950,2025-12-30,CE,47.45,9.05,0.4893,0.003200,-23.9045,5.5517,0.3745,14765625,13524150,177975225
2025-12-29 14:17:04,25935.4,25950,2025-12-30,PE,53.45,9.16,-0.5106,0.003100,-24.1870,5.5518,-0.4218,12277725,6596625,395951175
2025-12-29 14:17:09,25933.8,25950,2025-12-30,CE,47.0,8.73,0.4937,0.003300,-23.0655,5.5532,0.3696,14765625,13524150,178205175
2025-12-29 14:17:09,25933.8,25950,2025-12-30,PE,54.05,9.45,-0.5057,0.003000,-24.9613,5.5533,-0.4249,12277725,6596625,396328950
2025-12-29 14:17:14,25933.1,25950,2025-12-30,CE,46.55,8.80,0.4892,0.003300,-23.2609,5.5514,0.3681,14765625,13524150,178339425
2025-12-29 14:17:14,25933.1,25950,2025-12-30,PE,54.4,9.35,-0.5100,0.003100,-24.7134,5.5517,-0.4267,12277725,6596625,396699075
2025-12-29 14:17:20,25935.0,25950,2025-12-30,CE,46.4,8.71,0.4911,0.003300,-23.0228,5.5520,0.3726,14765625,13524150,178475700
2025-12-29 14:17:20,25935.0,25950,2025-12-30,PE,54.45,9.49,-0.5080,0.003000,-25.0804,5.5523,-0.4219,12277725,6596625,396999150
2025-12-29 14:17:25,25933.95,25950,2025-12-30,CE,46.3,9.16,0.4731,0.003100,-24.1384,5.5394,0.3712,14765625,13524150,178630425
2025-12-29 14:17:25,25933.95,25950,2025-12-30,PE,54.95,9.00,-0.5273,0.003200,-23.7342,5.5390,-0.4257,12277725,6596625,397520025
2025-12-29 14:17:31,25933.15,25950,2025-12-30,CE,46.8,9.11,0.4758,0.003100,-24.0296,5.5418,0.3691,14765625,13524150,178752975
2025-12-29 14:17:31,25933.15,25950,2025-12-30,PE,54.4,9.03,-0.5244,0.003200,-23.8276,5.5417,-0.4275,12277725,6596625,397804350
2025-12-29 14:17:36,25933.85,25950,2025-12-30,CE,46.4,8.83,0.4847,0.003200,-23.3342,5.5485,0.3699,14765625,13524150,178859025
2025-12-29 14:17:36,25933.85,25950,2025-12-30,PE,54.5,9.37,-0.5143,0.003100,-24.7471,5.5490,-0.4248,12277725,6596625,397975875
2025-12-29 14:17:41,25932.95,25950,2025-12-30,CE,45.8,8.87,0.4848,0.003200,-23.4156,5.5484,0.3678,14620200,13378725,179103525
2025-12-29 14:17:41,25932.95,25950,2025-12-30,PE,55.4,9.35,-0.5143,0.003100,-24.7073,5.5488,-0.4270,11492325,5811225,398367300
2025-12-29 14:17:47,25934.25,25950,2025-12-30,CE,46.15,8.73,0.4845,0.003300,-23.0529,5.5480,0.3706,14620200,13378725,179212200
2025-12-29 14:17:47,25934.25,25950,2025-12-30,PE,55.2,9.52,-0.5140,0.003000,-25.1521,5.5488,-0.4235,11492325,5811225,398579925
2025-12-29 14:17:52,25932.4,25950,2025-12-30,CE,46.05,8.68,0.4844,0.003300,-22.9324,5.5478,0.3657,14620200,13378725,179302425
2025-12-29 14:17:52,25932.4,25950,2025-12-30,PE,55.25,9.51,-0.5141,0.003000,-25.1124,5.5486,-0.4278,11492325,5811225,398804475
2025-12-29 14:17:57,25931.3,25950,2025-12-30,CE,46.1,8.94,0.4785,0.003200,-23.6002,5.5434,0.3639,14620200,13378725,179428275
2025-12-29 14:17:57,25931.3,25950,2025-12-30,PE,55.4,9.28,-0.5206,0.003100,-24.4890,5.5441,-0.4310,11492325,5811225,399020025
2025-12-29 14:18:03,25932.35,25950,2025-12-30,CE,45.95,9.08,0.4726,0.003200,-23.9402,5.5376,0.3669,14620200,13378725,179643450
2025-12-29 14:18:03,25932.35,25950,2025-12-30,PE,55.4,9.16,-0.5272,0.003100,-24.1424,5.5379,-0.4289,11492325,5811225,399460950
2025-12-29 14:18:08,25932.25,25950,2025-12-30,CE,45.9,9.00,0.4723,0.003200,-23.7386,5.5372,0.3664,14620200,13378725,179749875
2025-12-29 14:18:08,25932.25,25950,2025-12-30,PE,55.5,9.28,-0.5268,0.003100,-24.4665,5.5381,-0.4287,11492325,5811225,399612975
2025-12-29 14:18:13,25932.05,25950,2025-12-30,CE,45.85,8.79,0.4820,0.003300,-23.2111,5.5455,0.3652,14620200,13378725,179826300
2025-12-29 14:18:13,25932.05,25950,2025-12-30,PE,55.4,9.45,-0.5166,0.003000,-24.9477,5.5463,-0.4287,11492325,5811225,399781725
2025-12-29 14:18:19,25931.15,25950,2025-12-30,CE,45.5,8.83,0.4808,0.003200,-23.3291,5.5445,0.3630,14620200,13378725,179917575
2025-12-29 14:18:19,25931.15,25950,2025-12-30,PE,55.7,9.38,-0.5179,0.003100,-24.7832,5.5453,-0.4310,11492325,5811225,399905700
2025-12-29 14:18:24,25930.5,25950,2025-12-30,CE,45.6,8.82,0.4805,0.003200,-23.2884,5.5441,0.3614,14620200,13378725,180026175
2025-12-29 14:18:24,25930.5,25950,2025-12-30,PE,55.75,9.40,-0.5182,0.003000,-24.8233,5.5449,-0.4324,11492325,5811225,400041150
2025-12-29 14:18:30,25930.1,25950,2025-12-30,CE,45.1,9.11,0.4667,0.003100,-23.9952,5.5302,0.3615,14620200,13378725,180315750
2025-12-29 14:18:30,25930.1,25950,2025-12-30,PE,56.1,9.00,-0.5337,0.003200,-23.7118,5.5298,-0.4348,11492325,5811225,400210950
2025-12-29 14:18:35,25930.45,25950,2025-12-30,CE,44.95,8.73,0.4806,0.003300,-23.0483,5.5439,0.3608,14620200,13378725,180629025
2025-12-29 14:18:35,25930.45,25950,2025-12-30,PE,56.15,9.51,-0.5177,0.003000,-25.1084,5.5450,-0.4321,11492325,5811225,400657725
2025-12-29 14:18:40,25930.1,25950,2025-12-30,CE,45.0,8.90,0.4668,0.003200,-23.4346,5.5301,0.3606,14620200,13378725,180772650
2025-12-29 14:18:40,25930.1,25950,2025-12-30,PE,56.35,9.29,-0.5317,0.003100,-24.4873,5.5318,-0.4337,11492325,5811225,400859325
2025-12-29 14:18:46,25927.4,25950,2025-12-30,CE,44.2,9.03,0.4670,0.003200,-23.7981,5.5302,0.3546,14620200,13378725,180891450
2025-12-29 14:18:46,25927.4,25950,2025-12-30,PE,57.35,9.16,-0.5325,0.003100,-24.1220,5.5307,-0.4406,11492325,5811225,401096475
2025-12-29 14:18:51,25928.8,25950,2025-12-30,CE,44.8,8.94,0.4689,0.003200,-23.5671,5.5323,0.3575,14620200,13378725,181023150
2025-12-29 14:18:51,25928.8,25950,2025-12-30,PE,56.7,9.32,-0.5297,0.003100,-24.5789,5.5338,-0.4366,11492325,5811225,401486850
2025-12-29 14:18:56,25928.7,25950,2025-12-30,CE,44.85,8.93,0.4689,0.003200,-23.5273,5.5321,0.3572,14620200,13378725,181164000
2025-12-29 14:18:56,25928.7,25950,2025-12-30,PE,56.85,9.32,-0.5297,0.003100,-24.5796,5.5336,-0.4368,11492325,5811225,401907825
2025-12-29 14:19:02,25928.35,25950,2025-12-30,CE,44.85,8.91,0.4688,0.003200,-23.4874,5.5319,0.3563,14620200,13378725,181274775
2025-12-29 14:19:02,25928.35,25950,2025-12-30,PE,56.65,9.34,-0.5297,0.003100,-24.6207,5.5335,-0.4375,11492325,5811225,402110550
2025-12-29 14:19:07,25927.75,25950,2025-12-30,CE,44.8,9.05,0.4661,0.003200,-23.8361,5.5285,0.3554,14620200,13378725,181356375
2025-12-29 14:19:07,25927.75,25950,2025-12-30,PE,56.8,9.22,-0.5332,0.003100,-24.2816,5.5293,-0.4394,11492325,5811225,402361275
2025-12-29 14:19:13,25927.95,25950,2025-12-30,CE,44.5,8.80,0.4739,0.003300,-23.2302,5.5371,0.3547,14620200,13378725,181533525
2025-12-29 14:19:13,25927.95,25950,2025-12-30,PE,57.0,9.54,-0.5239,0.003000,-25.1712,5.5389,-0.4376,11492325,5811225,402537375
2025-12-29 14:19:18,25927.85,25950,2025-12-30,CE,44.05,9.06,0.4630,0.003200,-23.8608,5.5240,0.3557,14620200,13378725,181905375
2025-12-29 14:19:18,25927.85,25950,2025-12-30,PE,57.55,9.14,-0.5366,0.003100,-24.0635,5.5244,-0.4395,11492325,5811225,402956475
2025-12-29 14:19:23,25926.0,25950,2025-12-30,CE,44.5,8.94,0.4625,0.003200,-23.5372,5.5232,0.3506,14620200,13378725,181994475
2025-12-29 14:19:23,25926.0,25950,2025-12-30,PE,57.05,9.25,-0.5362,0.003100,-24.3479,5.5248,-0.4433,11492325,5811225,403119675
2025-12-29 14:19:29,25925.45,25950,2025-12-30,CE,43.95,8.99,0.4627,0.003200,-23.6594,5.5233,0.3495,14620200,13378725,182116575
2025-12-29 14:19:29,25925.45,25950,2025-12-30,PE,57.4,9.23,-0.5362,0.003100,-24.3080,5.5246,-0.4447,11492325,5811225,403249575
2025-12-29 14:19:34,25926.55,25950,2025-12-30,CE,44.05,9.22,0.4553,0.003100,-24.2137,5.5120,0.3532,14620200,13378725,182253825
2025-12-29 14:19:34,25926.55,25950,2025-12-30,PE,57.3,8.93,-0.5462,0.003200,-23.4418,5.5096,-0.4435,11492325,5811225,403405125
2025-12-29 14:19:40,25926.75,25950,2025-12-30,CE,43.95,8.85,0.4682,0.003200,-23.3290,5.5300,0.3519,14620200,13378725,182363325
2025-12-29 14:19:40,25926.75,25950,2025-12-30,PE,57.1,9.37,-0.5299,0.003100,-24.7055,5.5320,-0.4410,11492325,5811225,403529850
2025-12-29 14:19:45,25928.2,25950,2025-12-30,CE,45.0,9.22,0.4544,0.003100,-24.2083,5.5101,0.3571,14620200,13378725,182508900
2025-12-29 14:19:45,25928.2,25950,2025-12-30,PE,55.55,8.91,-0.5472,0.003200,-23.3955,5.5075,-0.4395,11492325,5811225,403929225
2025-12-29 14:19:50,25929.4,25950,2025-12-30,CE,44.9,9.22,0.4544,0.003100,-24.2089,5.5100,0.3599,14620200,13378725,182589300
2025-12-29 14:19:50,25929.4,25950,2025-12-30,PE,55.45,8.90,-0.5473,0.003200,-23.3555,5.5072,-0.4366,11492325,5811225,404237100
2025-12-29 14:19:56,25928.6,25950,2025-12-30,CE,44.85,9.17,0.4619,0.003100,-24.1398,5.5214,0.3578,14620200,13378725,182771550
2025-12-29 14:19:56,25928.6,25950,2025-12-30,PE,55.8,8.88,-0.5394,0.003200,-23.3692,5.5196,-0.4386,11492325,5811225,404502375
2025-12-29 14:20:01,25927.05,25950,2025-12-30,CE,44.95,8.87,0.4718,0.003200,-23.3887,5.5334,0.3526,14620200,13378725,182932350
2025-12-29 14:20:01,25927.05,25950,2025-12-30,PE,55.8,9.17,-0.5272,0.003100,-24.1981,5.5344,-0.4411,11492325,5811225,404689950
2025-12-29 14:20:06,25927.8,25950,2025-12-30,CE,44.8,8.91,0.4720,0.003200,-23.5108,5.5334,0.3547,14620200,13378725,183049050
2025-12-29 14:20:06,25927.8,25950,2025-12-30,PE,56.2,9.16,-0.5272,0.003100,-24.1583,5.5342,-0.4393,11492325,5811225,404817600
2025-12-29 14:20:12,25930.75,25950,2025-12-30,CE,45.1,9.12,0.4633,0.003100,-24.0295,5.5228,0.3627,14620200,13378725,183124050
2025-12-29 14:20:12,25930.75,25950,2025-12-30,PE,55.8,9.02,-0.5372,0.003200,-23.7457,5.5222,-0.4327,11492325,5811225,404915175
2025-12-29 14:20:17,25930.95,25950,2025-12-30,CE,45.95,9.14,0.4634,0.003100,-24.0707,5.5227,0.3632,14620200,13378725,183359625
2025-12-29 14:20:17,25930.95,25950,2025-12-30,PE,54.45,8.96,-0.5374,0.003200,-23.5842,5.5217,-0.4324,11492325,5811225,405368550
2025-12-29 14:20:23,25930.4,25950,2025-12-30,CE,45.55,9.20,0.4670,0.003100,-24.2528,5.5273,0.3621,14620200,13378725,183502650
2025-12-29 14:20:23,25930.4,25950,2025-12-30,PE,54.9,8.87,-0.5343,0.003200,-23.3614,5.5257,-0.4341,11492325,5811225,405662925
2025-12-29 14:20:28,25929.6,25950,2025-12-30,CE,45.75,9.05,0.4725,0.003200,-23.8776,5.5332,0.3596,14620200,13378725,183574425
2025-12-29 14:20:28,25929.6,25950,2025-12-30,PE,55.0,9.00,-0.5277,0.003200,-23.7562,5.5331,-0.4355,11492325,5811225,405816975
2025-12-29 14:20:34,25929.45,25950,2025-12-30,CE,45.35,8.96,0.4753,0.003200,-23.6495,5.5358,0.3588,14620200,13378725,183739650
2025-12-29 14:20:34,25929.45,25950,2025-12-30,PE,55.35,9.16,-0.5241,0.003100,-24.1754,5.5363,-0.4352,11492325,5811225,406025775
2025-12-29 14:20:39,25929.7,25950,2025-12-30,CE,45.25,8.88,0.4751,0.003200,-23.4478,5.5354,0.3591,15166575,13925100,183880425
2025-12-29 14:20:39,25929.7,25950,2025-12-30,PE,55.5,9.26,-0.5238,0.003100,-24.4592,5.5364,-0.4342,10572450,4891350,406096125
2025-12-29 14:20:45,25929.6,25950,2025-12-30,CE,45.0,8.54,0.4855,0.003400,-22.5941,5.5431,0.3573,15166575,13925100,183951900
2025-12-29 14:20:45,25929.6,25950,2025-12-30,PE,55.55,9.60,-0.5127,0.003000,-25.3819,5.5440,-0.4332,10572450,4891350,406165875
2025-12-29 14:20:50,25929.25,25950,2025-12-30,CE,45.0,8.80,0.4765,0.003300,-23.2531,5.5364,0.3576,15166575,13925100,184027275
2025-12-29 14:20:50,25929.25,25950,2025-12-30,PE,55.75,9.31,-0.5221,0.003100,-24.5878,5.5375,-0.4351,10572450,4891350,406235025
2025-12-29 14:20:55,25928.3,25950,2025-12-30,CE,45.25,9.08,0.4675,0.003200,-23.9382,5.5268,0.3564,15166575,13925100,184104675
2025-12-29 14:20:55,25928.3,25950,2025-12-30,PE,55.15,8.99,-0.5328,0.003200,-23.6951,5.5264,-0.4386,10572450,4891350,406323900
2025-12-29 14:21:01,25929.4,25950,2025-12-30,CE,45.0,8.64,0.4810,0.003300,-22.8260,5.5398,0.3572,15166575,13925100,184215225
2025-12-29 14:21:01,25929.4,25950,2025-12-30,PE,55.55,9.49,-0.5171,0.003000,-25.0898,5.5409,-0.4340,10572450,4891350,406461975
2025-12-29 14:21:06,25927.8,25950,2025-12-30,CE,44.95,8.59,0.4829,0.003300,-22.7111,5.5409,0.3529,15166575,13925100,184289700
2025-12-29 14:21:06,25927.8,25950,2025-12-30,PE,55.45,9.55,-0.5152,0.003000,-25.2574,5.5420,-0.4374,10572450,4891350,406518300
2025-12-29 14:21:11,25929.4,25950,2025-12-30,CE,45.3,8.56,0.4828,0.003300,-22.6309,5.5407,0.3568,15166575,13925100,184341225
2025-12-29 14:21:11,25929.4,25950,2025-12-30,PE,55.0,9.52,-0.5153,0.003000,-25.1773,5.5418,-0.4338,10572450,4891350,406594725
2025-12-29 14:21:17,25928.0,25950,2025-12-30,CE,44.9,8.76,0.4760,0.003300,-23.1337,5.5352,0.3542,15166575,13925100,184411575
2025-12-29 14:21:17,25928.0,25950,2025-12-30,PE,55.25,9.31,-0.5224,0.003100,-24.5901,5.5365,-0.4379,10572450,4891350,406719600
2025-12-29 14:21:22,25929.05,25950,2025-12-30,CE,45.1,8.74,0.4793,0.003300,-23.1054,5.5378,0.3567,15166575,13925100,184459800
2025-12-29 14:21:22,25929.05,25950,2025-12-30,PE,55.4,9.31,-0.5193,0.003100,-24.6017,5.5388,-0.4354,10572450,4891350,406785975
2025-12-29 14:21:28,25929.25,25950,2025-12-30,CE,45.15,8.88,0.4735,0.003200,-23.4471,5.5325,0.3578,15166575,13925100,184511625
2025-12-29 14:21:28,25929.25,25950,2025-12-30,PE,54.95,9.16,-0.5256,0.003100,-24.1757,5.5333,-0.4355,10572450,4891350,406881600
2025-12-29 14:21:33,25929.45,25950,2025-12-30,CE,45.15,8.76,0.4774,0.003300,-23.1410,5.5358,0.3577,15166575,13925100,184626750
2025-12-29 14:21:33,25929.45,25950,2025-12-30,PE,55.25,9.29,-0.5212,0.003100,-24.5569,5.5369,-0.4345,10572450,4891350,407036475
2025-12-29 14:21:38,25931.65,25950,2025-12-30,CE,45.45,8.91,0.4730,0.003200,-23.5273,5.5315,0.3638,15166575,13925100,184686000
2025-12-29 14:21:38,25931.65,25950,2025-12-30,PE,54.9,9.17,-0.5262,0.003100,-24.2155,5.5323,-0.4297,10572450,4891350,407128350
2025-12-29 14:21:44,25931.1,25950,2025-12-30,CE,45.7,8.54,0.4871,0.003400,-22.6053,5.5422,0.3610,15166575,13925100,184742175
2025-12-29 14:21:44,25931.1,25950,2025-12-30,PE,54.4,9.55,-0.5113,0.003000,-25.2724,5.5429,-0.4297,10572450,4891350,407229150
2025-12-29 14:21:49,25931.75,25950,2025-12-30,CE,45.95,8.93,0.4752,0.003200,-23.5790,5.5333,0.3640,15166575,13925100,184922625
2025-12-29 14:21:49,25931.75,25950,2025-12-30,PE,53.85,9.05,-0.5244,0.003200,-23.9027,5.5336,-0.4298,10572450,4891350,407609400
2025-12-29 14:21:55,25931.55,25950,2025-12-30,CE,45.55,8.94,0.4753,0.003200,-23.6201,5.5332,0.3636,15166575,13925100,185069775
2025-12-29 14:21:55,25931.55,25950,2025-12-30,PE,54.5,9.02,-0.5245,0.003200,-23.8224,5.5333,-0.4303,10572450,4891350,407740950
2025-12-29 14:22:00,25931.3,25950,2025-12-30,CE,45.7,8.93,0.4752,0.003200,-23.5803,5.5329,0.3629,15166575,13925100,185152875
2025-12-29 14:22:00,25931.3,25950,2025-12-30,PE,54.45,9.11,-0.5242,0.003100,-24.0660,5.5334,-0.4306,10572450,4891350,407817000
2025-12-29 14:22:05,25931.0,25950,2025-12-30,CE,45.5,8.93,0.4752,0.003200,-23.5803,5.5329,0.3621,15166575,13925100,185219250
2025-12-29 14:22:05,25931.0,25950,2025-12-30,PE,54.6,9.11,-0.5242,0.003100,-24.0660,5.5334,-0.4313,10572450,4891350,407878875
2025-12-29 14:22:11,25930.25,25950,2025-12-30,CE,45.5,8.73,0.4815,0.003300,-23.0785,5.5380,0.3595,15166575,13925100,185254425
2025-12-29 14:22:11,25930.25,25950,2025-12-30,PE,54.7,9.28,-0.5173,0.003100,-24.5343,5.5387,-0.4325,10572450,4891350,407927850
2025-12-29 14:22:16,25929.05,25950,2025-12-30,CE,45.35,8.91,0.4749,0.003200,-23.5398,5.5323,0.3572,15166575,13925100,185317275
2025-12-29 14:22:16,25929.05,25950,2025-12-30,PE,54.85,9.09,-0.5246,0.003200,-24.0256,5.5328,-0.4360,10572450,4891350,407980500
2025-12-29 14:22:22,25929.05,25950,2025-12-30,CE,45.4,8.73,0.4825,0.003300,-23.0826,5.5384,0.3564,15166575,13925100,185365950
2025-12-29 14:22:22,25929.05,25950,2025-12-30,PE,54.85,9.35,-0.5162,0.003100,-24.7405,5.5391,-0.4350,10572450,4891350,408023625
2025-12-29 14:22:27,25929.35,25950,2025-12-30,CE,44.55,8.67,0.4827,0.003300,-22.9224,5.5383,0.3569,15166575,13925100,185556525
2025-12-29 14:22:27,25929.35,25950,2025-12-30,PE,56.0,9.38,-0.5158,0.003100,-24.8230,5.5392,-0.4341,10572450,4891350,408240975
2025-12-29 14:22:33,25930.35,25950,2025-12-30,CE,44.85,8.70,0.4795,0.003300,-22.9940,5.5359,0.3595,15166575,13925100,185631525
2025-12-29 14:22:33,25930.35,25950,2025-12-30,PE,55.65,9.38,-0.5189,0.003100,-24.8144,5.5370,-0.4318,10572450,4891350,408336750
2025-12-29 14:22:38,25928.8,25950,2025-12-30,CE,44.95,8.82,0.4749,0.003200,-23.3008,5.5318,0.3561,15166575,13925100,185689950
2025-12-29 14:22:38,25928.8,25950,2025-12-30,PE,55.6,9.25,-0.5238,0.003100,-24.4342,5.5328,-0.4359,10572450,4891350,408441150
2025-12-29 14:22:43,25929.5,25950,2025-12-30,CE,45.2,8.73,0.4776,0.003300,-23.0708,5.5337,0.3574,15166575,13925100,185778825
2025-12-29 14:22:43,25929.5,25950,2025-12-30,PE,55.2,9.03,-0.5305,0.003200,-23.8422,5.5258,-0.4351,10572450,4891350,408578850
2025-12-29 14:22:49,25930.95,25950,2025-12-30,CE,45.45,8.67,0.4830,0.003300,-22.9271,5.5376,0.3608,15166575,13925100,185814900
2025-12-29 14:22:49,25930.95,25950,2025-12-30,PE,54.65,9.38,-0.5155,0.003100,-24.8279,5.5385,-0.4303,10572450,4891350,408670875
2025-12-29 14:22:54,25930.9,25950,2025-12-30,CE,45.6,8.82,0.4778,0.003300,-23.3149,5.5336,0.3613,15166575,13925100,185889525
2025-12-29 14:22:54,25930.9,25950,2025-12-30,PE,54.45,9.17,-0.5212,0.003100,-24.2457,5.5343,-0.4311,10572450,4891350,408752025
2025-12-29 14:22:59,25931.15,25950,2025-12-30,CE,45.85,8.88,0.4783,0.003200,-23.4786,5.5338,0.3621,15166575,13925100,185986350
2025-12-29 14:22:59,25931.15,25950,2025-12-30,PE,54.35,9.12,-0.5210,0.003100,-24.1261,5.5343,-0.4307,10572450,4891350,408841500
2025-12-29 14:23:05,25930.65,25950,2025-12-30,CE,45.7,8.88,0.4783,0.003200,-23.4786,5.5338,0.3608,15166575,13925100,186106125
2025-12-29 14:23:05,25930.65,25950,2025-12-30,PE,54.55,9.12,-0.5210,0.003100,-24.1261,5.5343,-0.4319,10572450,4891350,408889200
2025-12-29 14:23:10,25931.4,25950,2025-12-30,CE,45.75,8.88,0.4783,0.003200,-23.4793,5.5337,0.3627,15166575,13925100,186213225
2025-12-29 14:23:10,25931.4,25950,2025-12-30,PE,54.7,9.19,-0.5209,0.003100,-24.2887,5.5342,-0.4298,10572450,4891350,408946350
2025-12-29 14:23:16,25929.6,25950,2025-12-30,CE,45.8,9.12,0.4711,0.003100,-24.0953,5.5266,0.3592,15166575,13925100,186273675
2025-12-29 14:23:16,25929.6,25950,2025-12-30,PE,54.85,8.93,-0.5296,0.003200,-23.5685,5.5259,-0.4351,10572450,4891350,408996075
2025-12-29 14:23:21,25930.4,25950,2025-12-30,CE,46.05,9.22,0.4677,0.003100,-24.3205,5.5226,0.3614,15166575,13925100,186380100
2025-12-29 14:23:21,25930.4,25950,2025-12-30,PE,54.35,8.82,-0.5339,0.003200,-23.2662,5.5208,-0.4336,10572450,4891350,409063800
2025-12-29 14:23:27,25931.05,25950,2025-12-30,CE,46.1,8.65,0.4863,0.003300,-22.8987,5.5387,0.3608,15166575,13925100,186542325
2025-12-29 14:23:27,25931.05,25950,2025-12-30,PE,54.3,9.46,-0.5123,0.003000,-25.0419,5.5393,-0.4297,10572450,4891350,409221675
2025-12-29 14:23:32,25930.25,25950,2025-12-30,CE,46.25,8.73,0.4868,0.003300,-23.1022,5.5388,0.3591,15166575,13925100,186642750
2025-12-29 14:23:32,25930.25,25950,2025-12-30,PE,54.1,9.34,-0.5122,0.003100,-24.7197,5.5392,-0.4319,10572450,4891350,409317000
2025-12-29 14:23:37,25932.25,25950,2025-12-30,CE,46.95,8.61,0.4906,0.003300,-22.7869,5.5404,0.3637,15166575,13925100,186775950
2025-12-29 14:23:37,25932.25,25950,2025-12-30,PE,53.05,9.48,-0.5084,0.003000,-25.0914,5.5407,-0.4268,10572450,4891350,409537275
2025-12-29 14:23:43,25933.35,25950,2025-12-30,CE,47.3,8.67,0.4907,0.003300,-22.9493,5.5402,0.3667,15564975,14323500,186977100
2025-12-29 14:23:43,25933.35,25950,2025-12-30,PE,52.65,9.45,-0.5084,0.003000,-25.0112,5.5405,-0.4243,10605900,4924800,409774800
2025-12-29 14:23:48,25937.85,25950,2025-12-30,CE,48.4,8.79,0.4911,0.003300,-23.2739,5.5403,0.3783,15564975,14323500,187251300
2025-12-29 14:23:48,25937.85,25950,2025-12-30,PE,51.35,9.23,-0.5083,0.003100,-24.4464,5.5404,-0.4141,10605900,4924800,410149725
2025-12-29 14:23:53,25938.45,25950,2025-12-30,CE,52.4,8.76,0.5009,0.003300,-23.2027,5.5420,0.3797,15564975,14323500,188219025
2025-12-29 14:23:53,25938.45,25950,2025-12-30,PE,47.15,9.31,-0.4990,0.003100,-24.6579,5.5420,-0.4126,10605900,4924800,411450825
2025-12-29 14:23:59,25942.15,25950,2025-12-30,CE,53.05,9.14,0.5063,0.003100,-24.2126,5.5415,0.3893,15564975,14323500,188744925
2025-12-29 14:23:59,25942.15,25950,2025-12-30,PE,46.5,8.82,-0.4935,0.003300,-23.3636,5.5414,-0.4041,10605900,4924800,411867600
2025-12-29 14:24:04,25943.05,25950,2025-12-30,CE,54.7,9.12,0.5139,0.003100,-24.1634,5.5392,0.3914,15564975,14323500,189345900
2025-12-29 14:24:04,25943.05,25950,2025-12-30,PE,45.0,8.82,-0.4857,0.003300,-23.3545,5.5390,-0.4018,10605900,4924800,412406025
2025-12-29 14:24:10,25943.6,25950,2025-12-30,CE,54.35,8.73,0.5338,0.003300,-23.0497,5.5237,0.3926,15564975,14323500,190030800
2025-12-29 14:24:10,25943.6,25950,2025-12-30,PE,44.8,9.16,-0.4677,0.003100,-24.1856,5.5255,-0.4003,10605900,4924800,413068725
2025-12-29 14:24:15,25943.95,25950,2025-12-30,CE,55.6,8.85,0.5398,0.003200,-23.3419,5.5163,0.3935,15564975,14323500,190436850
2025-12-29 14:24:15,25943.95,25950,2025-12-30,PE,43.9,9.00,-0.4608,0.003200,-23.7481,5.5172,-0.3995,10605900,4924800,413445600
2025-12-29 14:24:21,25944.35,25950,2025-12-30,CE,54.25,8.82,0.5348,0.003200,-23.2883,5.5224,0.3945,15564975,14323500,191073525
2025-12-29 14:24:21,25944.35,25950,2025-12-30,PE,45.2,9.00,-0.4659,0.003200,-23.7753,5.5232,-0.3985,10605900,4924800,413891100
2025-12-29 14:24:26,25944.8,25950,2025-12-30,CE,55.75,8.85,0.5463,0.003200,-23.3039,5.5067,0.3956,15564975,14323500,191489025
2025-12-29 14:24:26,25944.8,25950,2025-12-30,PE,43.7,8.94,-0.4542,0.003200,-23.5481,5.5074,-0.3974,10605900,4924800,414271575
2025-12-29 14:24:32,25943.1,25950,2025-12-30,CE,56.3,9.12,0.5327,0.003100,-24.1056,5.5244,0.3914,15564975,14323500,191983575
2025-12-29 14:24:32,25943.1,25950,2025-12-30,PE,43.45,8.79,-0.4661,0.003300,-23.2131,5.5230,-0.4016,10605900,4924800,414522225
2025-12-29 14:24:37,25944.6,25950,2025-12-30,CE,55.75,8.79,0.5479,0.003200,-23.1337,5.5039,0.3950,15564975,14323500,192328725
2025-12-29 14:24:37,25944.6,25950,2025-12-30,PE,43.95,9.08,-0.4536,0.003100,-23.9073,5.5063,-0.3978,10605900,4924800,414714150
2025-12-29 14:24:42,25950.65,25950,2025-12-30,CE,56.2,9.11,0.5372,0.003100,-24.0443,5.5190,0.4096,15564975,14323500,192580650
2025-12-29 14:24:42,25950.65,25950,2025-12-30,PE,43.65,8.80,-0.4616,0.003200,-23.2321,5.5173,-0.3826,10605900,4924800,414873750
2025-12-29 14:24:48,25955.4,25950,2025-12-30,CE,57.45,8.90,0.5416,0.003200,-23.4565,5.5130,0.4217,15564975,14323500,193025250
2025-12-29 14:24:48,25955.4,25950,2025-12-30,PE,42.0,9.08,-0.4486,0.003100,-23.8735,5.4976,-0.3716,10605900,4924800,415375275
2025-12-29 14:24:53,25953.6,25950,2025-12-30,CE,57.0,8.76,0.5532,0.003200,-23.0171,5.4943,0.4176,15564975,14323500,193345425
2025-12-29 14:24:53,25953.6,25950,2025-12-30,PE,42.05,9.08,-0.4486,0.003100,-23.8735,5.4976,-0.3759,10605900,4924800,415761375
2025-12-29 14:24:59,25956.2,25950,2025-12-30,CE,57.25,8.42,0.5637,0.003400,-22.0520,5.4731,0.4253,15564975,14323500,193920150
2025-12-29 14:24:59,25956.2,25950,2025-12-30,PE,41.8,9.25,-0.4418,0.003100,-24.2609,5.4848,-0.3701,10605900,4924800,416277600
2025-12-29 14:25:04,25956.45,25950,2025-12-30,CE,57.15,8.73,0.5541,0.003300,-22.9324,5.4923,0.4248,15564975,14323500,194236950
2025-12-29 14:25:04,25956.45,25950,2025-12-30,PE,42.5,8.99,-0.4474,0.003200,-23.6260,5.4951,-0.3687,10605900,4924800,416540100
2025-12-29 14:25:09,25956.75,25950,2025-12-30,CE,58.3,8.50,0.5642,0.003300,-22.2492,5.4718,0.4264,15564975,14323500,194692500
2025-12-29 14:25:09,25956.75,25950,2025-12-30,PE,41.5,9.20,-0.4406,0.003100,-24.1315,5.4820,-0.3686,10605900,4924800,417285300
2025-12-29 14:25:15,25957.25,25950,2025-12-30,CE,57.4,8.56,0.5637,0.003300,-22.4136,5.4727,0.4274,15564975,14323500,195070425
2025-12-29 14:25:15,25957.25,25950,2025-12-30,PE,42.15,9.23,-0.4407,0.003100,-24.2139,5.4823,-0.3675,10605900,4924800,417635925
2025-12-29 14:25:20,25957.8,25950,2025-12-30,CE,57.5,8.85,0.5559,0.003200,-23.2407,5.4884,0.4277,15564975,14323500,195470775
2025-12-29 14:25:20,25957.8,25950,2025-12-30,PE,41.95,8.94,-0.4446,0.003200,-23.4857,5.4895,-0.3651,10605900,4924800,417915150
2025-12-29 14:25:25,25957.2,25950,2025-12-30,CE,57.1,8.53,0.5646,0.003300,-22.3270,5.4704,0.4273,15564975,14323500,195699375
2025-12-29 14:25:25,25957.2,25950,2025-12-30,PE,42.15,9.20,-0.4399,0.003100,-24.1280,5.4803,-0.3675,10605900,4924800,418259700
2025-12-29 14:25:31,25957.85,25950,2025-12-30,CE,56.2,8.51,0.5670,0.003300,-22.2653,5.4648,0.4291,15564975,14323500,196025025
2025-12-29 14:25:31,25957.85,25950,2025-12-30,PE,43.2,9.16,-0.4375,0.003100,-23.9861,5.4750,-0.3658,10605900,4924800,418580250
2025-12-29 14:25:36,25957.2,25950,2025-12-30,CE,56.5,8.53,0.5606,0.003300,-22.3628,5.4786,0.4273,15564975,14323500,196174275
2025-12-29 14:25:36,25957.2,25950,2025-12-30,PE,43.0,9.20,-0.4436,0.003100,-24.1613,5.4873,-0.3674,10605900,4924800,418964025
2025-12-29 14:25:42,25957.65,25950,2025-12-30,CE,56.85,8.50,0.5615,0.003300,-22.2759,5.4766,0.4286,15564975,14323500,196289025
2025-12-29 14:25:42,25957.65,25950,2025-12-30,PE,42.7,9.26,-0.4434,0.003100,-24.3202,5.4867,-0.3665,10605900,4924800,419307150
2025-12-29 14:25:47,25960.55,25950,2025-12-30,CE,57.5,8.58,0.5593,0.003300,-22.4950,5.4810,0.4356,15564975,14323500,196457550
2025-12-29 14:25:47,25960.55,25950,2025-12-30,PE,41.6,9.12,-0.4429,0.003100,-23.9564,5.4853,-0.3591,10605900,4924800,419806875
2025-12-29 14:25:52,25962.7,25950,2025-12-30,CE,58.85,8.61,0.5604,0.003300,-22.5663,5.4786,0.4409,15564975,14323500,196872675
2025-12-29 14:25:52,25962.7,25950,2025-12-30,PE,39.8,8.88,-0.4474,0.003200,-23.3516,5.4935,-0.3527,10605900,4924800,420401775
2025-12-29 14:25:58,25963.85,25950,2025-12-30,CE,58.1,8.90,0.5525,0.003200,-23.3924,5.4937,0.4422,15564975,14323500,197387700
2025-12-29 14:25:58,25963.85,25950,2025-12-30,PE,40.65,8.88,-0.4474,0.003200,-23.3516,5.4935,-0.3499,10605900,4924800,420962250
2025-12-29 14:26:01,25964.9,25950,2025-12-30,CE,58.6,8.83,0.5602,0.003200,-23.1701,5.4788,0.4451,15564975,14323500,197713500
2025-12-29 14:26:01,25964.9,25950,2025-12-30,PE,40.55,8.85,-0.4399,0.003200,-23.2110,5.4790,-0.3471,10605900,4924800,421277250
2025-12-29 14:26:03,25965.85,25950,2025-12-30,CE,58.6,8.83,0.5602,0.003200,-23.1701,5.4788,0.4475,15564975,14323500,197713500
2025-12-29 14:26:03,25965.85,25950,2025-12-30,PE,40.55,8.85,-0.4399,0.003200,-23.2110,5.4790,-0.3448,10605900,4924800,421277250
2025-12-29 14:26:08,25965.75,25950,2025-12-30,CE,59.85,8.70,0.5663,0.003300,-22.7555,5.4654,0.4480,15564975,14323500,198150900
2025-12-29 14:26:08,25965.75,25950,2025-12-30,PE,39.5,8.94,-0.4354,0.003200,-23.4114,5.4694,-0.3455,10605900,4924800,421633125
2025-12-29 14:26:14,25967.85,25950,2025-12-30,CE,59.2,8.82,0.5680,0.003200,-23.0601,5.4613,0.4524,15564975,14323500,199340175
2025-12-29 14:26:14,25967.85,25950,2025-12-30,PE,39.45,8.87,-0.4323,0.003200,-23.1832,5.4621,-0.3400,10605900,4924800,422670975
2025-12-29 14:26:19,25967.0,25950,2025-12-30,CE,58.9,8.22,0.5854,0.003400,-21.3240,5.4150,0.4543,15564975,14323500,199648650
2025-12-29 14:26:19,25967.0,25950,2025-12-30,PE,39.85,9.23,-0.4236,0.003100,-24.0481,5.4405,-0.3442,10605900,4924800,422888925
2025-12-29 14:26:24,25966.7,25950,2025-12-30,CE,59.25,8.54,0.5711,0.003300,-22.3131,5.4534,0.4513,15564975,14323500,199830450
2025-12-29 14:26:24,25966.7,25950,2025-12-30,PE,39.85,9.02,-0.4325,0.003100,-23.5861,5.4621,-0.3436,10605900,4924800,423149325
2025-12-29 14:26:30,25967.5,25950,2025-12-30,CE,59.65,8.54,0.5711,0.003300,-22.3131,5.4534,0.4533,15564975,14323500,200077050
2025-12-29 14:26:30,25967.5,25950,2025-12-30,PE,39.35,9.02,-0.4325,0.003100,-23.5861,5.4621,-0.3417,10605900,4924800,423319950
2025-12-29 14:26:35,25967.8,25950,2025-12-30,CE,58.9,8.32,0.5866,0.003400,-21.5502,5.4112,0.4556,15564975,14323500,200320875
2025-12-29 14:26:35,25967.8,25950,2025-12-30,PE,39.85,8.91,-0.4314,0.003200,-23.2962,5.4593,-0.3403,10605900,4924800,423502050
2025-12-29 14:26:41,25967.55,25950,2025-12-30,CE,58.75,8.91,0.5597,0.003200,-23.3803,5.4784,0.4510,15375000,14133525,200504700
2025-12-29 14:26:41,25967.55,25950,2025-12-30,PE,40.3,9.22,-0.4216,0.003100,-23.9874,5.4349,-0.3427,11580750,5899650,423661425
2025-12-29 14:26:46,25966.6,25950,2025-12-30,CE,59.0,8.91,0.5601,0.003200,-23.3782,5.4776,0.4486,15375000,14133525,200710200
2025-12-29 14:26:46,25966.6,25950,2025-12-30,PE,39.75,8.80,-0.4396,0.003200,-23.0939,5.4770,-0.3425,11580750,5899650,423914625
2025-12-29 14:26:51,25967.1,25950,2025-12-30,CE,59.0,9.00,0.5566,0.003200,-23.6483,5.4843,0.4493,15375000,14133525,200861700
2025-12-29 14:26:51,25967.1,25950,2025-12-30,PE,40.2,8.70,-0.4415,0.003300,-22.8307,5.4804,-0.3406,11580750,5899650,424041900
2025-12-29 14:26:57,25966.45,25950,2025-12-30,CE,58.75,8.30,0.5840,0.003400,-21.5426,5.4181,0.4521,15375000,14133525,201059475
2025-12-29 14:26:57,25966.45,25950,2025-12-30,PE,40.1,9.29,-0.4246,0.003000,-24.2243,5.4423,-0.3457,11580750,5899650,424156200
2025-12-29 14:27:02,25966.05,25950,2025-12-30,CE,57.6,8.48,0.5750,0.003300,-22.1191,5.4427,0.4499,15375000,14133525,201330900
2025-12-29 14:27:02,25966.05,25950,2025-12-30,PE,40.9,9.09,-0.4299,0.003100,-23.7641,5.4550,-0.3455,11580750,5899650,424300950
2025-12-29 14:27:08,25966.0,25950,2025-12-30,CE,57.8,8.24,0.5771,0.003400,-21.4606,5.4368,0.4513,15375000,14133525,201652950
2025-12-29 14:27:08,25966.0,25950,2025-12-30,PE,40.8,9.23,-0.4309,0.003100,-24.1344,5.4573,-0.3463,11580750,5899650,424517550
2025-12-29 14:27:13,25968.7,25950,2025-12-30,CE,58.4,8.42,0.5755,0.003300,-21.9555,5.4410,0.4570,15375000,14133525,201821700
2025-12-29 14:27:13,25968.7,25950,2025-12-30,PE,40.45,9.14,-0.4302,0.003100,-23.8886,5.4555,-0.3394,11580750,5899650,424689750
2025-12-29 14:27:19,25972.25,25950,2025-12-30,CE,58.6,8.35,0.5795,0.003400,-21.7142,5.4301,0.4667,15375000,14133525,202027950
2025-12-29 14:27:19,25972.25,25950,2025-12-30,PE,40.2,9.22,-0.4277,0.003100,-24.0620,5.4493,-0.3316,11580750,5899650,424849950
2025-12-29 14:27:24,25971.45,25950,2025-12-30,CE,59.85,8.41,0.5857,0.003300,-21.8043,5.4124,0.4641,15375000,14133525,202743675
2025-12-29 14:27:24,25971.45,25950,2025-12-30,PE,38.6,9.03,-0.4200,0.003100,-23.4987,5.4290,-0.3321,11580750,5899650,425602275
2025-12-29 14:27:29,25971.2,25950,2025-12-30,CE,59.5,8.51,0.5797,0.003300,-22.1514,5.4293,0.4626,15375000,14133525,202996875
2025-12-29 14:27:29,25971.2,25950,2025-12-30,PE,38.8,8.93,-0.4239,0.003200,-23.2647,5.4390,-0.3320,11580750,5899650,425802225
2025-12-29 14:27:35,25971.05,25950,2025-12-30,CE,58.6,8.58,0.5742,0.003300,-22.3702,5.4436,0.4617,15375000,14133525,203223750
2025-12-29 14:27:35,25971.05,25950,2025-12-30,PE,39.45,8.93,-0.4286,0.003200,-23.3164,5.4508,-0.3323,11580750,5899650,425985450
2025-12-29 14:27:40,25971.95,25950,2025-12-30,CE,58.8,8.65,0.5716,0.003300,-22.5967,5.4500,0.4634,15375000,14133525,203448075
2025-12-29 14:27:40,25971.95,25950,2025-12-30,PE,39.55,8.90,-0.4303,0.003200,-23.2544,5.4546,-0.3299,11580750,5899650,426143550
2025-12-29 14:27:45,25970.9,25950,2025-12-30,CE,58.85,8.68,0.5685,0.003300,-22.7087,5.4574,0.4605,15375000,14133525,203564100
2025-12-29 14:27:45,25970.9,25950,2025-12-30,PE,39.45,8.82,-0.4326,0.003200,-23.0782,5.4598,-0.3318,11580750,5899650,426252375
2025-12-29 14:27:51,25970.35,25950,2025-12-30,CE,59.25,8.62,0.5738,0.003300,-22.4955,5.4441,0.4596,15375000,14133525,203691600
2025-12-29 14:27:51,25970.35,25950,2025-12-30,PE,39.45,8.91,-0.4285,0.003200,-23.2772,5.4500,-0.3338,11580750,5899650,426386025
2025-12-29 14:27:56,25970.35,25950,2025-12-30,CE,58.6,8.54,0.5748,0.003300,-22.2868,5.4415,0.4601,15375000,14133525,203826300
2025-12-29 14:27:56,25970.35,25950,2025-12-30,PE,39.65,8.94,-0.4284,0.003200,-23.3568,5.4497,-0.3340,11580750,5899650,426512700
2025-12-29 14:28:01,25970.5,25950,2025-12-30,CE,59.0,8.70,0.5641,0.003300,-22.7913,5.4667,0.4593,15375000,14133525,203977800
2025-12-29 14:28:01,25970.5,25950,2025-12-30,PE,39.3,8.77,-0.4364,0.003200,-22.9963,5.4679,-0.3324,11580750,5899650,426631275
2025-12-29 14:28:07,25970.15,25950,2025-12-30,CE,58.85,8.53,0.5766,0.003300,-22.2293,5.4365,0.4597,15375000,14133525,204102225
2025-12-29 14:28:07,25970.15,25950,2025-12-30,PE,39.65,8.96,-0.4269,0.003200,-23.3825,5.4458,-0.3346,11580750,5899650,426798675
2025-12-29 14:28:12,25968.85,25950,2025-12-30,CE,57.6,8.24,0.5860,0.003400,-21.3699,5.4100,0.4585,15375000,14133525,204279975
2025-12-29 14:28:12,25968.85,25950,2025-12-30,PE,40.65,9.17,-0.4224,0.003100,-23.8902,5.4341,-0.3390,11580750,5899650,426976425
2025-12-29 14:28:18,25969.35,25950,2025-12-30,CE,57.9,8.47,0.5685,0.003300,-22.1532,5.4564,0.4580,15375000,14133525,204479850
2025-12-29 14:28:18,25969.35,25950,2025-12-30,PE,40.5,9.05,-0.4358,0.003100,-23.7125,5.4662,-0.3371,11580750,5899650,427164975
2025-12-29 14:28:23,25969.45,25950,2025-12-30,CE,57.35,8.27,0.5769,0.003400,-21.5517,5.4352,0.4598,15375000,14133525,204691875
2025-12-29 14:28:23,25969.45,25950,2025-12-30,PE,41.1,9.20,-0.4306,0.003100,-24.0620,5.4544,-0.3378,11580750,5899650,427376775
2025-12-29 14:28:28,25970.7,25950,2025-12-30,CE,57.7,8.39,0.5738,0.003400,-21.9027,5.4431,0.4620,15375000,14133525,204840300
2025-12-29 14:28:28,25970.7,25950,2025-12-30,PE,40.95,9.17,-0.4323,0.003100,-23.9994,5.4581,-0.3346,11580750,5899650,427573200
2025-12-29 14:28:34,25968.2,25950,2025-12-30,CE,56.2,8.32,0.5697,0.003400,-21.7446,5.4528,0.4561,15375000,14133525,205171800
2025-12-29 14:28:34,25968.2,25950,2025-12-30,PE,41.8,9.19,-0.4367,0.003100,-24.0840,5.4676,-0.3406,11580750,5899650,427923525
2025-12-29 14:28:39,25965.65,25950,2025-12-30,CE,54.3,8.50,0.5552,0.003300,-22.3494,5.4834,0.4483,15375000,14133525,205765200
2025-12-29 14:28:39,25965.65,25950,2025-12-30,PE,42.95,9.02,-0.4479,0.003200,-23.7384,5.4891,-0.3457,11580750,5899650,428328450
2025-12-29 14:28:45,25960.25,25950,2025-12-30,CE,53.2,8.18,0.5566,0.003500,-21.4966,5.4805,0.4360,15375000,14133525,206319375
2025-12-29 14:28:45,25960.25,25950,2025-12-30,PE,43.8,9.25,-0.4497,0.003100,-24.3560,5.4922,-0.3597,11580750,5899650,428713275
2025-12-29 14:28:50,25960.85,25950,2025-12-30,CE,54.3,8.35,0.5524,0.003400,-21.9694,5.4881,0.4367,15375000,14133525,206694375
2025-12-29 14:28:50,25960.85,25950,2025-12-30,PE,43.25,9.12,-0.4519,0.003100,-24.0507,5.4956,-0.3577,11580750,5899650,429192450
2025-12-29 14:28:55,25961.85,25950,2025-12-30,CE,54.5,8.35,0.5524,0.003400,-21.9699,5.4880,0.4393,15375000,14133525,206859075
2025-12-29 14:28:55,25961.85,25950,2025-12-30,PE,43.2,9.19,-0.4522,0.003100,-24.2144,5.4960,-0.3556,11580750,5899650,429463425
2025-12-29 14:29:01,25960.4,25950,2025-12-30,CE,54.6,8.70,0.5438,0.003300,-22.9528,5.5018,0.4338,15375000,14133525,206986875
2025-12-29 14:29:01,25960.4,25950,2025-12-30,PE,43.3,8.88,-0.4570,0.003200,-23.4416,5.5031,-0.3577,11580750,5899650,429719625
2025-12-29 14:29:06,25959.05,25950,2025-12-30,CE,54.45,8.39,0.5525,0.003400,-22.0913,5.4875,0.4317,15375000,14133525,207142875
2025-12-29 14:29:06,25959.05,25950,2025-12-30,PE,43.7,9.16,-0.4517,0.003100,-24.1320,5.4949,-0.3621,11580750,5899650,430133925
2025-12-29 14:29:12,25959.9,25950,2025-12-30,CE,54.45,8.30,0.5565,0.003400,-21.8215,5.4800,0.4344,15375000,14133525,207258825
2025-12-29 14:29:12,25959.9,25950,2025-12-30,PE,43.8,9.28,-0.4492,0.003100,-24.4364,5.4907,-0.3605,11580750,5899650,430319775
2025-12-29 14:29:17,25959.6,25950,2025-12-30,CE,54.5,8.42,0.5520,0.003400,-22.1765,5.4882,0.4330,15375000,14133525,207373950
2025-12-29 14:29:17,25959.6,25950,2025-12-30,PE,43.95,9.22,-0.4523,0.003100,-24.2986,5.4956,-0.3609,11580750,5899650,430532925
2025-12-29 14:29:22,25960.15,25950,2025-12-30,CE,55.15,8.51,0.5514,0.003300,-22.4222,5.4890,0.4340,15375000,14133525,207499875
2025-12-29 14:29:22,25960.15,25950,2025-12-30,PE,43.3,9.09,-0.4517,0.003100,-23.9730,5.4944,-0.3591,11580750,5899650,430749975
2025-12-29 14:29:28,25958.8,25950,2025-12-30,CE,55.2,8.59,0.5510,0.003300,-22.6269,5.4896,0.4301,15375000,14133525,207626175
2025-12-29 14:29:28,25958.8,25950,2025-12-30,PE,43.05,9.06,-0.4516,0.003100,-23.8920,5.4940,-0.3622,11580750,5899650,430955175
2025-12-29 14:29:33,25956.9,25950,2025-12-30,CE,55.05,8.64,0.5501,0.003300,-22.7547,5.4910,0.4251,15375000,14133525,207752775
2025-12-29 14:29:33,25956.9,25950,2025-12-30,PE,43.15,9.00,-0.4519,0.003200,-23.7340,5.4944,-0.3666,11580750,5899650,431086800
2025-12-29 14:29:39,25956.75,25950,2025-12-30,CE,54.85,8.62,0.5472,0.003300,-22.7346,5.4956,0.4247,15375000,14133525,207828000
2025-12-29 14:29:39,25956.75,25950,2025-12-30,PE,43.45,9.02,-0.4548,0.003200,-23.7946,5.4988,-0.3670,11580750,5899650,431180100
2025-12-29 14:29:44,25956.25,25950,2025-12-30,CE,54.95,8.54,0.5516,0.003300,-22.5046,5.4879,0.4237,14920050,13678575,207977700
2025-12-29 14:29:44,25956.25,25950,2025-12-30,PE,43.5,9.11,-0.4515,0.003100,-24.0149,5.4933,-0.3685,12356850,6675750,431421975
2025-12-29 14:29:49,25956.1,25950,2025-12-30,CE,54.6,8.54,0.5489,0.003300,-22.5237,5.4923,0.4233,14920050,13678575,208080225
2025-12-29 14:29:49,25956.1,25950,2025-12-30,PE,43.6,9.12,-0.4540,0.003100,-24.0737,5.4972,-0.3688,12356850,6675750,431608200
2025-12-29 14:29:55,25955.2,25950,2025-12-30,CE,54.15,8.41,0.5538,0.003400,-22.1283,5.4837,0.4214,14920050,13678575,208179900
2025-12-29 14:29:55,25955.2,25950,2025-12-30,PE,43.75,9.22,-0.4508,0.003100,-24.2928,5.4919,-0.3713,12356850,6675750,431732925
2025-12-29 14:30:00,25955.1,25950,2025-12-30,CE,54.15,8.36,0.5523,0.003400,-22.0186,5.4861,0.4213,14920050,13678575,208326900
2025-12-29 14:30:00,25955.1,25950,2025-12-30,PE,43.65,9.22,-0.4523,0.003100,-24.3046,5.4942,-0.3715,12356850,6675750,431910450
2025-12-29 14:30:06,25953.55,25950,2025-12-30,CE,54.35,8.53,0.5514,0.003300,-22.4685,5.4877,0.4167,14920050,13678575,208555425
2025-12-29 14:30:06,25953.55,25950,2025-12-30,PE,43.5,9.05,-0.4515,0.003200,-23.8565,5.4926,-0.3747,12356850,6675750,432189525
2025-12-29 14:30:12,25953.9,25950,2025-12-30,CE,54.1,8.68,0.5410,0.003300,-22.9383,5.5037,0.4172,14920050,13678575,208678425
2025-12-29 14:30:12,25953.9,25950,2025-12-30,PE,43.5,8.91,-0.4600,0.003200,-23.5491,5.5051,-0.3735,12356850,6675750,432384225
2025-12-29 14:30:17,25951.0,25950,2025-12-30,CE,53.35,8.47,0.5446,0.003400,-22.3529,5.4982,0.4102,14920050,13678575,208914750
2025-12-29 14:30:17,25951.0,25950,2025-12-30,PE,44.0,9.03,-0.4580,0.003200,-23.8606,5.5022,-0.3809,12356850,6675750,432675900
2025-12-29 14:30:23,25950.8,25950,2025-12-30,CE,53.35,8.21,0.5502,0.003500,-21.6339,5.4892,0.4102,14920050,13678575,209110125
2025-12-29 14:30:23,25950.8,25950,2025-12-30,PE,44.1,9.22,-0.4551,0.003100,-24.3264,5.4979,-0.3816,12356850,6675750,432937875
2025-12-29 14:30:28,25950.3,25950,2025-12-30,CE,52.95,8.62,0.5359,0.003300,-22.8055,5.5096,0.4081,14920050,13678575,209244525
2025-12-29 14:30:28,25950.3,25950,2025-12-30,PE,44.2,8.91,-0.4652,0.003200,-23.5782,5.5110,-0.3823,12356850,6675750,433177725
2025-12-29 14:30:34,25949.25,25950,2025-12-30,CE,52.85,8.44,0.5421,0.003400,-22.2891,5.5015,0.4057,14920050,13678575,209368125
2025-12-29 14:30:34,25949.25,25950,2025-12-30,PE,44.3,9.03,-0.4606,0.003200,-23.8774,5.5052,-0.3851,12356850,6675750,433474950
2025-12-29 14:30:39,25950.15,25950,2025-12-30,CE,52.25,8.48,0.5334,0.003400,-22.4555,5.5120,0.4079,14920050,13678575,209868900
2025-12-29 14:30:39,25950.15,25950,2025-12-30,PE,44.8,8.94,-0.4682,0.003200,-23.6750,5.5138,-0.3827,12356850,6675750,434106150
2025-12-29 14:30:45,25948.8,25950,2025-12-30,CE,52.95,8.21,0.5460,0.003500,-21.6634,5.4952,0.4047,14920050,13678575,210019650
2025-12-29 14:30:45,25948.8,25950,2025-12-30,PE,44.55,9.25,-0.4589,0.003100,-24.4347,5.5027,-0.3864,12356850,6675750,434363325
2025-12-29 14:30:50,25949.5,25950,2025-12-30,CE,53.1,8.45,0.5403,0.003400,-22.3418,5.5033,0.4062,14920050,13678575,210130275
2025-12-29 14:30:50,25949.5,25950,2025-12-30,PE,44.65,9.08,-0.4623,0.003200,-24.0109,5.5069,-0.3844,12356850,6675750,434589825
2025-12-29 14:30:55,25949.75,25950,2025-12-30,CE,52.95,8.45,0.5413,0.003400,-22.3368,5.5017,0.4068,14920050,13678575,210241050
2025-12-29 14:30:55,25949.75,25950,2025-12-30,PE,44.7,9.09,-0.4614,0.003100,-24.0470,5.5056,-0.3838,12356850,6675750,434780850
2025-12-29 14:31:01,25949.5,25950,2025-12-30,CE,52.85,8.93,0.5251,0.003200,-23.6637,5.5194,0.4055,14920050,13678575,210328725
2025-12-29 14:31:01,25949.5,25950,2025-12-30,PE,44.9,8.73,-0.4744,0.003300,-23.1359,5.5189,-0.3839,12356850,6675750,435011025
2025-12-29 14:31:06,25948.9,25950,2025-12-30,CE,53.05,8.67,0.5341,0.003300,-22.9405,5.5105,0.4043,14920050,13678575,210453375
2025-12-29 14:31:06,25948.9,25950,2025-12-30,PE,44.7,8.97,-0.4670,0.003200,-23.7538,5.5118,-0.3857,12356850,6675750,435158250
2025-12-29 14:31:12,25948.45,25950,2025-12-30,CE,53.65,8.56,0.5388,0.003300,-22.6347,5.5046,0.4033,14920050,13678575,210507900
2025-12-29 14:31:12,25948.45,25950,2025-12-30,PE,44.1,9.03,-0.4631,0.003200,-23.8965,5.5072,-0.3869,12356850,6675750,435304050
2025-12-29 14:31:17,25948.45,25950,2025-12-30,CE,53.45,8.62,0.5389,0.003300,-22.7964,5.5044,0.4032,14920050,13678575,210564750
2025-12-29 14:31:17,25948.45,25950,2025-12-30,PE,44.35,9.00,-0.4626,0.003200,-23.8141,5.5065,-0.3868,12356850,6675750,435514800
2025-12-29 14:31:22,25949.55,25950,2025-12-30,CE,53.35,8.79,0.5317,0.003300,-23.2766,5.5127,0.4057,14920050,13678575,210692625
2025-12-29 14:31:22,25949.55,25950,2025-12-30,PE,44.3,8.85,-0.4685,0.003200,-23.4392,5.5129,-0.3839,12356850,6675750,435696900
2025-12-29 14:31:28,25949.9,25950,2025-12-30,CE,53.15,8.56,0.5405,0.003300,-22.6275,5.5020,0.4069,14920050,13678575,210739575
2025-12-29 14:31:28,25949.9,25950,2025-12-30,PE,44.35,9.02,-0.4614,0.003200,-23.8492,5.5047,-0.3832,12356850,6675750,435847725
2025-12-29 14:31:33,25948.8,25950,2025-12-30,CE,53.35,8.65,0.5361,0.003300,-22.8933,5.5074,0.4040,14920050,13678575,210856800
2025-12-29 14:31:33,25948.8,25950,2025-12-30,PE,44.4,8.96,-0.4650,0.003200,-23.7071,5.5088,-0.3858,12356850,6675750,435936600
2025-12-29 14:31:39,25949.75,25950,2025-12-30,CE,53.2,8.70,0.5343,0.003300,-23.0240,5.5094,0.4063,14920050,13678575,210906000
2025-12-29 14:31:39,25949.75,25950,2025-12-30,PE,44.35,8.91,-0.4665,0.003200,-23.5935,5.5103,-0.3834,12356850,6675750,436012950
2025-12-29 14:31:44,25949.5,25950,2025-12-30,CE,53.1,8.73,0.5339,0.003300,-23.1076,5.5097,0.4056,14920050,13678575,210955725
2025-12-29 14:31:44,25949.5,25950,2025-12-30,PE,44.45,8.90,-0.4667,0.003200,-23.5550,5.5104,-0.3840,12356850,6675750,436101975
2025-12-29 14:31:49,25951.85,25950,2025-12-30,CE,54.1,8.79,0.5301,0.003300,-23.2874,5.5134,0.4113,14920050,13678575,211177650
2025-12-29 14:31:49,25951.85,25950,2025-12-30,PE,43.2,8.82,-0.4700,0.003300,-23.3687,5.5135,-0.3780,12356850,6675750,436510725
2025-12-29 14:31:55,25951.95,25950,2025-12-30,CE,54.65,8.79,0.5376,0.003300,-23.2528,5.5049,0.4116,14920050,13678575,211325550
2025-12-29 14:31:55,25951.95,25950,2025-12-30,PE,43.0,8.76,-0.4623,0.003300,-23.1714,5.5048,-0.3776,12356850,6675750,436797600
2025-12-29 14:32:00,25951.95,25950,2025-12-30,CE,54.55,8.85,0.5364,0.003200,-23.4213,5.5063,0.4114,14920050,13678575,211444575
2025-12-29 14:32:00,25951.95,25950,2025-12-30,PE,43.15,8.77,-0.4634,0.003300,-23.2178,5.5059,-0.3776,12356850,6675750,436920825
2025-12-29 14:32:06,25950.4,25950,2025-12-30,CE,54.9,8.68,0.5420,0.003300,-22.9472,5.4988,0.4078,14920050,13678575,211589925
2025-12-29 14:32:06,25950.4,25950,2025-12-30,PE,42.65,8.87,-0.4589,0.003200,-23.4362,5.5000,-0.3816,12356850,6675750,437116500
2025-12-29 14:32:11,25951.7,25950,2025-12-30,CE,54.55,8.68,0.5439,0.003300,-22.9360,5.4958,0.4111,14920050,13678575,211712400
2025-12-29 14:32:11,25951.7,25950,2025-12-30,PE,43.0,8.87,-0.4569,0.003200,-23.4253,5.4971,-0.3784,12356850,6675750,437349750
2025-12-29 14:32:17,25951.25,25950,2025-12-30,CE,54.45,8.70,0.5419,0.003300,-22.9892,5.4986,0.4099,14920050,13678575,211783350
2025-12-29 14:32:17,25951.25,25950,2025-12-30,PE,43.1,8.87,-0.4589,0.003200,-23.4375,5.4997,-0.3795,12356850,6675750,437449125
2025-12-29 14:32:22,25953.25,25950,2025-12-30,CE,54.8,8.79,0.5382,0.003300,-23.2525,5.5033,0.4147,14920050,13678575,211843650
2025-12-29 14:32:22,25953.25,25950,2025-12-30,PE,42.85,8.77,-0.4617,0.003300,-23.2118,5.5033,-0.3743,12356850,6675750,437511525
2025-12-29 14:32:27,25951.6,25950,2025-12-30,CE,54.55,8.73,0.5427,0.003300,-23.0662,5.4971,0.4107,14920050,13678575,211917675
2025-12-29 14:32:27,25951.6,25950,2025-12-30,PE,43.0,8.82,-0.4577,0.003200,-23.3108,5.4977,-0.3785,12356850,6675750,437634825
2025-12-29 14:32:33,25951.9,25950,2025-12-30,CE,54.6,8.76,0.5400,0.003300,-23.1635,5.5007,0.4113,14920050,13678575,211984275
2025-12-29 14:32:33,25951.9,25950,2025-12-30,PE,43.25,8.83,-0.4603,0.003200,-23.3672,5.5012,-0.3777,12356850,6675750,437716125
2025-12-29 14:32:38,25951.55,25950,2025-12-30,CE,54.4,8.91,0.5348,0.003200,-23.5951,5.5070,0.4102,14920050,13678575,212040825
2025-12-29 14:32:38,25951.55,25950,2025-12-30,PE,43.4,8.73,-0.4645,0.003300,-23.1068,5.5061,-0.3784,12356850,6675750,437784000
2025-12-29 14:32:44,25950.45,25950,2025-12-30,CE,54.65,8.68,0.5430,0.003300,-22.9457,5.4963,0.4078,14712750,13471275,212085825
2025-12-29 14:32:44,25950.45,25950,2025-12-30,PE,43.15,8.90,-0.4580,0.003200,-23.5166,5.4978,-0.3814,13068600,7387500,437834175
2025-12-29 14:32:49,25951.3,25950,2025-12-30,CE,54.6,8.62,0.5442,0.003300,-22.7772,5.4943,0.4100,14712750,13471275,212170725
2025-12-29 14:32:49,25951.3,25950,2025-12-30,PE,43.35,8.99,-0.4575,0.003200,-23.7560,5.4969,-0.3795,13068600,7387500,437909700
2025-12-29 14:32:54,25952.25,25950,2025-12-30,CE,54.4,8.96,0.5331,0.003200,-23.7268,5.5085,0.4117,14712750,13471275,212204775
2025-12-29 14:32:54,25952.25,25950,2025-12-30,PE,43.55,8.73,-0.4661,0.003300,-23.1165,5.5076,-0.3766,13068600,7387500,437979600
2025-12-29 14:33:00,25951.85,25950,2025-12-30,CE,54.5,8.87,0.5347,0.003200,-23.4778,5.5064,0.4109,14712750,13471275,212267400
2025-12-29 14:33:00,25951.85,25950,2025-12-30,PE,43.4,8.76,-0.4649,0.003300,-23.1930,5.5059,-0.3776,13068600,7387500,438095550
2025-12-29 14:33:05,25951.45,25950,2025-12-30,CE,54.85,9.03,0.5299,0.003200,-23.9450,5.5113,0.4096,14712750,13471275,212329500
2025-12-29 14:33:05,25951.45,25950,2025-12-30,PE,42.95,8.64,-0.4688,0.003300,-22.8877,5.5099,-0.3783,13068600,7387500,438217350
2025-12-29 14:33:11,25952.75,25950,2025-12-30,CE,55.0,8.67,0.5440,0.003300,-22.9028,5.4938,0.4135,14712750,13471275,212414475
2025-12-29 14:33:11,25952.75,25950,2025-12-30,PE,43.0,8.91,-0.4571,0.003200,-23.5554,5.4956,-0.3757,13068600,7387500,438285000
2025-12-29 14:33:16,25953.95,25950,2025-12-30,CE,55.75,8.79,0.5402,0.003300,-23.2489,5.4991,0.4162,14712750,13471275,212490825
2025-12-29 14:33:16,25953.95,25950,2025-12-30,PE,42.35,8.85,-0.4601,0.003200,-23.4119,5.4995,-0.3725,13068600,7387500,438408675
2025-12-29 14:33:21,25955.1,25950,2025-12-30,CE,56.15,8.76,0.5469,0.003300,-23.1280,5.4893,0.4192,14712750,13471275,212666250
2025-12-29 14:33:21,25955.1,25950,2025-12-30,PE,41.9,8.88,-0.4538,0.003200,-23.4546,5.4903,-0.3697,13068600,7387500,438698925
2025-12-29 14:33:27,25956.4,25950,2025-12-30,CE,57.2,8.88,0.5462,0.003200,-23.4553,5.4901,0.4220,14712750,13471275,212880675
2025-12-29 14:33:27,25956.4,25950,2025-12-30,PE,41.0,8.71,-0.4529,0.003300,-23.0062,5.4887,-0.3659,13068600,7387500,439135425
2025-12-29 14:33:32,25956.65,25950,2025-12-30,CE,57.1,8.82,0.5530,0.003200,-23.2467,5.4787,0.4228,14712750,13471275,213066375
2025-12-29 14:33:32,25956.65,25950,2025-12-30,PE,41.0,8.79,-0.4468,0.003200,-23.1649,5.4783,-0.3656,13068600,7387500,439379400
2025-12-29 14:33:37,25957.1,25950,2025-12-30,CE,57.0,8.80,0.5531,0.003200,-23.2064,5.4783,0.4239,14712750,13471275,213249150
2025-12-29 14:33:37,25957.1,25950,2025-12-30,PE,41.45,8.79,-0.4468,0.003200,-23.1655,5.4782,-0.3644,13068600,7387500,439534725
2025-12-29 14:33:43,25956.75,25950,2025-12-30,CE,57.15,8.94,0.5479,0.003200,-23.6075,5.4871,0.4226,14712750,13471275,213438525
2025-12-29 14:33:43,25956.75,25950,2025-12-30,PE,41.1,8.76,-0.4512,0.003300,-23.1173,5.4855,-0.3652,13068600,7387500,439683075
2025-12-29 14:33:48,25956.7,25950,2025-12-30,CE,57.05,8.97,0.5474,0.003200,-23.6920,5.4877,0.4223,14712750,13471275,213554925
2025-12-29 14:33:48,25956.7,25950,2025-12-30,PE,41.3,8.68,-0.4511,0.003300,-22.9159,5.4852,-0.3650,13068600,7387500,439797900
2025-12-29 14:33:53,25955.6,25950,2025-12-30,CE,56.95,8.79,0.5539,0.003200,-23.1625,5.4765,0.4202,14712750,13471275,213698100
2025-12-29 14:33:53,25955.6,25950,2025-12-30,PE,41.45,8.87,-0.4466,0.003200,-23.3671,5.4774,-0.3684,13068600,7387500,439896600
2025-12-29 14:33:59,25955.75,25950,2025-12-30,CE,56.75,8.88,0.5495,0.003200,-23.4371,5.4840,0.4202,14712750,13471275,213771975
2025-12-29 14:33:59,25955.75,25950,2025-12-30,PE,41.45,8.79,-0.4500,0.003300,-23.1919,5.4832,-0.3677,13068600,7387500,439957650
2025-12-29 14:34:04,25955.85,25950,2025-12-30,CE,57.3,8.88,0.5482,0.003200,-23.4467,5.4860,0.4205,14712750,13471275,213901425
2025-12-29 14:34:04,25955.85,25950,2025-12-30,PE,41.05,8.76,-0.4512,0.003300,-23.1199,5.4849,-0.3673,13068600,7387500,440067075
2025-12-29 14:34:10,25956.25,25950,2025-12-30,CE,58.2,8.73,0.5588,0.003300,-22.9647,5.4665,0.4219,14712750,13471275,214201650
2025-12-29 14:34:10,25956.25,25950,2025-12-30,PE,40.2,8.91,-0.4424,0.003200,-23.4566,5.4689,-0.3668,13068600,7387500,440337075
2025-12-29 14:34:15,25955.55,25950,2025-12-30,CE,57.35,8.91,0.5557,0.003200,-23.4730,5.4724,0.4196,14712750,13471275,214334325
2025-12-29 14:34:15,25955.55,25950,2025-12-30,PE,41.0,8.73,-0.4432,0.003300,-22.9814,5.4702,-0.3680,13068600,7387500,440533800
2025-12-29 14:34:21,25955.65,25950,2025-12-30,CE,57.75,8.94,0.5498,0.003200,-23.5993,5.4827,0.4197,14712750,13471275,214538100
2025-12-29 14:34:21,25955.65,25950,2025-12-30,PE,40.5,8.73,-0.4490,0.003300,-23.0269,5.4807,-0.3677,13068600,7387500,440687850
2025-12-29 14:34:26,25955.9,25950,2025-12-30,CE,57.7,8.51,0.5682,0.003300,-22.3209,5.4457,0.4217,14712750,13471275,214712025
2025-12-29 14:34:26,25955.9,25950,2025-12-30,PE,40.8,9.03,-0.4355,0.003100,-23.7190,5.4544,-0.3680,13068600,7387500,440792700
2025-12-29 14:34:31,25955.3,25950,2025-12-30,CE,57.65,8.91,0.5528,0.003200,-23.4974,5.4772,0.4189,14712750,13471275,214801725
2025-12-29 14:34:31,25955.3,25950,2025-12-30,PE,40.7,8.76,-0.4463,0.003300,-23.0882,5.4755,-0.3686,13068600,7387500,440870100
2025-12-29 14:34:37,25955.5,25950,2025-12-30,CE,57.3,8.82,0.5563,0.003200,-23.2297,5.4707,0.4196,14712750,13471275,214965450
2025-12-29 14:34:37,25955.5,25950,2025-12-30,PE,40.9,8.82,-0.4437,0.003200,-23.2298,5.4707,-0.3683,13068600,7387500,440916600
2025-12-29 14:34:42,25955.7,25950,2025-12-30,CE,57.3,8.97,0.5484,0.003200,-23.6926,5.4845,0.4196,14712750,13471275,215065950
2025-12-29 14:34:42,25955.7,25950,2025-12-30,PE,41.05,8.68,-0.4501,0.003300,-22.9160,5.4819,-0.3673,13068600,7387500,440964675
2025-12-29 14:34:47,25956.7,25950,2025-12-30,CE,57.0,8.77,0.5559,0.003300,-23.1133,5.4711,0.4227,14712750,13471275,215145675
2025-12-29 14:34:47,25956.7,25950,2025-12-30,PE,41.05,8.87,-0.4446,0.003200,-23.3591,5.4721,-0.3654,13068600,7387500,441031200
2025-12-29 14:34:53,25956.9,25950,2025-12-30,CE,57.4,8.97,0.5465,0.003200,-23.7070,5.4872,0.4225,14712750,13471275,215247000
2025-12-29 14:34:53,25956.9,25950,2025-12-30,PE,40.85,8.65,-0.4519,0.003300,-22.8491,5.4845,-0.3641,13068600,7387500,441109200
2025-12-29 14:34:58,25956.2,25950,2025-12-30,CE,57.2,8.73,0.5578,0.003300,-22.9784,5.4671,0.4216,14712750,13471275,215352750
2025-12-29 14:34:58,25956.2,25950,2025-12-30,PE,41.1,8.88,-0.4431,0.003200,-23.3883,5.4690,-0.3667,13068600,7387500,441177150
2025-12-29 14:35:04,25955.7,25950,2025-12-30,CE,57.25,8.99,0.5473,0.003200,-23.7426,5.4855,0.4195,14712750,13471275,215409225
2025-12-29 14:35:04,25955.7,25950,2025-12-30,PE,41.0,8.70,-0.4512,0.003300,-22.9662,5.4830,-0.3673,13068600,7387500,441246675
2025-12-29 14:35:09,25956.5,25950,2025-12-30,CE,56.35,8.70,0.5577,0.003300,-22.9004,5.4670,0.4224,14712750,13471275,215492925
2025-12-29 14:35:09,25956.5,25950,2025-12-30,PE,41.6,8.91,-0.4436,0.003200,-23.4742,5.4696,-0.3660,13068600,7387500,441314025
2025-12-29 14:35:15,25955.05,25950,2025-12-30,CE,56.1,8.88,0.5443,0.003200,-23.4820,5.4896,0.4182,14712750,13471275,215775000
2025-12-29 14:35:15,25955.05,25950,2025-12-30,PE,41.8,8.74,-0.4550,0.003300,-23.1146,5.4886,-0.3690,13068600,7387500,441572775
2025-12-29 14:35:20,25955.75,25950,2025-12-30,CE,55.85,8.70,0.5508,0.003300,-22.9550,5.4791,0.4204,14712750,13471275,215855325
2025-12-29 14:35:20,25955.75,25950,2025-12-30,PE,41.95,8.88,-0.4502,0.003200,-23.4458,5.4808,-0.3677,13068600,7387500,441643575
2025-12-29 14:35:26,25953.95,25950,2025-12-30,CE,56.2,8.68,0.5506,0.003300,-22.9171,5.4793,0.4159,14712750,13471275,215963025
2025-12-29 14:35:26,25953.95,25950,2025-12-30,PE,41.85,8.88,-0.4505,0.003200,-23.4488,5.4812,-0.3721,13068600,7387500,441736950
2025-12-29 14:35:31,25951.35,25950,2025-12-30,CE,55.55,9.00,0.5400,0.003200,-23.8336,5.4953,0.4087,14712750,13471275,216052650
2025-12-29 14:35:31,25951.35,25950,2025-12-30,PE,42.35,8.65,-0.4585,0.003300,-22.8954,5.4931,-0.3781,13068600,7387500,441852000
2025-12-29 14:35:36,25951.5,25950,2025-12-30,CE,54.35,8.74,0.5407,0.003300,-23.1426,5.4940,0.4096,14712750,13471275,216404475
2025-12-29 14:35:36,25951.5,25950,2025-12-30,PE,43.2,8.82,-0.4596,0.003300,-23.3466,5.4945,-0.3780,13068600,7387500,442066050
2025-12-29 14:35:42,25949.9,25950,2025-12-30,CE,54.35,8.83,0.5371,0.003200,-23.4058,5.4986,0.4054,14712750,13471275,216600075
2025-12-29 14:35:42,25949.9,25950,2025-12-30,PE,43.35,8.77,-0.4627,0.003300,-23.2428,5.4983,-0.3819,13068600,7387500,442252275
2025-12-29 14:35:47,25950.05,25950,2025-12-30,CE,53.7,8.79,0.5363,0.003300,-23.2892,5.4994,0.4058,14733975,13492500,216724350
2025-12-29 14:35:47,25950.05,25950,2025-12-30,PE,43.5,8.79,-0.4637,0.003300,-23.2892,5.4994,-0.3815,13051275,7370175,442388700
2025-12-29 14:35:53,25949.35,25950,2025-12-30,CE,53.85,8.73,0.5379,0.003300,-23.1200,5.4973,0.4041,14733975,13492500,216810825
2025-12-29 14:35:53,25949.35,25950,2025-12-30,PE,43.85,8.87,-0.4627,0.003200,-23.4869,5.4980,-0.3833,13051275,7370175,442522425
2025-12-29 14:35:58,25949.6,25950,2025-12-30,CE,53.8,8.85,0.5319,0.003200,-23.4735,5.5041,0.4046,14733975,13492500,216910725
2025-12-29 14:35:58,25949.6,25950,2025-12-30,PE,43.9,8.79,-0.4679,0.003300,-23.3106,5.5039,-0.3826,13051275,7370175,442672875
2025-12-29 14:36:03,25949.85,25950,2025-12-30,CE,54.2,8.79,0.5370,0.003300,-23.2877,5.4982,0.4053,14733975,13492500,216988350
2025-12-29 14:36:03,25949.85,25950,2025-12-30,PE,43.6,8.85,-0.4633,0.003200,-23.4508,5.4985,-0.3820,13051275,7370175,442890750
2025-12-29 14:36:09,25949.65,25950,2025-12-30,CE,53.95,8.76,0.5394,0.003300,-23.1946,5.4949,0.4048,14733975,13492500,217071900
2025-12-29 14:36:09,25949.65,25950,2025-12-30,PE,43.7,8.88,-0.4611,0.003200,-23.5209,5.4956,-0.3826,13051275,7370175,443016825
2025-12-29 14:36:14,25949.2,25950,2025-12-30,CE,53.65,8.70,0.5380,0.003300,-23.0410,5.4965,0.4037,14733975,13492500,217159050
2025-12-29 14:36:14,25949.2,25950,2025-12-30,PE,43.95,8.91,-0.4629,0.003200,-23.6118,5.4977,-0.3837,13051275,7370175,443151225
2025-12-29 14:36:19,25946.75,25950,2025-12-30,CE,53.2,8.88,0.5308,0.003200,-23.5618,5.5046,0.3974,14733975,13492500,217256775
2025-12-29 14:36:19,25946.75,25950,2025-12-30,PE,44.1,8.74,-0.4688,0.003300,-23.1954,5.5041,-0.3896,13051275,7370175,443378550
2025-12-29 14:36:25,25945.9,25950,2025-12-30,CE,52.15,8.82,0.5245,0.003300,-23.4251,5.5099,0.3953,14733975,13492500,217813575
2025-12-29 14:36:25,25945.9,25950,2025-12-30,PE,44.8,8.74,-0.4753,0.003300,-23.2217,5.5097,-0.3917,13051275,7370175,443925000
2025-12-29 14:36:30,25947.0,25950,2025-12-30,CE,52.7,8.68,0.5291,0.003300,-23.0440,5.5057,0.3981,14733975,13492500,217984950
2025-12-29 14:36:30,25947.0,25950,2025-12-30,PE,44.4,8.90,-0.4715,0.003200,-23.6138,5.5063,-0.3890,13051275,7370175,444158400
2025-12-29 14:36:36,25944.45,25950,2025-12-30,CE,52.15,9.00,0.5205,0.003200,-23.9252,5.5125,0.3916,14733975,13492500,218096175
2025-12-29 14:36:36,25944.45,25950,2025-12-30,PE,45.2,8.61,-0.4787,0.003300,-22.8683,5.5118,-0.3953,13051275,7370175,444426750
2025-12-29 14:36:41,25945.0,25950,2025-12-30,CE,51.9,8.67,0.5278,0.003300,-23.0097,5.5066,0.3930,14733975,13492500,218360700
2025-12-29 14:36:41,25945.0,25950,2025-12-30,PE,45.15,8.88,-0.4728,0.003200,-23.5794,5.5072,-0.3939,13051275,7370175,444754950
2025-12-29 14:36:46,25945.45,25950,2025-12-30,CE,52.5,8.74,0.5263,0.003300,-23.2186,5.5078,0.3941,14733975,13492500,218499450
2025-12-29 14:36:46,25945.45,25950,2025-12-30,PE,45.0,8.87,-0.4740,0.003200,-23.5441,5.5081,-0.3928,13051275,7370175,445020975
2025-12-29 14:36:52,25945.65,25950,2025-12-30,CE,52.4,8.88,0.5237,0.003200,-23.5931,5.5098,0.3945,14733975,13492500,218597325
2025-12-29 14:36:52,25945.65,25950,2025-12-30,PE,45.3,8.74,-0.4760,0.003300,-23.2271,5.5095,-0.3922,13051275,7370175,445182825
2025-12-29 14:36:57,25946.7,25950,2025-12-30,CE,52.95,8.80,0.5255,0.003300,-23.3850,5.5082,0.3971,14733975,13492500,218709150
2025-12-29 14:36:57,25946.7,25950,2025-12-30,PE,45.0,8.87,-0.4747,0.003200,-23.5477,5.5083,-0.3897,13051275,7370175,445324125
2025-12-29 14:37:02,25946.0,25950,2025-12-30,CE,53.15,8.85,0.5270,0.003300,-23.5018,5.5068,0.3954,14733975,13492500,218785200
2025-12-29 14:37:02,25946.0,25950,2025-12-30,PE,44.9,8.87,-0.4731,0.003200,-23.5425,5.5068,-0.3914,13051275,7370175,445460775
2025-12-29 14:37:08,25947.3,25950,2025-12-30,CE,53.1,8.83,0.5280,0.003300,-23.4581,5.5057,0.3986,14733975,13492500,218854200
2025-12-29 14:37:08,25947.3,25950,2025-12-30,PE,44.8,8.87,-0.4721,0.003200,-23.5395,5.5058,-0.3881,13051275,7370175,445641825
2025-12-29 14:37:13,25946.8,25950,2025-12-30,CE,53.85,8.85,0.5280,0.003300,-23.4994,5.5056,0.3973,14733975,13492500,218963100
2025-12-29 14:37:13,25946.8,25950,2025-12-30,PE,44.15,8.85,-0.4720,0.003300,-23.4995,5.5056,-0.3893,13051275,7370175,445902675
2025-12-29 14:37:19,25947.65,25950,2025-12-30,CE,53.8,8.82,0.5336,0.003300,-23.3949,5.4998,0.3994,14733975,13492500,219029625
2025-12-29 14:37:19,25947.65,25950,2025-12-30,PE,44.5,8.88,-0.4666,0.003200,-23.5579,5.5000,-0.3872,13051275,7370175,446004150
2025-12-29 14:37:24,25947.0,25950,2025-12-30,CE,53.0,8.91,0.5300,0.003200,-23.6544,5.5033,0.3977,14733975,13492500,219150975
2025-12-29 14:37:24,25947.0,25950,2025-12-30,PE,45.15,8.85,-0.4698,0.003200,-23.4915,5.5031,-0.3888,13051275,7370175,446131275
2025-12-29 14:37:30,25948.55,25950,2025-12-30,CE,53.3,8.79,0.5295,0.003300,-23.3333,5.5037,0.4016,14733975,13492500,219233925
2025-12-29 14:37:30,25948.55,25950,2025-12-30,PE,44.9,8.94,-0.4710,0.003200,-23.7405,5.5042,-0.3850,13051275,7370175,446230425
2025-12-29 14:37:35,25946.75,25950,2025-12-30,CE,52.55,8.76,0.5296,0.003300,-23.2532,5.5033,0.3971,14733975,13492500,219360900
2025-12-29 14:37:35,25946.75,25950,2025-12-30,PE,45.2,8.96,-0.4711,0.003200,-23.7825,5.5039,-0.3894,13051275,7370175,446450925
2025-12-29 14:37:41,25945.95,25950,2025-12-30,CE,52.5,8.99,0.5196,0.003200,-23.8958,5.5111,0.3950,14733975,13492500,219419250
2025-12-29 14:37:41,25945.95,25950,2025-12-30,PE,45.25,8.71,-0.4799,0.003300,-23.1639,5.5107,-0.3913,13051275,7370175,446556450
2025-12-29 14:37:46,25946.0,25950,2025-12-30,CE,52.65,8.90,0.5227,0.003200,-23.6441,5.5088,0.3952,14733975,13492500,219470175
2025-12-29 14:37:46,25946.0,25950,2025-12-30,PE,45.1,8.79,-0.4771,0.003300,-23.3594,5.5086,-0.3912,13051275,7370175,446617425
2025-12-29 14:37:51,25947.2,25950,2025-12-30,CE,52.7,9.00,0.5199,0.003200,-23.9369,5.5106,0.3980,14733975,13492500,219510600
2025-12-29 14:37:51,25947.2,25950,2025-12-30,PE,45.1,8.70,-0.4795,0.003300,-23.1237,5.5101,-0.3881,13051275,7370175,446752350
2025-12-29 14:37:57,25948.15,25950,2025-12-30,CE,53.2,8.85,0.5254,0.003300,-23.5148,5.5064,0.4005,14733975,13492500,219550950
2025-12-29 14:37:57,25948.15,25950,2025-12-30,PE,44.85,8.83,-0.4746,0.003300,-23.4741,5.5064,-0.3858,13051275,7370175,446876850
2025-12-29 14:38:02,25948.0,25950,2025-12-30,CE,53.3,8.83,0.5293,0.003300,-23.4601,5.5028,0.4001,14733975,13492500,219601875
2025-12-29 14:38:02,25948.0,25950,2025-12-30,PE,44.85,8.90,-0.4709,0.003200,-23.6230,5.5030,-0.3862,13051275,7370175,446942550
2025-12-29 14:38:08,25946.6,25950,2025-12-30,CE,53.0,8.85,0.5293,0.003300,-23.5014,5.5027,0.3966,14733975,13492500,219656625
2025-12-29 14:38:08,25946.6,25950,2025-12-30,PE,44.9,8.90,-0.4709,0.003200,-23.6236,5.5028,-0.3896,13051275,7370175,447041625
2025-12-29 14:38:13,25946.9,25950,2025-12-30,CE,53.1,8.67,0.5342,0.003300,-22.9944,5.4974,0.3974,14733975,13492500,219686925
2025-12-29 14:38:13,25946.9,25950,2025-12-30,PE,44.7,9.02,-0.4671,0.003200,-23.9319,5.4989,-0.3890,13051275,7370175,447125925
2025-12-29 14:38:18,25947.3,25950,2025-12-30,CE,53.15,8.74,0.5322,0.003300,-23.2064,5.4994,0.3983,14733975,13492500,219724875
2025-12-29 14:38:18,25947.3,25950,2025-12-30,PE,44.7,8.94,-0.4684,0.003200,-23.7362,5.5001,-0.3879,13051275,7370175,447214650
2025-12-29 14:38:24,25947.4,25950,2025-12-30,CE,52.75,8.90,0.5269,0.003200,-23.6344,5.5044,0.3984,14733975,13492500,219792750
2025-12-29 14:38:24,25947.4,25950,2025-12-30,PE,44.95,8.80,-0.4729,0.003300,-23.3901,5.5042,-0.3875,13051275,7370175,447388050
2025-12-29 14:38:29,25948.6,25950,2025-12-30,CE,53.7,8.96,0.5219,0.003200,-23.8141,5.5082,0.4013,14733975,13492500,219836700
2025-12-29 14:38:29,25948.6,25950,2025-12-30,PE,44.1,8.73,-0.4776,0.003300,-23.2039,5.5078,-0.3844,13051275,7370175,447476250
2025-12-29 14:38:34,25948.1,25950,2025-12-30,CE,53.7,8.99,0.5266,0.003200,-23.8800,5.5043,0.4000,14733975,13492500,219956250
2025-12-29 14:38:34,25948.1,25950,2025-12-30,PE,44.0,8.70,-0.4726,0.003300,-23.1064,5.5036,-0.3856,13051275,7370175,447620850
2025-12-29 14:38:40,25947.85,25950,2025-12-30,CE,52.85,8.80,0.5337,0.003300,-23.3646,5.4972,0.3996,14733975,13492500,220032525
2025-12-29 14:38:40,25947.85,25950,2025-12-30,PE,44.75,8.85,-0.4665,0.003200,-23.4869,5.4974,-0.3864,13051275,7370175,447678375
2025-12-29 14:38:45,25947.55,25950,2025-12-30,CE,53.55,8.73,0.5346,0.003300,-23.1589,5.4959,0.3989,14617575,13376100,220116900
2025-12-29 14:38:45,25947.55,25950,2025-12-30,PE,44.25,8.91,-0.4661,0.003200,-23.6482,5.4967,-0.3872,13241700,7560600,447779100
2025-12-29 14:38:51,25946.65,25950,2025-12-30,CE,53.7,8.87,0.5302,0.003200,-23.5440,5.5004,0.3965,14617575,13376100,220158825
2025-12-29 14:38:51,25946.65,25950,2025-12-30,PE,44.35,8.82,-0.4696,0.003300,-23.4218,5.5002,-0.3893,13241700,7560600,447818325
2025-12-29 14:38:56,25946.95,25950,2025-12-30,CE,53.75,8.70,0.5377,0.003300,-23.0637,5.4919,0.3973,14617575,13376100,220195725
2025-12-29 14:38:56,25946.95,25950,2025-12-30,PE,44.3,9.00,-0.4635,0.003200,-23.8798,5.4934,-0.3886,13241700,7560600,447857850
2025-12-29 14:39:01,25947.3,25950,2025-12-30,CE,53.75,8.80,0.5337,0.003300,-23.3678,5.4965,0.3981,14617575,13376100,220241325
2025-12-29 14:39:01,25947.3,25950,2025-12-30,PE,44.15,8.91,-0.4667,0.003200,-23.6532,5.4969,-0.3877,13241700,7560600,447920850
2025-12-29 14:39:07,25948.4,25950,2025-12-30,CE,53.85,8.74,0.5362,0.003300,-23.1942,5.4934,0.4009,14617575,13376100,220268250
2025-12-29 14:39:07,25948.4,25950,2025-12-30,PE,44.2,8.94,-0.4646,0.003200,-23.7245,5.4943,-0.3850,13241700,7560600,447966600
2025-12-29 14:39:12,25947.4,25950,2025-12-30,CE,53.6,9.02,0.5265,0.003200,-23.9667,5.5032,0.3981,14617575,13376100,220319325
2025-12-29 14:39:12,25947.4,25950,2025-12-30,PE,44.45,8.73,-0.4726,0.003300,-23.1930,5.5024,-0.3873,13241700,7560600,448029825
2025-12-29 14:39:17,25948.5,25950,2025-12-30,CE,53.6,8.97,0.5270,0.003200,-23.8440,5.5026,0.4009,14617575,13376100,220361325
2025-12-29 14:39:17,25948.5,25950,2025-12-30,PE,44.3,8.74,-0.4724,0.003300,-23.2331,5.5020,-0.3845,13241700,7560600,448112625
2025-12-29 14:39:23,25947.55,25950,2025-12-30,CE,53.1,8.73,0.5353,0.003300,-23.1602,5.4940,0.3987,14617575,13376100,220451625
2025-12-29 14:39:23,25947.55,25950,2025-12-30,PE,44.5,8.96,-0.4656,0.003200,-23.7720,5.4950,-0.3870,13241700,7560600,448201875
2025-12-29 14:39:28,25947.15,25950,2025-12-30,CE,53.3,8.77,0.5328,0.003300,-23.2941,5.4966,0.3976,14617575,13376100,220484775
2025-12-29 14:39:28,25947.15,25950,2025-12-30,PE,44.4,8.93,-0.4677,0.003200,-23.7018,5.4972,-0.3880,13241700,7560600,448231650
2025-12-29 14:39:34,25948.1,25950,2025-12-30,CE,53.7,8.87,0.5289,0.003200,-23.5546,5.5004,0.3999,14617575,13376100,220532700
2025-12-29 14:39:34,25948.1,25950,2025-12-30,PE,44.2,8.80,-0.4709,0.003300,-23.3917,5.5002,-0.3855,13241700,7560600,448280625
2025-12-29 14:39:39,25948.1,25950,2025-12-30,CE,53.4,8.97,0.5273,0.003200,-23.8455,5.5017,0.3998,14617575,13376100,220562775
2025-12-29 14:39:39,25948.1,25950,2025-12-30,PE,44.3,8.74,-0.4720,0.003300,-23.2345,5.5011,-0.3854,13241700,7560600,448332825
2025-12-29 14:39:44,25946.85,25950,2025-12-30,CE,53.4,8.79,0.5321,0.003300,-23.3397,5.4969,0.3968,14617575,13376100,220585500
2025-12-29 14:39:44,25946.85,25950,2025-12-30,PE,44.3,8.87,-0.4682,0.003200,-23.5436,5.4972,-0.3886,13241700,7560600,448387725
2025-12-29 14:39:50,25946.8,25950,2025-12-30,CE,52.65,8.93,0.5274,0.003200,-23.7246,5.5013,0.3966,14617575,13376100,220663650
2025-12-29 14:39:50,25946.8,25950,2025-12-30,PE,44.95,8.76,-0.4721,0.003300,-23.2765,5.5008,-0.3887,13241700,7560600,448509225
2025-12-29 14:39:55,25948.75,25950,2025-12-30,CE,53.05,8.79,0.5278,0.003300,-23.3586,5.5008,0.4015,14617575,13376100,220720575
2025-12-29 14:39:55,25948.75,25950,2025-12-30,PE,44.75,8.88,-0.4724,0.003200,-23.6030,5.5010,-0.3839,13241700,7560600,448588875
2025-12-29 14:40:00,25947.95,25950,2025-12-30,CE,53.25,8.83,0.5303,0.003300,-23.4717,5.4981,0.3995,14617575,13376100,220811850
2025-12-29 14:40:00,25947.95,25950,2025-12-30,PE,44.5,8.85,-0.4697,0.003300,-23.5124,5.4982,-0.3858,13241700,7560600,448707375
2025-12-29 14:40:06,25947.25,25950,2025-12-30,CE,53.4,8.79,0.5305,0.003300,-23.3501,5.4978,0.3977,14617575,13376100,220836300
2025-12-29 14:40:06,25947.25,25950,2025-12-30,PE,44.6,8.88,-0.4698,0.003200,-23.5946,5.4981,-0.3875,13241700,7560600,448747650
2025-12-29 14:40:11,25947.9,25950,2025-12-30,CE,53.35,8.68,0.5364,0.003300,-23.0393,5.4911,0.3994,14617575,13376100,220861050
2025-12-29 14:40:11,25947.9,25950,2025-12-30,PE,44.4,9.03,-0.4649,0.003200,-23.9779,5.4927,-0.3861,13241700,7560600,448805625
2025-12-29 14:40:17,25947.65,25950,2025-12-30,CE,53.35,8.76,0.5332,0.003300,-23.2582,5.4947,0.3987,14617575,13376100,220879500
2025-12-29 14:40:17,25947.65,25950,2025-12-30,PE,44.45,8.91,-0.4673,0.003200,-23.6661,5.4953,-0.3865,13241700,7560600,448867875
2025-12-29 14:40:22,25948.3,25950,2025-12-30,CE,53.35,8.83,0.5303,0.003300,-23.4743,5.4975,0.4002,14617575,13376100,220939500
2025-12-29 14:40:22,25948.3,25950,2025-12-30,PE,44.6,8.85,-0.4697,0.003300,-23.5151,5.4976,-0.3849,13241700,7560600,448936125
2025-12-29 14:40:28,25946.7,25950,2025-12-30,CE,53.3,8.83,0.5303,0.003300,-23.4749,5.4974,0.3962,14617575,13376100,220968225
2025-12-29 14:40:28,25946.7,25950,2025-12-30,PE,44.5,8.88,-0.4698,0.003200,-23.5972,5.4975,-0.3888,13241700,7560600,449013600
2025-12-29 14:40:33,25945.8,25950,2025-12-30,CE,52.6,8.83,0.5303,0.003300,-23.4756,5.4972,0.3940,14617575,13376100,221056950
2025-12-29 14:40:33,25945.8,25950,2025-12-30,PE,45.15,8.87,-0.4698,0.003200,-23.5571,5.4973,-0.3910,13241700,7560600,449204850
2025-12-29 14:40:38,25945.05,25950,2025-12-30,CE,52.55,8.79,0.5275,0.003300,-23.3657,5.4997,0.3921,14617575,13376100,221177250
2025-12-29 14:40:38,25945.05,25950,2025-12-30,PE,45.05,8.91,-0.4728,0.003200,-23.6917,5.5000,-0.3929,13241700,7560600,449269350
2025-12-29 14:40:44,25945.15,25950,2025-12-30,CE,52.75,8.79,0.5272,0.003300,-23.3676,5.4998,0.3923,14617575,13376100,221216475
2025-12-29 14:40:44,25945.15,25950,2025-12-30,PE,45.1,8.88,-0.4731,0.003200,-23.6121,5.5000,-0.3926,13241700,7560600,449354550
2025-12-29 14:40:49,25946.05,25950,2025-12-30,CE,52.6,8.77,0.5289,0.003300,-23.3212,5.4981,0.3946,14617575,13376100,221243325
2025-12-29 14:40:49,25946.05,25950,2025-12-30,PE,45.1,8.94,-0.4716,0.003200,-23.7695,5.4986,-0.3904,13241700,7560600,449462475
2025-12-29 14:40:54,25946.8,25950,2025-12-30,CE,52.4,8.79,0.5275,0.003300,-23.3677,5.4992,0.3964,14617575,13376100,221271075
2025-12-29 14:40:54,25946.8,25950,2025-12-30,PE,45.15,8.90,-0.4728,0.003200,-23.6529,5.4995,-0.3885,13241700,7560600,449532825
2025-12-29 14:41:00,25945.45,25950,2025-12-30,CE,52.6,8.71,0.5291,0.003300,-23.1594,5.4976,0.3930,14617575,13376100,221336250
2025-12-29 14:41:00,25945.45,25950,2025-12-30,PE,45.0,8.94,-0.4716,0.003200,-23.7708,5.4983,-0.3918,13241700,7560600,449637000
2025-12-29 14:41:05,25944.8,25950,2025-12-30,CE,52.0,8.76,0.5289,0.003300,-23.2823,5.4976,0.3914,14617575,13376100,221478225
2025-12-29 14:41:05,25944.8,25950,2025-12-30,PE,45.4,8.91,-0.4715,0.003200,-23.6900,5.4981,-0.3934,13241700,7560600,449828775
2025-12-29 14:41:11,25941.65,25950,2025-12-30,CE,50.3,8.93,0.5174,0.003200,-23.7666,5.5058,0.3836,14617575,13376100,221948325
2025-12-29 14:41:11,25941.65,25950,2025-12-30,PE,47.1,8.74,-0.4822,0.003300,-23.2783,5.5056,-0.4012,13241700,7560600,450496950
2025-12-29 14:41:16,25942.2,25950,2025-12-30,CE,49.7,8.64,0.5183,0.003300,-22.9932,5.5051,0.3847,14617575,13376100,222397950
2025-12-29 14:41:16,25942.2,25950,2025-12-30,PE,47.55,9.03,-0.4824,0.003200,-24.0514,5.5056,-0.3996,13241700,7560600,450835500
2025-12-29 14:41:21,25941.25,25950,2025-12-30,CE,49.85,8.64,0.5156,0.003300,-22.9997,5.5064,0.3823,14617575,13376100,222565650
2025-12-29 14:41:21,25941.25,25950,2025-12-30,PE,47.3,9.02,-0.4850,0.003200,-24.0170,5.5067,-0.4019,13241700,7560600,451072575
2025-12-29 14:41:27,25942.25,25950,2025-12-30,CE,50.35,8.68,0.5142,0.003300,-23.1250,5.5069,0.3848,14617575,13376100,222717150
2025-12-29 14:41:27,25942.25,25950,2025-12-30,PE,47.0,8.94,-0.4861,0.003200,-23.8166,5.5070,-0.3995,13241700,7560600,451302300
2025-12-29 14:41:32,25942.6,25950,2025-12-30,CE,50.5,8.56,0.5222,0.003400,-22.7818,5.5022,0.3856,14617575,13376100,222810825
2025-12-29 14:41:32,25942.6,25950,2025-12-30,PE,46.7,9.09,-0.4790,0.003200,-24.2071,5.5031,-0.3986,13241700,7560600,451508850
2025-12-29 14:41:38,25941.65,25950,2025-12-30,CE,49.85,8.77,0.5151,0.003300,-23.3685,5.5062,0.3833,14617575,13376100,222924600
2025-12-29 14:41:38,25941.65,25950,2025-12-30,PE,47.6,8.85,-0.4850,0.003300,-23.5720,5.5062,-0.4010,13241700,7560600,451701450
2025-12-29 14:41:43,25941.95,25950,2025-12-30,CE,49.0,8.91,0.5061,0.003200,-23.7467,5.5087,0.3842,14617575,13376100,223065525
2025-12-29 14:41:43,25941.95,25950,2025-12-30,PE,48.3,8.79,-0.4938,0.003300,-23.4213,5.5087,-0.4003,13241700,7560600,451975275
2025-12-29 14:41:48,25941.8,25950,2025-12-30,CE,48.3,8.77,0.5052,0.003300,-23.3819,5.5087,0.3837,14632500,13391025,223316025
2025-12-29 14:41:48,25941.8,25950,2025-12-30,PE,48.85,8.88,-0.4948,0.003300,-23.6666,5.5087,-0.4006,13061175,7380075,452402175
2025-12-29 14:41:54,25940.0,25950,2025-12-30,CE,48.3,8.83,0.4983,0.003300,-23.5450,5.5085,0.3792,14632500,13391025,223460175
2025-12-29 14:41:54,25940.0,25950,2025-12-30,PE,48.8,8.79,-0.5017,0.003300,-23.4231,5.5085,-0.4051,13061175,7380075,452738250
2025-12-29 14:41:59,25938.75,25950,2025-12-30,CE,47.9,8.74,0.5019,0.003300,-23.3027,5.5086,0.3760,14632500,13391025,223722075
2025-12-29 14:41:59,25938.75,25950,2025-12-30,PE,49.35,8.88,-0.4981,0.003300,-23.6687,5.5086,-0.4081,13061175,7380075,453050100
2025-12-29 14:42:05,25938.05,25950,2025-12-30,CE,47.75,8.68,0.5013,0.003300,-23.1406,5.5085,0.3741,14632500,13391025,224018400
2025-12-29 14:42:05,25938.05,25950,2025-12-30,PE,49.35,8.97,-0.4987,0.003200,-23.9133,5.5084,-0.4096,13061175,7380075,453361275
2025-12-29 14:42:11,25938.75,25950,2025-12-30,CE,47.75,8.93,0.4948,0.003200,-23.7889,5.5073,0.3762,14632500,13391025,224306400
2025-12-29 14:42:11,25938.75,25950,2025-12-30,PE,49.1,8.70,-0.5054,0.003300,-23.1788,5.5072,-0.4083,13061175,7380075,453937275
2025-12-29 14:42:16,25937.75,25950,2025-12-30,CE,47.85,8.96,0.4906,0.003200,-23.8651,5.5058,0.3738,14632500,13391025,224392500
2025-12-29 14:42:16,25937.75,25950,2025-12-30,PE,49.1,8.62,-0.5098,0.003400,-22.9701,5.5056,-0.4110,13061175,7380075,454120200
2025-12-29 14:42:21,25937.95,25950,2025-12-30,CE,47.8,8.79,0.4970,0.003300,-23.4262,5.5074,0.3739,14632500,13391025,224508975
2025-12-29 14:42:21,25937.95,25950,2025-12-30,PE,49.0,8.80,-0.5030,0.003300,-23.4669,5.5074,-0.4101,13061175,7380075,454280175
2025-12-29 14:42:27,25938.1,25950,2025-12-30,CE,47.6,8.68,0.5009,0.003300,-23.1438,5.5077,0.3741,14632500,13391025,224660475
2025-12-29 14:42:27,25938.1,25950,2025-12-30,PE,49.25,8.90,-0.4991,0.003200,-23.7133,5.5077,-0.4095,13061175,7380075,454434075
2025-12-29 14:42:32,25936.75,25950,2025-12-30,CE,46.65,8.79,0.4953,0.003300,-23.4261,5.5068,0.3709,14632500,13391025,224823300
2025-12-29 14:42:32,25936.75,25950,2025-12-30,PE,50.4,8.79,-0.5047,0.003300,-23.4261,5.5068,-0.4131,13061175,7380075,454877625
2025-12-29 14:42:37,25934.15,25950,2025-12-30,CE,45.65,8.64,0.4966,0.003300,-23.0211,5.5069,0.3640,14632500,13391025,225166275
2025-12-29 14:42:37,25934.15,25950,2025-12-30,PE,51.55,8.96,-0.5032,0.003200,-23.8754,5.5069,-0.4190,13061175,7380075,455513700
2025-12-29 14:42:43,25935.55,25950,2025-12-30,CE,45.25,8.64,0.4879,0.003300,-23.0097,5.5038,0.3675,14632500,13391025,225388125
2025-12-29 14:42:43,25935.55,25950,2025-12-30,PE,52.05,9.05,-0.5115,0.003200,-24.1085,5.5041,-0.4154,13061175,7380075,455869725
2025-12-29 14:42:48,25937.15,25950,2025-12-30,CE,46.15,8.61,0.4868,0.003400,-22.9268,5.5032,0.3715,14632500,13391025,225692625
2025-12-29 14:42:48,25937.15,25950,2025-12-30,PE,51.2,9.06,-0.5124,0.003200,-24.1478,5.5035,-0.4115,13061175,7380075,456228375
2025-12-29 14:42:54,25936.1,25950,2025-12-30,CE,46.65,8.74,0.4861,0.003300,-23.2915,5.5026,0.3691,14632500,13391025,225835575
2025-12-29 14:42:54,25936.1,25950,2025-12-30,PE,50.8,8.91,-0.5136,0.003200,-23.7393,5.5027,-0.4143,13061175,7380075,456493050
2025-12-29 14:42:59,25935.95,25950,2025-12-30,CE,46.85,8.61,0.4959,0.003400,-22.9418,5.5061,0.3684,14632500,13391025,226028025
2025-12-29 14:42:59,25935.95,25950,2025-12-30,PE,50.65,9.06,-0.5038,0.003200,-24.1623,5.5062,-0.4143,13061175,7380075,456671325
2025-12-29 14:43:05,25936.05,25950,2025-12-30,CE,47.9,8.76,0.4927,0.003300,-23.3456,5.5051,0.3690,14632500,13391025,226233000
2025-12-29 14:43:05,25936.05,25950,2025-12-30,PE,49.3,8.96,-0.5071,0.003200,-23.8746,5.5052,-0.4143,13061175,7380075,457024875
2025-12-29 14:43:10,25937.1,25950,2025-12-30,CE,48.1,8.80,0.4963,0.003300,-23.4723,5.5059,0.3717,14632500,13391025,226368450
2025-12-29 14:43:10,25937.1,25950,2025-12-30,PE,49.45,8.85,-0.5036,0.003300,-23.5944,5.5059,-0.4119,13061175,7380075,457339650
2025-12-29 14:43:15,25936.5,25950,2025-12-30,CE,47.9,8.74,0.5019,0.003300,-23.3125,5.5063,0.3700,14632500,13391025,226498875
2025-12-29 14:43:15,25936.5,25950,2025-12-30,PE,49.85,8.90,-0.4981,0.003200,-23.7193,5.5063,-0.4133,13061175,7380075,457494000
2025-12-29 14:43:21,25937.2,25950,2025-12-30,CE,47.65,8.88,0.4944,0.003300,-23.6758,5.5050,0.3720,14632500,13391025,226845900
2025-12-29 14:43:21,25937.2,25950,2025-12-30,PE,50.5,8.93,-0.5055,0.003200,-23.7979,5.5050,-0.4115,13061175,7380075,458354550
2025-12-29 14:43:26,25935.4,25950,2025-12-30,CE,47.15,9.00,0.4916,0.003200,-23.9982,5.5040,0.3679,14632500,13391025,226967400
2025-12-29 14:43:26,25935.4,25950,2025-12-30,PE,51.35,8.82,-0.5086,0.003300,-23.5098,5.5039,-0.4161,13061175,7380075,458658900
2025-12-29 14:43:32,25937.4,25950,2025-12-30,CE,46.8,8.77,0.4920,0.003300,-23.3894,5.5040,0.3722,14632500,13391025,227093625
2025-12-29 14:43:32,25937.4,25950,2025-12-30,PE,51.85,9.05,-0.5077,0.003200,-24.1219,5.5041,-0.4107,13061175,7380075,458976300
2025-12-29 14:43:37,25935.3,25950,2025-12-30,CE,47.2,8.42,0.5078,0.003400,-22.4587,5.5049,0.3660,14632500,13391025,227192625
2025-12-29 14:43:37,25935.3,25950,2025-12-30,PE,51.1,9.43,-0.4929,0.003100,-25.1447,5.5051,-0.4149,13061175,7380075,459158850
2025-12-29 14:43:42,25935.9,25950,2025-12-30,CE,47.1,8.88,0.4895,0.003300,-23.6713,5.5027,0.3687,14632500,13391025,227258700
2025-12-29 14:43:42,25935.9,25950,2025-12-30,PE,51.3,8.96,-0.5103,0.003200,-23.8748,5.5028,-0.4145,13061175,7380075,459288300
2025-12-29 14:43:48,25937.45,25950,2025-12-30,CE,46.75,8.65,0.4976,0.003300,-23.0716,5.5049,0.3721,14632500,13391025,227340225
2025-12-29 14:43:48,25937.45,25950,2025-12-30,PE,51.5,9.23,-0.5022,0.003100,-24.6179,5.5049,-0.4102,13061175,7380075,459477150
2025-12-29 14:43:53,25935.95,25950,2025-12-30,CE,47.05,8.79,0.4901,0.003300,-23.4295,5.5026,0.3686,14632500,13391025,227418300
2025-12-29 14:43:53,25935.95,25950,2025-12-30,PE,51.3,9.12,-0.5095,0.003200,-24.3251,5.5028,-0.4140,13061175,7380075,459643575
2025-12-29 14:43:58,25934.8,25950,2025-12-30,CE,46.9,8.80,0.4921,0.003300,-23.4740,5.5032,0.3657,14632500,13391025,227493450
2025-12-29 14:43:58,25934.8,25950,2025-12-30,PE,51.45,9.06,-0.5077,0.003200,-24.1660,5.5033,-0.4169,13061175,7380075,459779400
2025-12-29 14:44:04,25933.6,25950,2025-12-30,CE,46.55,8.53,0.5009,0.003400,-22.7492,5.5047,0.3619,14632500,13391025,227616450
2025-12-29 14:44:04,25933.6,25950,2025-12-30,PE,51.85,9.31,-0.4990,0.003100,-24.8247,5.5047,-0.4190,13061175,7380075,460093950
2025-12-29 14:44:09,25934.45,25950,2025-12-30,CE,46.35,8.83,0.4846,0.003300,-23.5417,5.4994,0.3649,14632500,13391025,227715450
2025-12-29 14:44:09,25934.45,25950,2025-12-30,PE,52.3,9.02,-0.5151,0.003200,-24.0304,5.4996,-0.4178,13061175,7380075,460298100
2025-12-29 14:44:15,25935.15,25950,2025-12-30,CE,46.95,8.73,0.4900,0.003300,-23.2693,5.5020,0.3664,14632500,13391025,227786100
2025-12-29 14:44:15,25935.15,25950,2025-12-30,PE,51.6,9.16,-0.5095,0.003200,-24.4092,5.5022,-0.4157,13061175,7380075,460629075
2025-12-29 14:44:20,25936.45,25950,2025-12-30,CE,46.95,8.80,0.4911,0.003300,-23.4752,5.5023,0.3697,14632500,13391025,227843775
2025-12-29 14:44:20,25936.45,25950,2025-12-30,PE,51.75,9.09,-0.5086,0.003200,-24.2487,5.5024,-0.4127,13061175,7380075,460748025
2025-12-29 14:44:25,25935.4,25950,2025-12-30,CE,47.5,8.80,0.4911,0.003300,-23.4758,5.5021,0.3671,14632500,13391025,227918550
2025-12-29 14:44:25,25935.4,25950,2025-12-30,PE,51.0,9.14,-0.5085,0.003200,-24.3715,5.5022,-0.4151,13061175,7380075,460915950
2025-12-29 14:44:31,25936.3,25950,2025-12-30,CE,47.65,8.54,0.5040,0.003400,-22.7934,5.5037,0.3687,14632500,13391025,228069825
2025-12-29 14:44:31,25936.3,25950,2025-12-30,PE,51.0,9.43,-0.4962,0.003100,-25.1543,5.5038,-0.4123,13061175,7380075,461318925
2025-12-29 14:44:36,25935.8,25950,2025-12-30,CE,48.35,8.70,0.4996,0.003300,-23.2011,5.5036,0.3678,14632500,13391025,228170700
2025-12-29 14:44:36,25935.8,25950,2025-12-30,PE,50.2,9.19,-0.5003,0.003100,-24.5036,5.5036,-0.4140,13061175,7380075,461479575
2025-12-29 14:44:41,25936.55,25950,2025-12-30,CE,48.25,8.80,0.4976,0.003300,-23.4857,5.5032,0.3699,14632500,13391025,228257775
2025-12-29 14:44:41,25936.55,25950,2025-12-30,PE,50.25,9.16,-0.5022,0.003200,-24.4220,5.5032,-0.4122,13061175,7380075,461622075
2025-12-29 14:44:47,25937.75,25950,2025-12-30,CE,48.25,8.68,0.5039,0.003300,-23.1617,5.5033,0.3726,14625600,13384125,228333375
2025-12-29 14:44:47,25937.75,25950,2025-12-30,PE,50.5,9.25,-0.4962,0.003100,-24.6679,5.5033,-0.4092,11889300,6208200,461733225
2025-12-29 14:44:52,25936.35,25950,2025-12-30,CE,48.4,8.96,0.4948,0.003200,-23.8917,5.5023,0.3697,14625600,13384125,228435675
2025-12-29 14:44:52,25936.35,25950,2025-12-30,PE,50.4,8.96,-0.5052,0.003200,-23.8917,5.5023,-0.4131,11889300,6208200,461820300
2025-12-29 14:44:57,25936.35,25950,2025-12-30,CE,48.15,8.68,0.5039,0.003300,-23.1630,5.5030,0.3691,14625600,13384125,228529275
2025-12-29 14:44:57,25936.35,25950,2025-12-30,PE,50.85,9.26,-0.4962,0.003100,-24.7100,5.5030,-0.4124,11889300,6208200,461901750
2025-12-29 14:45:03,25937.0,25950,2025-12-30,CE,48.5,8.67,0.5039,0.003300,-23.1230,5.5028,0.3707,14625600,13384125,228751725
2025-12-29 14:45:03,25937.0,25950,2025-12-30,PE,50.75,9.28,-0.4962,0.003100,-24.7514,5.5028,-0.4108,11889300,6208200,462072075
2025-12-29 14:45:08,25937.1,25950,2025-12-30,CE,48.2,8.68,0.5046,0.003300,-23.1641,5.5026,0.3709,14625600,13384125,228969450
2025-12-29 14:45:08,25937.1,25950,2025-12-30,PE,51.3,9.35,-0.4956,0.003100,-24.9555,5.5026,-0.4105,11889300,6208200,462388800
2025-12-29 14:45:14,25936.55,25950,2025-12-30,CE,48.45,8.85,0.5013,0.003300,-23.6131,5.5026,0.3699,14625600,13384125,229052475
2025-12-29 14:45:14,25936.55,25950,2025-12-30,PE,51.25,9.19,-0.4987,0.003100,-24.5088,5.5026,-0.4120,11889300,6208200,462501000
2025-12-29 14:45:19,25935.75,25950,2025-12-30,CE,47.95,8.65,0.5063,0.003300,-23.0831,5.5021,0.3674,14625600,13384125,229161750
2025-12-29 14:45:19,25935.75,25950,2025-12-30,PE,51.9,9.49,-0.4941,0.003000,-25.3226,5.5022,-0.4133,11889300,6208200,462618525
2025-12-29 14:45:25,25936.55,25950,2025-12-30,CE,48.1,8.94,0.4935,0.003200,-23.8535,5.5011,0.3700,14625600,13384125,229260975
2025-12-29 14:45:25,25936.55,25950,2025-12-30,PE,51.45,9.20,-0.5063,0.003100,-24.5457,5.5011,-0.4120,11889300,6208200,462751725
2025-12-29 14:45:30,25936.95,25950,2025-12-30,CE,48.3,8.76,0.4993,0.003300,-23.3703,5.5020,0.3706,14625600,13384125,229298625
2025-12-29 14:45:30,25936.95,25950,2025-12-30,PE,51.3,9.37,-0.5006,0.003100,-24.9990,5.5020,-0.4107,11889300,6208200,462851250
2025-12-29 14:45:35,25937.05,25950,2025-12-30,CE,48.5,8.77,0.5009,0.003300,-23.4121,5.5019,0.3709,14625600,13384125,229390425
2025-12-29 14:45:35,25937.05,25950,2025-12-30,PE,50.75,9.31,-0.4990,0.003100,-24.8372,5.5019,-0.4105,11889300,6208200,462975075
